1|1|Смирнова Ксения Андреевна|5226 396254|+79880446522|smirnova284@mail.ru|217|2022-07-07|отказ|контракт
2|1|Новиков Никита Алексеевич|9748 519566|+79733965139|novikov501@mail.ru|186|2022-07-14|зачислен|бюджет
3|1|Иванов Роман Ильич|1421 456543|+79777010638|ivanov569@mail.ru|178|2022-07-14|зачислен|контракт
4|1|Новикова Юлия Максимовна|1079 897531|+79247831469|novikova519@mail.ru|197|2022-07-22|отказ|контракт
5|1|Алексеев Артём Дмитриевич|7391 263373|+79617463774|alekseev659@mail.ru|213|2022-06-23|зачислен|бюджет
6|1|Никитина Ольга Андреевна|3123 499473|+79035676537|nikitina162@mail.ru|220|2022-07-16|зачислен|бюджет
7|1|Макарова Юлия Ивановна|9447 332399|+79722908224|makarova303@mail.ru|247|2022-07-06|отозвано|бюджет
8|1|Петров Михаил Иванович|3842 575837|+79139196946|petrov404@mail.ru|198|2022-06-10|отказ|бюджет
9|1|Кузнецов Александр Александрович|2599 480301|+79448312485|kuznecov191@mail.ru|198|2022-06-03|зачислен|бюджет
10|1|Волкова Мария Александровна|6915 481271|+79206140703|volkova579@mail.ru|201|2022-06-14|зачислен|бюджет
11|1|Попов Арсений Андреевич|8513 736896|+79055742876|popov847@mail.ru|224|2022-07-06|отказ|бюджет
12|1|Никитин Максим Михайлович|1214 650782|+79190701458|nikitin635@mail.ru|276|2022-07-17|зачислен|бюджет
13|1|Андреев Алексей Михайлович|3087 720462|+79220958728|andreev998@mail.ru|161|2022-07-07|отказ|бюджет
14|1|Козлов Артём Романович|8744 722777|+79711198771|kozlov782@mail.ru|182|2022-06-07|зачислен|бюджет
15|1|Иванова Ксения Ивановна|4720 654636|+79188719035|ivanova667@mail.ru|232|2022-07-07|отказ|бюджет
16|1|Морозов Роман Романович|8108 220585|+79782316426|morozov618@mail.ru|249|2022-07-17|отказ|бюджет
17|1|Козлов Алексей Ильич|1440 534816|+79667026373|kozlov733@mail.ru|236|2022-06-06|отказ|бюджет
18|1|Семёнов Михаил Михайлович|3008 321011|+79299305596|semenov578@mail.ru|275|2022-06-18|отказ|бюджет
19|1|Павлов Егор Артёмович|5635 530998|+79755331779|pavlov777@mail.ru|186|2022-06-11|отказ|контракт
20|1|Иванов Иван Ильич|4632 423384|+79915051695|ivanov546@mail.ru|205|2022-07-02|отказ|бюджет
21|1|Кузнецов Андрей Романович|6001 480932|+79981182132|kuznecov541@mail.ru|159|2022-07-13|зачислен|бюджет
22|1|Смирнов Никита Дмитриевич|6469 168945|+79171084428|smirnov861@mail.ru|234|2022-07-10|подано|бюджет
23|1|Степанов Алексей Романович|2639 677754|+79156973830|stepanov296@mail.ru|229|2022-06-17|подано|бюджет
24|1|Орлов Матвей Артёмович|2074 231774|+79971483511|orlov127@mail.ru|247|2022-06-07|зачислен|бюджет
25|1|Семёнова Ольга Михайловна|9928 999581|+79536980687|semenova344@mail.ru|221|2022-06-08|отказ|контракт
26|1|Николаев Алексей Александрович|1934 139678|+79153094313|nikolaev485@mail.ru|189|2022-06-22|отказ|бюджет
27|1|Морозов Сергей Иванович|6391 126024|+79544035741|morozov535@mail.ru|212|2022-06-09|отказ|контракт
28|1|Морозов Алексей Александрович|6714 643803|+79060620427|morozov684@mail.ru|141|2022-06-02|зачислен|контракт
29|1|Лебедева Юлия Дмитриевна|1979 283608|+79563561024|lebedeva865@mail.ru|231|2022-07-06|зачислен|контракт
30|1|Орлов Илья Дмитриевич|5072 862739|+79191339255|orlov209@mail.ru|226|2022-06-25|отказ|бюджет
31|1|Лебедев Александр Максимович|4473 159922|+79088702558|lebedev722@mail.ru|190|2022-06-01|отказ|контракт
32|1|Попова Елизавета Александровна|7874 225088|+79167518827|popova410@mail.ru|207|2022-06-01|зачислен|контракт
33|1|Макарова Екатерина Михайловна|6573 941736|+79371389863|makarova971@mail.ru|238|2022-07-22|подано|бюджет
34|1|Новиков Дмитрий Андреевич|7300 143617|+79753323870|novikov374@mail.ru|161|2022-07-06|зачислен|контракт
35|1|Морозов Дмитрий Алексеевич|7916 617670|+79849008279|morozov938@mail.ru|176|2022-06-17|отказ|бюджет
36|1|Михайлов Никита Дмитриевич|3712 622563|+79485106292|mihaylov135@mail.ru|179|2022-07-05|отказ|бюджет
37|1|Фёдоров Илья Кириллович|4497 162284|+79342149655|fedorov747@mail.ru|197|2022-07-21|отказ|бюджет
38|1|Петров Александр Михайлович|9298 361214|+79331887256|petrov491@mail.ru|167|2022-06-24|зачислен|бюджет
39|1|Орлов Дмитрий Дмитриевич|9713 342021|+79647619165|orlov394@mail.ru|221|2022-06-06|зачислен|бюджет
40|1|Волкова Юлия Алексеевна|6079 200600|+79431172591|volkova577@mail.ru|229|2022-07-15|отказ|контракт
41|1|Фёдорова Алиса Артёмовна|2391 741533|+79385991541|fedorova583@mail.ru|227|2022-07-08|отказ|контракт
42|1|Орлов Денис Александрович|5333 851075|+79810897219|orlov441@mail.ru|238|2022-06-22|зачислен|контракт
43|1|Васильева Екатерина Романовна|5542 976484|+79360858882|vasileva256@mail.ru|150|2022-06-08|подано|контракт
44|1|Смирнов Илья Ильич|9805 406243|+79718125047|smirnov902@mail.ru|200|2022-06-15|подано|бюджет
45|1|Смирнова Наталья Кирилловна|2058 785318|+79558610226|smirnova880@mail.ru|246|2022-06-11|зачислен|бюджет
46|1|Фёдорова София Сергеевна|1375 876780|+79789404372|fedorova295@mail.ru|172|2022-07-03|отозвано|контракт
47|1|Семёнова Виктория Кирилловна|2986 706004|+79194866947|semenova324@mail.ru|220|2022-06-04|подано|бюджет
48|1|Михайлова Екатерина Ильинична|4982 471714|+79919680277|mihaylova963@mail.ru|228|2022-06-25|отказ|бюджет
49|1|Иванов Максим Сергеевич|7578 797130|+79983485855|ivanov554@mail.ru|163|2022-07-16|отказ|бюджет
50|1|Егорова Ольга Алексеевна|5019 266553|+79194041283|egorova154@mail.ru|197|2022-07-21|подано|бюджет
51|1|Николаева Юлия Сергеевна|6948 304468|+79605464665|nikolaeva508@mail.ru|234|2022-07-13|подано|контракт
52|1|Михайлов Михаил Кириллович|2999 409911|+79605973950|mihaylov713@mail.ru|217|2022-06-06|зачислен|бюджет
53|1|Семёнова Наталья Александровна|4202 799192|+79604740018|semenova529@mail.ru|214|2022-06-14|зачислен|бюджет
54|1|Волков Илья Сергеевич|9754 291590|+79560768592|volkov967@mail.ru|183|2022-06-03|подано|контракт
55|1|Петрова Анастасия Кирилловна|5954 762765|+79910112707|petrova774@mail.ru|165|2022-07-09|отказ|контракт
56|1|Андреева Татьяна Романовна|7909 977980|+79974246024|andreeva942@mail.ru|235|2022-07-06|подано|контракт
57|1|Васильева Дарья Артёмовна|6147 472742|+79642826516|vasileva339@mail.ru|224|2022-06-02|зачислен|бюджет
58|1|Морозова Полина Артёмовна|9448 769859|+79100082728|morozova686@mail.ru|217|2022-07-04|отозвано|бюджет
59|2|Андреев Александр Романович|6221 949461|+79050056225|andreev812@mail.ru|166|2022-06-09|отозвано|контракт
60|2|Иванов Матвей Михайлович|8513 802271|+79023369518|ivanov840@mail.ru|197|2022-07-20|отказ|бюджет
61|2|Павлова Елизавета Артёмовна|2047 459336|+79885401463|pavlova622@mail.ru|180|2022-06-21|отказ|контракт
62|2|Морозов Роман Иванович|1934 162069|+79165978542|morozov174@mail.ru|195|2022-06-01|отказ|контракт
63|2|Новикова Виктория Александровна|5808 757549|+79545717194|novikova957@mail.ru|206|2022-07-24|отозвано|контракт
64|2|Кузнецов Михаил Ильич|4226 194408|+79376541106|kuznecov580@mail.ru|220|2022-06-05|зачислен|бюджет
65|2|Соколова София Андреевна|5730 205775|+79875817844|sokolova946@mail.ru|221|2022-07-05|отказ|бюджет
66|2|Кузнецов Михаил Дмитриевич|9109 188213|+79831120549|kuznecov933@mail.ru|212|2022-07-09|отказ|контракт
67|2|Фёдоров Дмитрий Максимович|5081 638852|+79087737039|fedorov207@mail.ru|145|2022-07-05|отказ|бюджет
68|2|Попов Иван Иванович|9954 805317|+79146731102|popov190@mail.ru|225|2022-07-03|отказ|контракт
69|2|Михайлова Юлия Романовна|8445 545279|+79543655888|mihaylova975@mail.ru|147|2022-06-07|отказ|контракт
70|2|Павлов Кирилл Дмитриевич|6361 101220|+79234147681|pavlov936@mail.ru|184|2022-06-05|зачислен|контракт
71|2|Фёдорова Дарья Ивановна|7382 409398|+79319366336|fedorova318@mail.ru|272|2022-06-16|зачислен|контракт
72|2|Андреев Арсений Романович|8246 405945|+79613027787|andreev771@mail.ru|232|2022-06-07|подано|бюджет
73|2|Михайлов Роман Андреевич|9053 883071|+79763388412|mihaylov669@mail.ru|212|2022-06-09|зачислен|бюджет
74|2|Новиков Иван Романович|2556 329931|+79252690944|novikov933@mail.ru|205|2022-06-02|подано|контракт
75|2|Волкова Полина Артёмовна|9268 622737|+79719240147|volkova244@mail.ru|186|2022-06-14|зачислен|бюджет
76|2|Соколов Роман Дмитриевич|4635 166168|+79159046729|sokolov303@mail.ru|170|2022-07-06|подано|контракт
77|2|Попов Денис Сергеевич|9372 540076|+79259466572|popov883@mail.ru|208|2022-06-23|зачислен|бюджет
78|2|Андреев Максим Кириллович|3285 131727|+79191936517|andreev236@mail.ru|235|2022-07-15|подано|бюджет
79|2|Орлова Анастасия Михайловна|7161 265779|+79203998618|orlova876@mail.ru|207|2022-07-19|отказ|бюджет
80|2|Соколов Михаил Михайлович|4772 813578|+79035147401|sokolov950@mail.ru|203|2022-07-17|подано|бюджет
81|2|Павлова Татьяна Михайловна|7475 479563|+79716365434|pavlova728@mail.ru|140|2022-06-21|отказ|контракт
82|2|Семёнова Татьяна Ивановна|5789 828917|+79114066601|semenova912@mail.ru|172|2022-07-16|отказ|бюджет
83|2|Новикова Дарья Ивановна|2495 842170|+79062048844|novikova116@mail.ru|196|2022-06-24|отозвано|бюджет
84|2|Попов Алексей Алексеевич|7117 754916|+79926476258|popov667@mail.ru|184|2022-07-18|отказ|бюджет
85|2|Павлова Виктория Кирилловна|6309 970566|+79356147005|pavlova662@mail.ru|213|2022-06-14|отказ|контракт
86|2|Семёнов Никита Алексеевич|2438 947559|+79162402291|semenov774@mail.ru|226|2022-07-17|отозвано|контракт
87|2|Фёдорова Анна Ильинична|2936 828021|+79981860894|fedorova676@mail.ru|225|2022-06-11|отказ|бюджет
88|2|Андреева Анна Кирилловна|6012 136269|+79640841730|andreeva245@mail.ru|198|2022-07-25|отказ|бюджет
89|2|Андреева София Артёмовна|7112 536287|+79289197820|andreeva815@mail.ru|201|2022-06-16|отказ|контракт
90|2|Петров Арсений Алексеевич|3540 327288|+79041396121|petrov986@mail.ru|144|2022-07-21|отказ|контракт
91|2|Иванов Сергей Дмитриевич|1678 691564|+79591523506|ivanov662@mail.ru|180|2022-06-21|подано|бюджет
92|2|Орлов Иван Иванович|3700 164364|+79442734205|orlov607@mail.ru|195|2022-07-21|подано|бюджет
93|2|Смирнова Наталья Ильинична|6941 447694|+79652456137|smirnova792@mail.ru|194|2022-06-09|отказ|бюджет
94|2|Иванов Кирилл Иванович|3083 809313|+79575362150|ivanov539@mail.ru|176|2022-06-17|отозвано|контракт
95|2|Павлова Виктория Ивановна|1863 279494|+79012307322|pavlova742@mail.ru|210|2022-07-01|отказ|контракт
96|2|Морозова Виктория Максимовна|5279 829054|+79903598686|morozova859@mail.ru|151|2022-06-19|зачислен|бюджет
97|2|Волкова Наталья Андреевна|1185 959374|+79201595894|volkova907@mail.ru|165|2022-07-07|подано|бюджет
98|2|Смирнов Иван Сергеевич|2748 260075|+79159231915|smirnov191@mail.ru|185|2022-06-09|подано|контракт
99|2|Михайлова Марина Сергеевна|5909 755113|+79167724238|mihaylova617@mail.ru|228|2022-06-17|зачислен|контракт
100|2|Андреев Максим Максимович|8111 755343|+79536186813|andreev444@mail.ru|141|2022-07-02|отказ|контракт
101|2|Егоров Матвей Михайлович|6474 305037|+79501988842|egorov689@mail.ru|183|2022-06-04|зачислен|бюджет
102|2|Козлов Арсений Сергеевич|8392 699563|+79113808879|kozlov183@mail.ru|213|2022-07-08|отказ|бюджет
103|2|Алексеев Сергей Романович|6894 528459|+79396429976|alekseev325@mail.ru|189|2022-07-07|зачислен|бюджет
104|2|Волков Артём Ильич|6393 188465|+79997736381|volkov873@mail.ru|169|2022-06-01|подано|бюджет
105|2|Павлов Денис Андреевич|3214 731277|+79970549533|pavlov297@mail.ru|159|2022-06-19|отказ|бюджет
106|2|Михайлов Максим Андреевич|9143 701827|+79081390521|mihaylov556@mail.ru|216|2022-07-01|подано|бюджет
107|2|Петров Иван Алексеевич|9633 198054|+79978916759|petrov928@mail.ru|208|2022-06-20|отказ|бюджет
108|2|Козлова Ксения Александровна|1097 466360|+79758414782|kozlova729@mail.ru|154|2022-06-11|подано|бюджет
109|2|Николаев Максим Михайлович|9060 406376|+79434366201|nikolaev969@mail.ru|209|2022-06-02|подано|контракт
110|2|Андреева Екатерина Сергеевна|6622 719493|+79808965502|andreeva342@mail.ru|216|2022-06-07|отказ|бюджет
111|2|Андреев Михаил Максимович|9764 977125|+79392294510|andreev200@mail.ru|176|2022-06-06|зачислен|бюджет
112|2|Петрова Виктория Дмитриевна|5793 837277|+79749687086|petrova960@mail.ru|172|2022-06-09|отказ|контракт
113|2|Иванова Виктория Александровна|9325 273668|+79968875255|ivanova789@mail.ru|255|2022-07-11|зачислен|контракт
114|2|Фёдорова Татьяна Ильинична|4295 619314|+79726868988|fedorova630@mail.ru|175|2022-06-23|подано|бюджет
115|2|Петрова Марина Дмитриевна|5052 665993|+79560742523|petrova420@mail.ru|191|2022-06-02|подано|контракт
116|2|Орлова Екатерина Романовна|9911 388002|+79286576181|orlova546@mail.ru|192|2022-06-20|отказ|бюджет
117|2|Никитина Анастасия Алексеевна|1520 341899|+79846902257|nikitina274@mail.ru|170|2022-07-08|подано|контракт
118|2|Петрова Ксения Андреевна|7825 307565|+79887430144|petrova763@mail.ru|185|2022-06-13|отказ|бюджет
119|2|Семёнова Анастасия Ивановна|6257 754824|+79662535018|semenova454@mail.ru|168|2022-06-14|зачислен|бюджет
120|2|Степанов Артём Алексеевич|8393 345796|+79248908538|stepanov345@mail.ru|194|2022-06-11|зачислен|бюджет
121|2|Макарова Анна Дмитриевна|8950 689330|+79613546171|makarova945@mail.ru|159|2022-07-06|зачислен|бюджет
122|2|Иванов Сергей Кириллович|7192 488251|+79775425989|ivanov672@mail.ru|220|2022-07-04|отозвано|контракт
123|2|Попова София Андреевна|3178 575475|+79408305449|popova787@mail.ru|152|2022-07-01|подано|бюджет
124|2|Иванов Александр Дмитриевич|8444 421682|+79619988748|ivanov373@mail.ru|179|2022-07-03|отказ|контракт
125|2|Морозова Анна Ильинична|7784 302088|+79144084282|morozova939@mail.ru|155|2022-06-09|зачислен|контракт
126|2|Иванова Виктория Романовна|4652 962943|+79284894933|ivanova699@mail.ru|186|2022-06-20|отозвано|бюджет
127|2|Алексеева Мария Михайловна|4404 944357|+79626108406|alekseeva782@mail.ru|173|2022-06-08|отказ|бюджет
128|2|Павлова Виктория Александровна|7666 474078|+79833024183|pavlova631@mail.ru|154|2022-07-21|отказ|бюджет
129|2|Соколова Виктория Кирилловна|9221 202665|+79395144816|sokolova221@mail.ru|217|2022-06-20|зачислен|контракт
130|2|Никитина Ксения Кирилловна|6264 861970|+79690228805|nikitina981@mail.ru|235|2022-07-03|зачислен|контракт
131|2|Новикова Елизавета Михайловна|5474 409129|+79919618351|novikova324@mail.ru|197|2022-07-02|отозвано|бюджет
132|2|Соколова Алиса Дмитриевна|4540 753988|+79154866071|sokolova857@mail.ru|171|2022-07-25|подано|бюджет
133|2|Иванова Ольга Андреевна|1175 430258|+79965865369|ivanova640@mail.ru|184|2022-06-05|зачислен|бюджет
134|2|Попов Илья Сергеевич|2229 948828|+79380248962|popov390@mail.ru|212|2022-07-03|отказ|бюджет
135|2|Соколова София Романовна|5623 306946|+79840704618|sokolova185@mail.ru|240|2022-06-23|зачислен|бюджет
136|2|Лебедев Михаил Сергеевич|5639 232919|+79083600971|lebedev167@mail.ru|220|2022-06-20|подано|бюджет
137|2|Смирнов Михаил Иванович|6512 524309|+79170063285|smirnov631@mail.ru|217|2022-06-17|зачислен|бюджет
138|2|Кузнецов Александр Михайлович|6051 388509|+79356744788|kuznecov291@mail.ru|228|2022-07-24|отказ|бюджет
139|2|Алексеева Мария Сергеевна|7854 219461|+79470576116|alekseeva330@mail.ru|221|2022-07-21|отказ|контракт
140|2|Семёнова Ксения Алексеевна|2329 515808|+79729920589|semenova840@mail.ru|208|2022-07-24|зачислен|контракт
141|2|Никитина Анна Максимовна|2118 120429|+79451025144|nikitina143@mail.ru|192|2022-06-22|подано|контракт
142|2|Степанов Кирилл Романович|4450 983330|+79742223426|stepanov638@mail.ru|210|2022-07-06|зачислен|бюджет
143|2|Морозова Ольга Максимовна|2522 808932|+79948278714|morozova490@mail.ru|188|2022-07-02|отказ|бюджет
144|2|Егорова Анастасия Андреевна|1787 355483|+79572628487|egorova214@mail.ru|240|2022-06-02|отказ|бюджет
145|2|Козлов Роман Артёмович|1462 701307|+79751204238|kozlov973@mail.ru|199|2022-07-03|отказ|бюджет
146|2|Попов Егор Романович|6262 830258|+79054210284|popov710@mail.ru|210|2022-06-01|отказ|бюджет
147|2|Никитина Дарья Михайловна|1401 895135|+79166252178|nikitina195@mail.ru|196|2022-06-01|отказ|контракт
148|2|Кузнецова Ольга Ильинична|2162 411925|+79104016180|kuznecova532@mail.ru|180|2022-06-07|подано|бюджет
149|2|Алексеев Алексей Дмитриевич|1628 827230|+79348860454|alekseev222@mail.ru|161|2022-06-07|зачислен|бюджет
150|2|Павлова Мария Кирилловна|6866 839386|+79242842755|pavlova319@mail.ru|182|2022-07-11|отказ|контракт
151|2|Волков Дмитрий Андреевич|4595 853451|+79517789837|volkov343@mail.ru|206|2022-06-03|подано|бюджет
152|2|Николаева Мария Ильинична|7748 730161|+79494737186|nikolaeva720@mail.ru|219|2022-07-05|зачислен|бюджет
153|2|Алексеева Елизавета Артёмовна|4017 364184|+79992090609|alekseeva808@mail.ru|194|2022-07-23|отказ|бюджет
154|2|Волков Матвей Сергеевич|8468 636174|+79078136878|volkov931@mail.ru|189|2022-06-11|подано|бюджет
155|2|Николаева Марина Андреевна|2381 953716|+79494608345|nikolaeva290@mail.ru|162|2022-07-24|зачислен|бюджет
156|2|Смирнов Михаил Ильич|4112 899250|+79360536431|smirnov645@mail.ru|215|2022-06-06|подано|контракт
157|2|Егорова Дарья Кирилловна|7902 737600|+79488928220|egorova657@mail.ru|248|2022-06-07|зачислен|контракт
158|2|Фёдорова Татьяна Андреевна|8042 609320|+79292560360|fedorova909@mail.ru|200|2022-07-22|зачислен|бюджет
159|2|Соколов Максим Кириллович|7104 880399|+79542017856|sokolov710@mail.ru|221|2022-07-14|отказ|контракт
160|2|Павлова Наталья Кирилловна|9617 216044|+79246209039|pavlova246@mail.ru|219|2022-07-23|зачислен|контракт
161|2|Макарова Анастасия Кирилловна|1166 578480|+79273508374|makarova710@mail.ru|169|2022-07-09|зачислен|бюджет
162|2|Алексеева Юлия Сергеевна|8799 771268|+79387474346|alekseeva612@mail.ru|203|2022-06-25|отозвано|контракт
163|2|Васильев Роман Ильич|1926 873884|+79238212807|vasilev839@mail.ru|203|2022-06-03|зачислен|бюджет
164|2|Соколов Артём Артёмович|2565 477566|+79068747250|sokolov887@mail.ru|190|2022-07-08|отказ|бюджет
165|2|Егоров Роман Андреевич|3368 840943|+79288793342|egorov178@mail.ru|188|2022-06-11|подано|бюджет
166|2|Орлова Елизавета Ильинична|6753 746717|+79221991766|orlova421@mail.ru|236|2022-06-16|отказ|бюджет
167|3|Макаров Михаил Михайлович|1670 542409|+79183309729|makarov987@mail.ru|187|2022-07-18|отозвано|бюджет
168|3|Семёнов Иван Михайлович|5432 144828|+79543929798|semenov174@mail.ru|196|2022-06-09|отказ|бюджет
169|3|Егоров Иван Дмитриевич|1050 379434|+79963203024|egorov840@mail.ru|221|2022-06-05|зачислен|бюджет
170|3|Морозов Никита Артёмович|2450 769368|+79757740123|morozov946@mail.ru|207|2022-06-10|отозвано|контракт
171|3|Егоров Сергей Артёмович|7575 111511|+79602055594|egorov575@mail.ru|221|2022-06-16|отказ|контракт
172|3|Семёнова Мария Ильинична|3415 220533|+79676427994|semenova742@mail.ru|226|2022-07-12|зачислен|бюджет
173|3|Смирнова Дарья Артёмовна|8216 748089|+79092241654|smirnova208@mail.ru|232|2022-06-10|отказ|бюджет
174|3|Новикова Ольга Сергеевна|5613 136431|+79295220664|novikova210@mail.ru|245|2022-07-14|подано|контракт
175|3|Орлов Максим Ильич|3059 212012|+79165515364|orlov916@mail.ru|202|2022-06-16|отказ|контракт
176|3|Павлов Максим Михайлович|6946 835669|+79782656592|pavlov596@mail.ru|188|2022-06-25|зачислен|контракт
177|3|Морозова Дарья Ивановна|1898 454475|+79002396799|morozova955@mail.ru|164|2022-06-20|подано|контракт
178|3|Фёдорова Марина Максимовна|7413 433006|+79615420493|fedorova455@mail.ru|235|2022-07-12|отказ|контракт
179|3|Павлова Виктория Сергеевна|2987 703126|+79863635186|pavlova872@mail.ru|240|2022-06-16|подано|контракт
180|3|Смирнова Полина Кирилловна|9708 372554|+79067418691|smirnova514@mail.ru|162|2022-07-15|зачислен|контракт
181|3|Никитина Анна Дмитриевна|3827 468137|+79508098205|nikitina635@mail.ru|233|2022-07-12|отозвано|бюджет
182|3|Иванова Елизавета Романовна|7222 750281|+79956462345|ivanova233@mail.ru|193|2022-06-03|зачислен|бюджет
183|3|Новикова Ксения Александровна|3265 468465|+79787663913|novikova718@mail.ru|231|2022-06-19|зачислен|контракт
184|3|Егорова Елизавета Дмитриевна|3387 348690|+79472506774|egorova328@mail.ru|220|2022-06-06|отказ|бюджет
185|3|Андреева Юлия Артёмовна|9447 223680|+79257757683|andreeva461@mail.ru|192|2022-06-14|отказ|контракт
186|3|Петров Кирилл Кириллович|7842 351189|+79471201518|petrov577@mail.ru|225|2022-07-15|отказ|контракт
187|3|Попов Дмитрий Сергеевич|5931 783069|+79325658574|popov345@mail.ru|163|2022-07-02|подано|контракт
188|3|Морозов Иван Кириллович|1266 245912|+79343731251|morozov139@mail.ru|197|2022-07-20|зачислен|контракт
189|3|Лебедев Александр Михайлович|2344 237889|+79626930627|lebedev835@mail.ru|189|2022-06-05|зачислен|бюджет
190|3|Соколова Юлия Ивановна|8731 869926|+79278644468|sokolova710@mail.ru|268|2022-07-03|подано|бюджет
191|3|Андреева Татьяна Сергеевна|7869 259395|+79861771660|andreeva878@mail.ru|233|2022-07-13|отказ|контракт
192|3|Иванов Иван Дмитриевич|8311 241530|+79738072783|ivanov736@mail.ru|193|2022-07-20|зачислен|бюджет
193|3|Новиков Кирилл Максимович|4771 404578|+79850985144|novikov902@mail.ru|192|2022-07-09|зачислен|контракт
194|3|Попов Иван Алексеевич|2070 234193|+79563809812|popov687@mail.ru|191|2022-06-01|зачислен|бюджет
195|3|Михайлов Сергей Дмитриевич|8101 260730|+79823724688|mihaylov604@mail.ru|200|2022-07-06|зачислен|контракт
196|3|Орлова Елизавета Александровна|2634 440086|+79598884223|orlova123@mail.ru|214|2022-06-09|отозвано|бюджет
197|3|Смирнов Андрей Кириллович|5440 540474|+79727553186|smirnov196@mail.ru|188|2022-06-01|отказ|контракт
198|3|Фёдорова Виктория Александровна|2874 702353|+79824925580|fedorova750@mail.ru|229|2022-07-14|подано|контракт
199|3|Никитина Виктория Ильинична|8803 894324|+79429181810|nikitina799@mail.ru|239|2022-06-19|отказ|бюджет
200|3|Петров Максим Ильич|8393 849918|+79537406775|petrov643@mail.ru|164|2022-07-02|отозвано|контракт
201|3|Павлова Алиса Артёмовна|9503 451250|+79324056286|pavlova712@mail.ru|207|2022-06-17|зачислен|контракт
202|3|Михайлова Анна Михайловна|8238 488174|+79230006326|mihaylova662@mail.ru|226|2022-07-07|отказ|бюджет
203|3|Алексеева Ксения Сергеевна|8441 450538|+79005043698|alekseeva427@mail.ru|211|2022-07-19|зачислен|бюджет
204|3|Павлова Юлия Романовна|9312 938488|+79382287547|pavlova334@mail.ru|188|2022-07-16|зачислен|контракт
205|3|Петров Дмитрий Сергеевич|7983 207061|+79194830523|petrov971@mail.ru|263|2022-07-17|зачислен|контракт
206|3|Семёнов Максим Дмитриевич|5348 624270|+79806797224|semenov724@mail.ru|219|2022-07-24|зачислен|бюджет
207|3|Макаров Кирилл Алексеевич|4686 526602|+79936375041|makarov438@mail.ru|166|2022-07-07|зачислен|контракт
208|3|Павлова Татьяна Максимовна|8856 563294|+79720917112|pavlova116@mail.ru|217|2022-07-02|зачислен|бюджет
209|3|Васильев Михаил Алексеевич|3330 665682|+79545144269|vasilev803@mail.ru|222|2022-07-17|отказ|бюджет
210|3|Лебедева Марина Михайловна|5137 116905|+79721337767|lebedeva674@mail.ru|230|2022-07-09|зачислен|бюджет
211|3|Семёнова Татьяна Алексеевна|1931 821345|+79952487191|semenova567@mail.ru|234|2022-07-07|подано|бюджет
212|3|Новикова Ксения Сергеевна|7714 235345|+79346293020|novikova107@mail.ru|215|2022-07-10|подано|контракт
213|3|Иванов Роман Иванович|1065 321722|+79002259653|ivanov985@mail.ru|198|2022-07-22|отказ|бюджет
214|3|Андреев Александр Артёмович|6205 389840|+79385413045|andreev155@mail.ru|199|2022-06-20|зачислен|контракт
215|3|Васильев Роман Дмитриевич|2812 102030|+79205008992|vasilev856@mail.ru|226|2022-07-18|отказ|бюджет
216|3|Михайлов Илья Романович|7549 241313|+79628259977|mihaylov121@mail.ru|227|2022-07-22|зачислен|контракт
217|3|Кузнецов Дмитрий Кириллович|9417 904991|+79392929234|kuznecov232@mail.ru|217|2022-07-25|отказ|бюджет
218|3|Васильева Анна Ильинична|8133 740427|+79308796128|vasileva616@mail.ru|219|2022-06-12|зачислен|контракт
219|3|Иванова Татьяна Андреевна|5416 351950|+79471858207|ivanova386@mail.ru|193|2022-07-01|зачислен|контракт
220|3|Попов Александр Кириллович|7267 356390|+79074512060|popov985@mail.ru|181|2022-07-21|отозвано|контракт
221|3|Макарова Ксения Александровна|7817 971890|+79513230871|makarova482@mail.ru|215|2022-07-24|подано|бюджет
222|3|Волкова Екатерина Михайловна|8267 756007|+79917709351|volkova873@mail.ru|191|2022-07-23|отказ|контракт
223|3|Попов Арсений Романович|8626 250059|+79800333892|popov834@mail.ru|193|2022-07-20|отказ|бюджет
224|3|Смирнова Алиса Кирилловна|9265 682401|+79301542957|smirnova766@mail.ru|147|2022-06-17|подано|контракт
225|3|Алексеева Юлия Романовна|4729 193305|+79576042956|alekseeva186@mail.ru|217|2022-07-14|отозвано|бюджет
226|3|Михайлова Ольга Дмитриевна|7889 495814|+79779490176|mihaylova454@mail.ru|176|2022-07-05|зачислен|бюджет
227|3|Лебедева София Кирилловна|9339 630655|+79693809047|lebedeva727@mail.ru|168|2022-07-19|зачислен|бюджет
228|3|Васильева Елизавета Александровна|7207 637148|+79331358205|vasileva898@mail.ru|196|2022-06-24|отказ|бюджет
229|3|Иванова София Максимовна|1218 623990|+79973190574|ivanova295@mail.ru|189|2022-06-05|отказ|бюджет
230|3|Новиков Илья Максимович|6337 125231|+79314665836|novikov785@mail.ru|189|2022-07-23|подано|бюджет
231|4|Андреев Артём Сергеевич|4613 573795|+79085307883|andreev335@mail.ru|177|2022-06-03|отказ|контракт
232|4|Морозов Дмитрий Сергеевич|7508 386710|+79400491450|morozov939@mail.ru|163|2022-06-09|подано|контракт
233|4|Лебедева Алиса Александровна|8388 751820|+79617226805|lebedeva687@mail.ru|179|2022-06-23|подано|бюджет
234|4|Степанова Алиса Максимовна|6866 527928|+79262547531|stepanova336@mail.ru|193|2022-06-14|отозвано|бюджет
235|4|Попов Андрей Ильич|3661 899824|+79132280666|popov780@mail.ru|120|2022-06-07|отказ|контракт
236|4|Павлов Кирилл Максимович|3236 503181|+79437818799|pavlov187@mail.ru|174|2022-06-22|зачислен|бюджет
237|4|Никитина Дарья Романовна|4683 182782|+79891144060|nikitina844@mail.ru|165|2022-07-02|отказ|бюджет
238|4|Лебедев Артём Максимович|7724 371706|+79790369790|lebedev664@mail.ru|170|2022-06-06|зачислен|контракт
239|4|Степанов Дмитрий Сергеевич|2089 528756|+79736178300|stepanov595@mail.ru|125|2022-07-07|отказ|бюджет
240|4|Алексеев Дмитрий Кириллович|3576 901146|+79234964745|alekseev512@mail.ru|200|2022-07-05|отказ|контракт
241|4|Кузнецова Юлия Ильинична|1173 448523|+79864474725|kuznecova848@mail.ru|198|2022-07-20|отозвано|контракт
242|4|Семёнов Дмитрий Михайлович|4286 386099|+79917495776|semenov459@mail.ru|141|2022-06-14|отозвано|контракт
243|4|Козлова Наталья Сергеевна|2233 728211|+79906668241|kozlova164@mail.ru|176|2022-06-18|отказ|бюджет
244|4|Кузнецов Алексей Александрович|3466 209280|+79136362136|kuznecov686@mail.ru|121|2022-07-23|зачислен|бюджет
245|4|Соколова Ольга Дмитриевна|4744 694445|+79536763183|sokolova628@mail.ru|128|2022-07-08|отказ|бюджет
246|4|Степанова Екатерина Алексеевна|6246 990253|+79107876058|stepanova506@mail.ru|224|2022-06-02|зачислен|бюджет
247|4|Васильева София Романовна|2522 891016|+79380981290|vasileva652@mail.ru|166|2022-07-13|зачислен|бюджет
248|4|Никитина Ольга Дмитриевна|1076 400630|+79681673510|nikitina848@mail.ru|198|2022-06-22|отозвано|бюджет
249|4|Андреева София Кирилловна|4456 547136|+79983300482|andreeva674@mail.ru|158|2022-06-06|отказ|контракт
250|4|Кузнецов Иван Андреевич|5601 420899|+79792405883|kuznecov997@mail.ru|152|2022-06-13|подано|бюджет
251|4|Васильев Максим Артёмович|8349 365335|+79465673862|vasilev596@mail.ru|160|2022-06-20|зачислен|контракт
252|4|Соколова Марина Артёмовна|9424 461166|+79305186371|sokolova382@mail.ru|183|2022-07-02|отозвано|бюджет
253|4|Егоров Артём Максимович|3033 768291|+79891653661|egorov230@mail.ru|151|2022-07-08|подано|контракт
254|4|Петров Алексей Дмитриевич|7725 982436|+79638165906|petrov771@mail.ru|204|2022-07-25|зачислен|контракт
255|4|Павлов Матвей Романович|7819 774478|+79139766419|pavlov462@mail.ru|212|2022-07-21|отказ|бюджет
256|4|Морозов Сергей Максимович|4695 222626|+79710143093|morozov581@mail.ru|245|2022-07-02|зачислен|бюджет
257|4|Николаева Мария Максимовна|1373 190158|+79873228504|nikolaeva904@mail.ru|196|2022-07-17|отказ|бюджет
258|4|Алексеева София Кирилловна|4257 418805|+79924065441|alekseeva177@mail.ru|188|2022-07-09|отказ|бюджет
259|4|Алексеева Анастасия Максимовна|4645 880223|+79242526631|alekseeva844@mail.ru|169|2022-07-04|отказ|бюджет
260|4|Смирнова Виктория Ильинична|9262 526690|+79636405528|smirnova230@mail.ru|172|2022-06-20|подано|контракт
261|4|Васильева Виктория Сергеевна|5382 747603|+79457848908|vasileva895@mail.ru|166|2022-07-20|подано|бюджет
262|4|Семёнова Екатерина Андреевна|9533 283084|+79596615245|semenova381@mail.ru|172|2022-06-02|зачислен|контракт
263|4|Андреева Полина Александровна|8477 283044|+79421251012|andreeva269@mail.ru|158|2022-07-04|отказ|бюджет
264|4|Михайлова София Романовна|4579 589711|+79249295157|mihaylova452@mail.ru|227|2022-07-19|отказ|контракт
265|4|Фёдоров Егор Максимович|6235 702896|+79904196418|fedorov900@mail.ru|171|2022-06-17|зачислен|бюджет
266|4|Павлов Андрей Дмитриевич|7182 587517|+79120087151|pavlov671@mail.ru|225|2022-07-07|отказ|бюджет
267|4|Семёнов Роман Алексеевич|9143 823340|+79219030483|semenov483@mail.ru|176|2022-07-15|зачислен|контракт
268|4|Иванов Максим Ильич|7294 507586|+79058052175|ivanov953@mail.ru|149|2022-06-17|подано|контракт
269|4|Семёнова Екатерина Романовна|7767 319695|+79459144606|semenova519@mail.ru|152|2022-07-13|подано|бюджет
270|4|Попова Ольга Сергеевна|3688 927266|+79549546836|popova647@mail.ru|181|2022-07-11|отозвано|бюджет
271|4|Фёдорова Марина Артёмовна|3170 645649|+79829988168|fedorova651@mail.ru|166|2022-06-22|зачислен|контракт
272|4|Егоров Никита Ильич|7541 299598|+79726524867|egorov199@mail.ru|167|2022-07-12|зачислен|контракт
273|4|Михайлова Наталья Кирилловна|5901 908451|+79686749898|mihaylova793@mail.ru|144|2022-07-16|зачислен|бюджет
274|4|Петрова София Андреевна|2355 956131|+79789388993|petrova395@mail.ru|197|2022-06-13|подано|бюджет
275|4|Петров Иван Андреевич|2031 765805|+79215051096|petrov825@mail.ru|189|2022-07-25|отказ|контракт
276|4|Степанова Татьяна Ивановна|3659 128416|+79887293535|stepanova645@mail.ru|162|2022-06-02|зачислен|бюджет
277|4|Иванов Денис Ильич|5305 652536|+79903361669|ivanov957@mail.ru|202|2022-07-06|отказ|бюджет
278|4|Кузнецова София Александровна|8093 487403|+79006776003|kuznecova934@mail.ru|135|2022-06-03|отказ|контракт
279|4|Павлова София Ивановна|8566 501299|+79499528985|pavlova269@mail.ru|120|2022-06-14|подано|контракт
280|4|Егоров Егор Михайлович|8833 903543|+79925135308|egorov310@mail.ru|197|2022-06-10|отказ|бюджет
281|4|Иванов Сергей Андреевич|5415 474799|+79054562397|ivanov495@mail.ru|168|2022-06-09|подано|бюджет
282|4|Егоров Артём Ильич|4476 791873|+79714497600|egorov223@mail.ru|187|2022-06-23|отказ|бюджет
283|4|Андреев Артём Ильич|6000 527639|+79166359463|andreev905@mail.ru|176|2022-06-09|отказ|контракт
284|4|Андреева Елизавета Михайловна|9039 932589|+79870823946|andreeva822@mail.ru|195|2022-06-06|подано|бюджет
285|4|Никитина Анастасия Артёмовна|2633 383871|+79078726226|nikitina566@mail.ru|202|2022-06-12|зачислен|бюджет
286|4|Макаров Кирилл Ильич|8323 871274|+79337017447|makarov947@mail.ru|199|2022-06-15|отозвано|бюджет
287|4|Новикова Ольга Максимовна|1543 786783|+79541125370|novikova634@mail.ru|178|2022-06-17|подано|бюджет
288|4|Михайлов Александр Алексеевич|6168 237049|+79063004056|mihaylov777@mail.ru|120|2022-06-08|отказ|бюджет
289|4|Степанов Денис Романович|8698 645560|+79822150869|stepanov657@mail.ru|176|2022-07-03|зачислен|бюджет
290|4|Попова Анна Ильинична|4189 125537|+79257516261|popova266@mail.ru|167|2022-06-02|подано|бюджет
291|4|Петров Дмитрий Ильич|3009 391852|+79281035686|petrov571@mail.ru|232|2022-06-14|зачислен|бюджет
292|4|Степанова Марина Ивановна|2277 862465|+79970849119|stepanova216@mail.ru|147|2022-06-07|отказ|контракт
293|4|Лебедева Ольга Дмитриевна|4321 307709|+79145097215|lebedeva789@mail.ru|168|2022-07-22|отозвано|бюджет
294|4|Алексеева Анна Андреевна|5588 395700|+79638637692|alekseeva712@mail.ru|198|2022-06-10|отказ|контракт
295|4|Фёдоров Сергей Сергеевич|5308 957428|+79324192153|fedorov300@mail.ru|166|2022-06-12|отказ|бюджет
296|4|Михайлова Елизавета Максимовна|6308 818061|+79596235707|mihaylova916@mail.ru|189|2022-06-23|отказ|контракт
297|4|Степанова Елизавета Ивановна|5614 181538|+79686338481|stepanova244@mail.ru|176|2022-07-16|отказ|контракт
298|4|Егорова Юлия Кирилловна|4148 608253|+79061066970|egorova645@mail.ru|148|2022-06-10|отказ|бюджет
299|4|Макарова Ксения Алексеевна|4045 763207|+79636421012|makarova965@mail.ru|187|2022-07-11|зачислен|бюджет
300|4|Степанов Артём Андреевич|3892 834224|+79846122509|stepanov947@mail.ru|129|2022-06-21|зачислен|бюджет
301|4|Иванов Денис Дмитриевич|5947 525940|+79589149480|ivanov422@mail.ru|144|2022-07-04|отказ|контракт
302|4|Соколов Никита Алексеевич|6266 370533|+79544829669|sokolov360@mail.ru|177|2022-07-19|подано|контракт
303|4|Андреева Виктория Сергеевна|1072 533691|+79682452815|andreeva695@mail.ru|160|2022-06-25|отказ|бюджет
304|4|Николаева Анна Алексеевна|8839 775187|+79071767033|nikolaeva678@mail.ru|154|2022-06-25|отказ|бюджет
305|4|Васильева Полина Романовна|7657 287019|+79295991424|vasileva323@mail.ru|231|2022-06-14|зачислен|бюджет
306|4|Иванов Андрей Алексеевич|9137 580201|+79090303205|ivanov362@mail.ru|138|2022-06-14|подано|контракт
307|4|Петрова Марина Кирилловна|4737 915019|+79672739032|petrova227@mail.ru|157|2022-07-17|отозвано|контракт
308|4|Козлова Полина Александровна|5924 461981|+79611071306|kozlova506@mail.ru|194|2022-07-06|отказ|бюджет
309|4|Морозова Виктория Ильинична|8621 270699|+79400660902|morozova952@mail.ru|142|2022-06-17|отказ|бюджет
310|4|Фёдорова Екатерина Дмитриевна|6820 488205|+79034942861|fedorova834@mail.ru|144|2022-06-21|зачислен|контракт
311|4|Иванов Роман Александрович|7068 371516|+79653833849|ivanov222@mail.ru|175|2022-06-23|зачислен|контракт
312|4|Фёдоров Михаил Ильич|5197 887858|+79979358801|fedorov337@mail.ru|187|2022-06-02|отозвано|контракт
313|4|Егоров Матвей Кириллович|5526 836189|+79152072836|egorov393@mail.ru|193|2022-06-22|подано|контракт
314|4|Семёнов Дмитрий Андреевич|6874 689874|+79441630335|semenov690@mail.ru|169|2022-06-19|отказ|бюджет
315|4|Новикова Алиса Ивановна|2762 378426|+79567843243|novikova731@mail.ru|192|2022-07-04|отказ|бюджет
316|4|Никитин Андрей Алексеевич|7633 237365|+79114394688|nikitin937@mail.ru|180|2022-07-03|отказ|бюджет
317|4|Семёнова Юлия Дмитриевна|4079 711437|+79473700931|semenova238@mail.ru|159|2022-07-10|отозвано|бюджет
318|4|Егоров Александр Ильич|4767 169636|+79186161193|egorov362@mail.ru|209|2022-07-11|отказ|контракт
319|4|Егорова Марина Максимовна|5352 710920|+79407826167|egorova445@mail.ru|193|2022-07-15|отозвано|бюджет
320|4|Степанова Анна Романовна|1837 335910|+79418365941|stepanova337@mail.ru|127|2022-07-14|отказ|бюджет
321|5|Михайлов Арсений Александрович|5604 854832|+79990833799|mihaylov672@mail.ru|219|2022-07-25|отказ|бюджет
322|5|Павлова Виктория Ивановна|9248 856708|+79698481463|pavlova309@mail.ru|184|2022-06-23|отказ|бюджет
323|5|Петрова София Кирилловна|3388 282348|+79822961858|petrova207@mail.ru|192|2022-07-02|зачислен|контракт
324|5|Попова Марина Ивановна|3795 377936|+79610352308|popova822@mail.ru|202|2022-07-13|отказ|контракт
325|5|Егорова Алиса Артёмовна|7780 156923|+79252732008|egorova851@mail.ru|156|2022-07-08|подано|бюджет
326|5|Волкова Виктория Артёмовна|2475 104727|+79319443193|volkova794@mail.ru|209|2022-06-22|зачислен|бюджет
327|5|Макаров Кирилл Кириллович|8456 861909|+79969490234|makarov831@mail.ru|235|2022-07-17|зачислен|бюджет
328|5|Егорова Ксения Андреевна|5943 987869|+79333522040|egorova830@mail.ru|223|2022-07-15|зачислен|бюджет
329|5|Семёнов Никита Андреевич|5247 686746|+79346106660|semenov990@mail.ru|209|2022-07-07|подано|бюджет
330|5|Семёнов Алексей Александрович|2982 381525|+79418244423|semenov505@mail.ru|195|2022-07-15|зачислен|контракт
331|5|Соколов Денис Михайлович|2454 534044|+79997397994|sokolov993@mail.ru|224|2022-06-25|подано|бюджет
332|5|Смирнова Дарья Александровна|2399 602712|+79757969334|smirnova826@mail.ru|244|2022-07-18|подано|контракт
333|5|Андреев Матвей Романович|9669 761256|+79677474826|andreev451@mail.ru|212|2022-06-19|подано|бюджет
1001|13|Орлова Дарья Ивановна|4960 259610|+79758255919|orlova352@mail.ru|253|2022-06-13|зачислен|бюджет
334|5|Андреева София Алексеевна|8582 465717|+79506078533|andreeva252@mail.ru|207|2022-06-02|зачислен|бюджет
335|5|Макаров Кирилл Михайлович|5092 804007|+79222133711|makarov557@mail.ru|254|2022-06-20|зачислен|бюджет
336|5|Петрова Алиса Романовна|5049 141535|+79646697748|petrova964@mail.ru|179|2022-06-12|отказ|бюджет
337|5|Соколова Наталья Алексеевна|3835 826467|+79235208996|sokolova739@mail.ru|262|2022-07-13|отказ|бюджет
338|5|Новиков Александр Андреевич|8493 575049|+79317101502|novikov887@mail.ru|234|2022-06-25|отказ|бюджет
339|5|Васильева Марина Ильинична|7362 672704|+79677666129|vasileva278@mail.ru|200|2022-06-25|зачислен|контракт
340|5|Егорова Ольга Ильинична|7993 817460|+79112205729|egorova190@mail.ru|220|2022-06-08|отказ|контракт
341|5|Семёнова Наталья Андреевна|6993 302227|+79638353974|semenova831@mail.ru|232|2022-06-25|подано|бюджет
342|5|Новикова Анастасия Артёмовна|5600 768227|+79579571544|novikova487@mail.ru|239|2022-06-21|отказ|бюджет
343|5|Попов Максим Сергеевич|6264 573756|+79627628598|popov738@mail.ru|157|2022-06-02|отозвано|бюджет
344|5|Никитина Елизавета Дмитриевна|1497 780731|+79876520776|nikitina123@mail.ru|228|2022-06-01|подано|бюджет
345|5|Орлов Артём Кириллович|5928 443805|+79084232458|orlov967@mail.ru|224|2022-06-01|отказ|бюджет
346|5|Никитина Мария Романовна|5481 781993|+79613706169|nikitina697@mail.ru|228|2022-06-05|зачислен|контракт
347|5|Смирнов Роман Кириллович|7788 733444|+79931221735|smirnov406@mail.ru|181|2022-06-12|зачислен|контракт
348|5|Орлова Анна Алексеевна|9763 608811|+79590095421|orlova662@mail.ru|211|2022-07-17|зачислен|контракт
349|5|Михайлов Дмитрий Александрович|6167 694090|+79365867738|mihaylov951@mail.ru|216|2022-07-18|отказ|бюджет
350|5|Никитин Никита Сергеевич|1116 368102|+79671185080|nikitin472@mail.ru|225|2022-07-01|зачислен|бюджет
351|5|Кузнецова Ольга Михайловна|3599 642736|+79615600586|kuznecova747@mail.ru|224|2022-06-03|отозвано|контракт
352|5|Орлов Андрей Артёмович|4637 601533|+79491415043|orlov323@mail.ru|204|2022-07-14|подано|бюджет
353|5|Волков Денис Александрович|3588 401716|+79299662264|volkov570@mail.ru|218|2022-07-08|отказ|бюджет
354|5|Петрова Дарья Кирилловна|5811 442865|+79899609841|petrova479@mail.ru|256|2022-07-15|отказ|бюджет
355|5|Волкова Ольга Сергеевна|7596 350897|+79225393861|volkova311@mail.ru|161|2022-07-17|зачислен|бюджет
356|5|Морозов Александр Кириллович|3002 575946|+79274599017|morozov146@mail.ru|180|2022-06-03|подано|контракт
357|5|Андреева Анна Сергеевна|3728 662030|+79815059209|andreeva699@mail.ru|240|2022-06-04|зачислен|контракт
358|5|Павлов Дмитрий Сергеевич|1300 630182|+79132626327|pavlov757@mail.ru|208|2022-07-24|отозвано|бюджет
359|5|Николаева Юлия Александровна|3589 275664|+79180323377|nikolaeva778@mail.ru|230|2022-06-13|отказ|бюджет
360|5|Смирнов Арсений Романович|4287 644303|+79219079836|smirnov267@mail.ru|234|2022-06-07|отказ|бюджет
361|5|Кузнецова Юлия Ильинична|3267 291028|+79807924656|kuznecova736@mail.ru|155|2022-06-02|отказ|бюджет
362|5|Петрова Анна Алексеевна|6499 571680|+79795759359|petrova807@mail.ru|210|2022-07-14|зачислен|бюджет
363|5|Егоров Никита Артёмович|7606 864575|+79352187673|egorov237@mail.ru|225|2022-07-07|подано|контракт
364|5|Степанова Марина Романовна|7796 859635|+79115070650|stepanova705@mail.ru|207|2022-07-19|зачислен|бюджет
365|5|Никитин Егор Алексеевич|3536 248970|+79121467817|nikitin534@mail.ru|216|2022-06-23|зачислен|бюджет
366|5|Морозов Артём Артёмович|1535 949908|+79889611509|morozov923@mail.ru|213|2022-06-23|зачислен|бюджет
367|5|Петрова Виктория Сергеевна|5678 677379|+79938766999|petrova332@mail.ru|210|2022-07-21|зачислен|контракт
368|5|Иванов Алексей Михайлович|5172 412391|+79803921900|ivanov705@mail.ru|232|2022-07-21|отказ|бюджет
369|5|Николаев Кирилл Сергеевич|9489 638931|+79110853435|nikolaev243@mail.ru|231|2022-06-09|отказ|контракт
370|5|Макаров Илья Кириллович|8182 773228|+79696429496|makarov844@mail.ru|242|2022-07-01|отказ|бюджет
371|5|Кузнецов Денис Сергеевич|1325 408399|+79423791074|kuznecov522@mail.ru|217|2022-07-09|подано|бюджет
372|5|Новиков Егор Сергеевич|3019 414790|+79509271451|novikov415@mail.ru|241|2022-06-23|зачислен|контракт
373|5|Егоров Роман Кириллович|6476 618417|+79782536165|egorov663@mail.ru|215|2022-06-14|отказ|бюджет
374|5|Семёнова Юлия Ильинична|1770 850915|+79841149099|semenova504@mail.ru|170|2022-07-01|подано|бюджет
375|5|Андреева Юлия Алексеевна|8145 887387|+79156200268|andreeva332@mail.ru|222|2022-06-15|зачислен|бюджет
376|5|Иванов Арсений Романович|5560 794862|+79018061737|ivanov833@mail.ru|193|2022-07-24|подано|бюджет
377|5|Михайлова Дарья Андреевна|9898 236844|+79438549794|mihaylova542@mail.ru|215|2022-07-17|зачислен|бюджет
378|5|Кузнецов Михаил Андреевич|7617 319695|+79844473507|kuznecov952@mail.ru|203|2022-07-24|отказ|бюджет
379|5|Андреева Ксения Артёмовна|3533 840846|+79454441008|andreeva800@mail.ru|228|2022-07-10|отозвано|бюджет
380|5|Козлова Виктория Сергеевна|6649 549650|+79318601865|kozlova867@mail.ru|199|2022-06-10|отказ|бюджет
381|5|Петрова Анна Ивановна|9957 828085|+79134664926|petrova105@mail.ru|237|2022-07-09|отказ|бюджет
382|5|Козлова София Сергеевна|6841 546163|+79876067739|kozlova409@mail.ru|229|2022-06-20|зачислен|бюджет
383|5|Орлов Егор Дмитриевич|4526 111238|+79169205849|orlov145@mail.ru|192|2022-07-22|отказ|контракт
384|5|Кузнецова Елизавета Алексеевна|2948 267204|+79467019564|kuznecova500@mail.ru|196|2022-06-25|отказ|бюджет
385|5|Волкова Татьяна Ильинична|3332 156703|+79623820837|volkova240@mail.ru|229|2022-07-18|отказ|контракт
386|5|Соколова София Андреевна|6916 796368|+79845876139|sokolova814@mail.ru|247|2022-06-21|подано|бюджет
387|5|Иванова Алиса Ильинична|2097 300005|+79817016413|ivanova296@mail.ru|188|2022-07-08|отозвано|бюджет
388|5|Петрова Екатерина Максимовна|2969 378630|+79528921074|petrova547@mail.ru|261|2022-06-05|зачислен|бюджет
389|5|Кузнецов Арсений Романович|7590 253943|+79070845273|kuznecov427@mail.ru|185|2022-06-21|отозвано|бюджет
390|5|Козлов Егор Иванович|4371 520183|+79197982289|kozlov129@mail.ru|258|2022-07-14|отказ|контракт
391|5|Орлова София Ильинична|7228 926243|+79468587468|orlova324@mail.ru|218|2022-06-12|зачислен|контракт
392|5|Козлов Михаил Алексеевич|9821 915382|+79189681346|kozlov348@mail.ru|207|2022-07-24|подано|бюджет
393|5|Макаров Денис Дмитриевич|4869 114568|+79084464922|makarov921@mail.ru|226|2022-06-15|подано|бюджет
394|5|Морозов Александр Сергеевич|4901 609848|+79950802012|morozov902@mail.ru|203|2022-07-24|отказ|бюджет
395|5|Никитин Дмитрий Иванович|6587 141293|+79930008325|nikitin185@mail.ru|270|2022-06-03|зачислен|бюджет
396|5|Лебедев Сергей Иванович|5712 335748|+79518321419|lebedev688@mail.ru|228|2022-07-14|зачислен|бюджет
397|5|Николаев Александр Александрович|5936 806756|+79248487740|nikolaev247@mail.ru|193|2022-07-11|зачислен|бюджет
398|5|Орлов Никита Алексеевич|1628 406355|+79365176719|orlov935@mail.ru|201|2022-06-11|отказ|бюджет
399|5|Кузнецов Алексей Кириллович|5917 649051|+79749438914|kuznecov772@mail.ru|219|2022-06-23|отказ|бюджет
400|5|Павлова Ольга Сергеевна|8371 413744|+79522024945|pavlova859@mail.ru|195|2022-07-04|зачислен|бюджет
401|5|Смирнов Максим Максимович|3606 732290|+79106504252|smirnov355@mail.ru|183|2022-06-06|отозвано|бюджет
402|5|Семёнова София Максимовна|3261 878986|+79734393832|semenova619@mail.ru|171|2022-06-09|отозвано|бюджет
403|5|Егоров Андрей Иванович|5794 921995|+79202005391|egorov301@mail.ru|236|2022-07-20|зачислен|бюджет
404|5|Новиков Матвей Романович|5179 456381|+79489858533|novikov690@mail.ru|272|2022-07-16|отказ|контракт
405|5|Павлова Наталья Ильинична|3427 931272|+79708567819|pavlova195@mail.ru|179|2022-06-20|зачислен|бюджет
406|5|Петрова Анастасия Дмитриевна|6273 212209|+79445735354|petrova482@mail.ru|162|2022-06-14|отказ|бюджет
407|5|Попов Арсений Сергеевич|3484 953306|+79879201223|popov435@mail.ru|224|2022-06-18|зачислен|бюджет
408|5|Волкова Полина Андреевна|9524 770858|+79123861575|volkova742@mail.ru|254|2022-07-18|зачислен|бюджет
409|5|Орлова Алиса Максимовна|8251 170539|+79341014705|orlova191@mail.ru|217|2022-06-20|отказ|контракт
410|5|Петров Дмитрий Александрович|5989 873972|+79993178337|petrov255@mail.ru|265|2022-07-19|отозвано|контракт
411|5|Фёдорова Дарья Александровна|7073 520741|+79585424247|fedorova163@mail.ru|177|2022-06-05|отказ|бюджет
412|5|Степанова Юлия Артёмовна|6263 392329|+79433648645|stepanova459@mail.ru|287|2022-07-16|отказ|бюджет
413|5|Кузнецова Анна Кирилловна|1502 659593|+79218646528|kuznecova658@mail.ru|189|2022-07-03|отказ|бюджет
414|5|Николаева Татьяна Ильинична|8747 429758|+79099161923|nikolaeva645@mail.ru|213|2022-07-14|отказ|бюджет
415|5|Петрова Анна Дмитриевна|2618 957735|+79216327254|petrova236@mail.ru|193|2022-06-21|подано|бюджет
416|5|Алексеев Михаил Иванович|8981 269682|+79846706187|alekseev265@mail.ru|178|2022-06-11|зачислен|бюджет
417|5|Орлов Матвей Александрович|3483 322825|+79179315592|orlov922@mail.ru|218|2022-06-04|отказ|бюджет
418|5|Андреев Егор Иванович|3236 578697|+79220059829|andreev430@mail.ru|193|2022-06-02|зачислен|контракт
419|5|Васильев Сергей Романович|2558 395332|+79621953415|vasilev722@mail.ru|236|2022-06-15|зачислен|бюджет
420|6|Морозов Максим Сергеевич|5173 421207|+79710111437|morozov823@mail.ru|183|2022-06-19|зачислен|бюджет
421|6|Фёдоров Матвей Романович|1926 782392|+79322408564|fedorov708@mail.ru|229|2022-06-09|отказ|бюджет
422|6|Степанова Татьяна Максимовна|9581 523118|+79018193756|stepanova373@mail.ru|181|2022-06-22|отказ|бюджет
423|6|Попова Алиса Андреевна|7099 573878|+79738394409|popova333@mail.ru|195|2022-07-15|зачислен|бюджет
424|6|Новикова Мария Ивановна|8892 972645|+79347265193|novikova936@mail.ru|234|2022-06-05|отказ|бюджет
425|6|Андреев Иван Максимович|1840 341405|+79286531069|andreev713@mail.ru|228|2022-07-18|зачислен|бюджет
426|6|Никитина Ксения Романовна|3193 239175|+79508056951|nikitina720@mail.ru|201|2022-07-17|отказ|бюджет
427|6|Орлов Андрей Артёмович|9534 848399|+79686687078|orlov370@mail.ru|201|2022-07-10|подано|бюджет
428|6|Лебедева Ольга Ивановна|6254 586461|+79878329695|lebedeva376@mail.ru|170|2022-06-22|отказ|бюджет
429|6|Васильев Илья Дмитриевич|9845 642488|+79409355835|vasilev250@mail.ru|199|2022-06-15|отказ|бюджет
430|6|Иванов Иван Андреевич|7341 295909|+79589426125|ivanov855@mail.ru|190|2022-07-09|отказ|бюджет
431|6|Никитин Артём Алексеевич|6951 402788|+79826194292|nikitin609@mail.ru|182|2022-07-17|отказ|контракт
432|6|Андреев Дмитрий Дмитриевич|6586 478719|+79388210986|andreev866@mail.ru|265|2022-07-06|зачислен|контракт
433|6|Макаров Александр Максимович|2136 606672|+79426189382|makarov513@mail.ru|222|2022-07-25|отказ|бюджет
434|6|Егоров Михаил Сергеевич|3752 329413|+79850379203|egorov759@mail.ru|231|2022-06-19|подано|бюджет
435|6|Васильева София Александровна|7165 294873|+79512958156|vasileva238@mail.ru|216|2022-06-03|зачислен|бюджет
436|6|Андреев Кирилл Кириллович|9266 327776|+79276185206|andreev995@mail.ru|218|2022-06-02|подано|контракт
437|6|Степанова Ксения Алексеевна|8712 181761|+79581522605|stepanova996@mail.ru|205|2022-06-10|отказ|контракт
438|6|Васильев Артём Александрович|3526 238736|+79533422518|vasilev521@mail.ru|180|2022-06-02|зачислен|бюджет
439|6|Макарова Ольга Ильинична|2189 133367|+79756718627|makarova697@mail.ru|209|2022-06-10|подано|контракт
440|6|Петров Максим Артёмович|7931 493177|+79897699693|petrov210@mail.ru|195|2022-07-23|подано|контракт
441|6|Васильев Алексей Александрович|1323 101228|+79642897310|vasilev499@mail.ru|209|2022-06-13|отказ|бюджет
442|6|Павлов Артём Иванович|5754 901816|+79234489891|pavlov330@mail.ru|202|2022-06-01|зачислен|контракт
443|6|Михайлова Анна Михайловна|6786 729527|+79498422209|mihaylova214@mail.ru|187|2022-07-21|зачислен|бюджет
444|6|Морозов Матвей Кириллович|7944 168952|+79676036957|morozov399@mail.ru|186|2022-06-03|подано|бюджет
445|6|Егоров Арсений Алексеевич|9589 243522|+79825862034|egorov202@mail.ru|192|2022-07-06|отказ|бюджет
446|6|Петрова София Михайловна|4544 209580|+79740336113|petrova379@mail.ru|217|2022-06-25|подано|контракт
447|6|Никитин Кирилл Михайлович|8292 855908|+79945255183|nikitin351@mail.ru|166|2022-06-14|зачислен|бюджет
448|6|Фёдорова Ольга Ильинична|2906 366628|+79881333642|fedorova993@mail.ru|189|2022-07-17|отозвано|контракт
449|6|Михайлов Дмитрий Алексеевич|5289 946553|+79911082341|mihaylov858@mail.ru|181|2022-06-06|подано|бюджет
450|6|Иванова Ольга Сергеевна|2764 392743|+79447660253|ivanova928@mail.ru|232|2022-06-11|отказ|бюджет
451|6|Иванов Андрей Михайлович|5342 137482|+79510014929|ivanov483@mail.ru|196|2022-06-25|зачислен|бюджет
452|6|Петрова Елизавета Ивановна|4888 493059|+79300907355|petrova100@mail.ru|231|2022-07-07|зачислен|бюджет
453|6|Иванова Ксения Сергеевна|6711 109262|+79045606788|ivanova497@mail.ru|161|2022-06-10|подано|контракт
454|6|Соколов Дмитрий Дмитриевич|1794 417739|+79501728140|sokolov844@mail.ru|181|2022-07-03|отказ|бюджет
455|6|Новикова Марина Алексеевна|7996 996266|+79236867706|novikova529@mail.ru|198|2022-06-24|отозвано|бюджет
456|6|Соколов Алексей Андреевич|1426 390398|+79530129463|sokolov903@mail.ru|215|2022-06-19|зачислен|бюджет
457|6|Смирнова Елизавета Андреевна|2451 984287|+79941036271|smirnova593@mail.ru|224|2022-06-02|отказ|бюджет
458|6|Попова Марина Дмитриевна|2434 628922|+79940955838|popova861@mail.ru|192|2022-06-19|отозвано|бюджет
459|6|Кузнецова Марина Сергеевна|7965 755400|+79285208315|kuznecova149@mail.ru|179|2022-06-25|зачислен|бюджет
460|6|Фёдоров Роман Александрович|4490 160625|+79580455475|fedorov941@mail.ru|185|2022-06-25|зачислен|контракт
461|6|Петрова Елизавета Дмитриевна|7865 214658|+79622329293|petrova365@mail.ru|167|2022-06-08|зачислен|бюджет
462|6|Волков Алексей Романович|4035 668069|+79910315054|volkov839@mail.ru|210|2022-06-08|зачислен|бюджет
463|6|Фёдоров Илья Андреевич|9167 153796|+79224285068|fedorov206@mail.ru|220|2022-07-20|зачислен|бюджет
464|6|Лебедев Алексей Михайлович|7883 659004|+79455456348|lebedev198@mail.ru|192|2022-06-10|зачислен|контракт
465|6|Семёнов Никита Дмитриевич|2209 399783|+79881216820|semenov171@mail.ru|190|2022-07-20|отказ|бюджет
466|6|Андреева Юлия Ильинична|5183 234605|+79601490198|andreeva986@mail.ru|190|2022-07-21|отказ|бюджет
467|6|Николаев Артём Ильич|2684 102616|+79335679051|nikolaev998@mail.ru|228|2022-07-18|отказ|бюджет
468|6|Павлов Сергей Андреевич|2948 192939|+79907704352|pavlov693@mail.ru|225|2022-06-03|подано|бюджет
469|6|Орлова Анастасия Ивановна|7813 798412|+79979474437|orlova161@mail.ru|197|2022-07-09|зачислен|контракт
470|6|Морозова Елизавета Кирилловна|4157 801146|+79851207274|morozova558@mail.ru|196|2022-06-11|отказ|бюджет
471|6|Никитина Анастасия Сергеевна|8332 230129|+79055067363|nikitina459@mail.ru|197|2022-07-22|отказ|бюджет
472|6|Фёдорова Мария Романовна|7995 361964|+79839053250|fedorova597@mail.ru|170|2022-06-01|зачислен|бюджет
473|6|Степанов Михаил Александрович|8727 104931|+79370694258|stepanov828@mail.ru|207|2022-06-01|подано|бюджет
474|6|Степанов Денис Кириллович|1836 444971|+79579617967|stepanov366@mail.ru|222|2022-07-08|отказ|контракт
475|6|Смирнов Роман Романович|5900 599633|+79132197654|smirnov850@mail.ru|257|2022-07-21|отказ|контракт
476|6|Михайлов Арсений Максимович|8518 712181|+79450590868|mihaylov534@mail.ru|194|2022-06-13|отказ|бюджет
477|6|Петрова София Ильинична|5967 356358|+79977233561|petrova386@mail.ru|158|2022-06-08|отозвано|бюджет
478|6|Павлов Роман Александрович|8099 145227|+79734405546|pavlov913@mail.ru|185|2022-07-03|зачислен|бюджет
479|6|Фёдорова Алиса Дмитриевна|6920 395875|+79093870836|fedorova996@mail.ru|188|2022-06-09|отказ|бюджет
480|6|Михайлова Анна Кирилловна|7414 317289|+79608511543|mihaylova309@mail.ru|185|2022-07-24|зачислен|бюджет
481|6|Николаев Сергей Максимович|3899 809855|+79462324970|nikolaev910@mail.ru|234|2022-07-07|отказ|бюджет
482|6|Кузнецов Алексей Андреевич|1802 347928|+79413657343|kuznecov640@mail.ru|179|2022-07-16|отказ|бюджет
483|6|Лебедев Никита Максимович|3729 542794|+79024301490|lebedev573@mail.ru|175|2022-07-01|отказ|бюджет
484|6|Морозов Андрей Максимович|3931 132600|+79459710569|morozov878@mail.ru|196|2022-07-10|отказ|бюджет
485|6|Орлов Артём Михайлович|7946 235513|+79830392188|orlov887@mail.ru|208|2022-06-13|подано|бюджет
486|6|Новиков Арсений Сергеевич|9739 705882|+79087962088|novikov219@mail.ru|216|2022-06-20|отозвано|контракт
487|6|Андреев Никита Ильич|8771 101101|+79626381484|andreev927@mail.ru|203|2022-06-18|зачислен|бюджет
488|6|Андреев Никита Михайлович|1408 161878|+79467024515|andreev816@mail.ru|211|2022-06-12|подано|бюджет
489|6|Андреева Наталья Кирилловна|5342 444687|+79686631942|andreeva158@mail.ru|274|2022-07-13|отозвано|контракт
490|6|Фёдоров Александр Артёмович|6203 578506|+79678521465|fedorov900@mail.ru|227|2022-06-07|отозвано|контракт
491|6|Павлов Михаил Романович|1580 146601|+79292667776|pavlov478@mail.ru|234|2022-07-07|подано|контракт
492|6|Кузнецов Арсений Кириллович|9337 785861|+79192906952|kuznecov994@mail.ru|212|2022-07-08|отказ|бюджет
493|6|Алексеев Кирилл Кириллович|4581 772066|+79349231461|alekseev177@mail.ru|171|2022-07-13|отозвано|контракт
494|6|Попов Кирилл Романович|5193 429187|+79040429288|popov585@mail.ru|210|2022-06-14|отказ|бюджет
495|6|Семёнов Максим Андреевич|4826 135479|+79284363722|semenov743@mail.ru|268|2022-07-12|зачислен|бюджет
496|6|Лебедева Анна Кирилловна|5565 552744|+79048357031|lebedeva601@mail.ru|200|2022-06-14|подано|контракт
497|6|Орлова София Дмитриевна|8390 625638|+79191495328|orlova643@mail.ru|268|2022-07-24|отказ|бюджет
498|6|Иванов Максим Михайлович|3776 909569|+79599919069|ivanov252@mail.ru|200|2022-06-13|отозвано|бюджет
499|6|Никитин Андрей Андреевич|8419 714357|+79229467401|nikitin620@mail.ru|220|2022-07-12|зачислен|бюджет
500|6|Николаева Алиса Кирилловна|2416 447612|+79624902698|nikolaeva595@mail.ru|247|2022-07-11|отозвано|бюджет
501|6|Николаева Ольга Артёмовна|7274 572984|+79594426080|nikolaeva260@mail.ru|219|2022-06-24|отказ|бюджет
502|6|Егоров Никита Дмитриевич|5859 740037|+79849773219|egorov242@mail.ru|207|2022-06-05|отказ|бюджет
503|6|Соколов Роман Михайлович|1217 394571|+79392348078|sokolov822@mail.ru|187|2022-07-11|зачислен|бюджет
504|6|Новиков Роман Михайлович|7620 830961|+79292881755|novikov287@mail.ru|193|2022-06-08|отказ|бюджет
505|6|Фёдоров Арсений Дмитриевич|2151 416549|+79072284464|fedorov499@mail.ru|177|2022-07-20|отказ|бюджет
506|6|Соколов Кирилл Романович|3081 910684|+79182787450|sokolov852@mail.ru|276|2022-06-03|зачислен|бюджет
507|6|Петров Андрей Алексеевич|2048 256654|+79713164646|petrov125@mail.ru|196|2022-06-02|подано|бюджет
508|6|Иванова Юлия Артёмовна|9531 193439|+79181277607|ivanova179@mail.ru|256|2022-06-01|зачислен|бюджет
509|6|Петров Михаил Михайлович|5735 999393|+79769568452|petrov206@mail.ru|182|2022-07-06|зачислен|бюджет
510|6|Егорова Елизавета Михайловна|9763 187685|+79083471710|egorova204@mail.ru|165|2022-07-19|подано|бюджет
511|6|Смирнов Иван Александрович|6676 636673|+79186852126|smirnov977@mail.ru|184|2022-06-01|подано|бюджет
512|6|Семёнова Виктория Сергеевна|2962 118541|+79384901123|semenova952@mail.ru|195|2022-07-15|подано|бюджет
513|6|Васильев Роман Романович|8572 914469|+79653745505|vasilev576@mail.ru|204|2022-06-08|отказ|бюджет
514|6|Михайлов Роман Андреевич|9952 307713|+79523238071|mihaylov432@mail.ru|256|2022-06-07|зачислен|контракт
515|6|Макарова Алиса Романовна|3134 789692|+79164411935|makarova606@mail.ru|257|2022-07-08|отказ|контракт
516|6|Петрова Дарья Дмитриевна|6232 300818|+79733415581|petrova974@mail.ru|196|2022-06-06|подано|контракт
517|6|Соколов Алексей Кириллович|5354 666052|+79808211002|sokolov524@mail.ru|253|2022-06-06|подано|бюджет
518|7|Смирнова Виктория Сергеевна|2807 418119|+79194697304|smirnova822@mail.ru|185|2022-07-09|отказ|контракт
519|7|Павлова Татьяна Александровна|8486 669849|+79452545982|pavlova128@mail.ru|164|2022-07-19|отказ|бюджет
520|7|Волкова София Максимовна|4927 121345|+79114723060|volkova305@mail.ru|198|2022-07-18|зачислен|бюджет
521|7|Орлов Илья Артёмович|3771 756121|+79717871665|orlov218@mail.ru|176|2022-06-24|подано|бюджет
522|7|Алексеев Артём Дмитриевич|4810 621632|+79270599593|alekseev257@mail.ru|223|2022-06-03|зачислен|бюджет
523|7|Николаев Арсений Кириллович|5350 214637|+79090453179|nikolaev258@mail.ru|120|2022-07-25|отозвано|бюджет
524|7|Васильева Елизавета Алексеевна|7229 649312|+79926157092|vasileva496@mail.ru|204|2022-07-23|зачислен|бюджет
525|7|Павлова Ксения Ивановна|9937 151624|+79532115089|pavlova359@mail.ru|172|2022-06-09|зачислен|бюджет
526|7|Михайлов Матвей Максимович|2534 973543|+79012435587|mihaylov326@mail.ru|197|2022-06-20|зачислен|бюджет
527|7|Кузнецов Михаил Иванович|5054 980545|+79750614288|kuznecov165@mail.ru|230|2022-07-24|подано|бюджет
528|7|Иванова Анна Андреевна|5266 241357|+79807327495|ivanova396@mail.ru|233|2022-06-04|отказ|бюджет
529|7|Макаров Андрей Максимович|5520 993977|+79155419853|makarov873@mail.ru|194|2022-07-09|отозвано|бюджет
530|7|Морозов Кирилл Александрович|2902 704894|+79097866103|morozov525@mail.ru|189|2022-07-11|зачислен|бюджет
531|7|Петрова Алиса Михайловна|9581 606934|+79691564211|petrova393@mail.ru|168|2022-06-18|зачислен|бюджет
532|7|Кузнецов Арсений Сергеевич|1982 919947|+79288938291|kuznecov856@mail.ru|173|2022-06-22|зачислен|бюджет
533|7|Михайлов Денис Андреевич|5123 457223|+79559110285|mihaylov410@mail.ru|188|2022-06-23|зачислен|контракт
534|7|Соколова Полина Максимовна|1411 180829|+79088662930|sokolova701@mail.ru|149|2022-06-16|подано|бюджет
535|7|Андреев Дмитрий Артёмович|7760 774780|+79588219185|andreev279@mail.ru|203|2022-06-08|отказ|бюджет
536|7|Павлова Елизавета Артёмовна|2494 650889|+79247728007|pavlova111@mail.ru|150|2022-07-10|отказ|бюджет
537|7|Морозова Ольга Романовна|7404 639108|+79161452429|morozova425@mail.ru|144|2022-07-19|подано|бюджет
538|7|Алексеев Дмитрий Алексеевич|6851 885083|+79195959777|alekseev206@mail.ru|125|2022-07-09|отказ|бюджет
539|7|Степанова Дарья Романовна|5000 513123|+79686120971|stepanova225@mail.ru|168|2022-06-09|подано|бюджет
540|7|Морозова Наталья Михайловна|4895 639339|+79973793939|morozova121@mail.ru|214|2022-06-10|отказ|бюджет
541|7|Павлов Денис Кириллович|1091 999391|+79920223242|pavlov346@mail.ru|166|2022-06-11|отказ|контракт
542|7|Кузнецов Кирилл Михайлович|5259 875646|+79172982308|kuznecov160@mail.ru|188|2022-07-09|зачислен|бюджет
543|7|Попов Никита Романович|6627 639510|+79560715267|popov589@mail.ru|175|2022-07-09|отказ|бюджет
544|7|Соколова Татьяна Михайловна|9975 566419|+79776900967|sokolova870@mail.ru|171|2022-06-20|зачислен|бюджет
545|7|Никитин Егор Андреевич|8525 854826|+79652257331|nikitin561@mail.ru|183|2022-06-14|отказ|контракт
546|7|Иванова Анастасия Михайловна|7388 500957|+79743962994|ivanova557@mail.ru|204|2022-07-13|зачислен|бюджет
547|7|Петрова Юлия Артёмовна|4912 227314|+79714059877|petrova118@mail.ru|155|2022-06-11|отказ|бюджет
548|7|Волкова Ксения Алексеевна|2465 171666|+79524849698|volkova164@mail.ru|210|2022-07-04|зачислен|бюджет
549|7|Соколов Дмитрий Иванович|1933 661747|+79133953509|sokolov900@mail.ru|135|2022-07-21|отказ|бюджет
550|7|Новиков Максим Михайлович|4162 519271|+79773008913|novikov481@mail.ru|204|2022-06-14|подано|бюджет
551|7|Никитин Егор Кириллович|4827 253073|+79705547847|nikitin313@mail.ru|220|2022-06-18|отказ|бюджет
552|7|Макарова Алиса Михайловна|5644 842435|+79741489760|makarova608@mail.ru|185|2022-07-18|отозвано|бюджет
553|7|Морозова Ксения Кирилловна|2844 137909|+79823941471|morozova888@mail.ru|156|2022-07-03|отозвано|бюджет
554|7|Макаров Роман Кириллович|1126 959461|+79436960806|makarov220@mail.ru|192|2022-07-09|подано|бюджет
555|7|Николаев Андрей Андреевич|8425 167202|+79194788780|nikolaev322@mail.ru|179|2022-06-08|зачислен|бюджет
556|7|Морозов Никита Романович|5648 919241|+79795897142|morozov782@mail.ru|187|2022-06-20|отказ|бюджет
557|7|Семёнов Дмитрий Александрович|6345 815899|+79917955397|semenov189@mail.ru|199|2022-06-03|подано|бюджет
558|7|Алексеев Андрей Дмитриевич|9159 672215|+79238335415|alekseev773@mail.ru|168|2022-06-10|отказ|контракт
559|7|Лебедева Юлия Андреевна|6273 210415|+79019467553|lebedeva723@mail.ru|169|2022-07-18|зачислен|контракт
560|7|Кузнецов Андрей Михайлович|9608 996076|+79221703040|kuznecov597@mail.ru|195|2022-06-11|отказ|бюджет
561|7|Егорова Ольга Максимовна|1004 656381|+79614540387|egorova832@mail.ru|158|2022-07-18|подано|бюджет
562|7|Лебедев Иван Артёмович|3171 784692|+79177377955|lebedev593@mail.ru|195|2022-06-11|подано|бюджет
563|7|Николаева Елизавета Романовна|6040 631458|+79963922567|nikolaeva649@mail.ru|222|2022-06-16|отказ|бюджет
564|7|Козлов Михаил Сергеевич|8173 235470|+79104546300|kozlov932@mail.ru|161|2022-07-02|отказ|бюджет
565|7|Смирнов Андрей Иванович|5112 279950|+79640813441|smirnov292@mail.ru|192|2022-07-08|зачислен|бюджет
566|7|Павлова София Сергеевна|4570 473173|+79545739969|pavlova649@mail.ru|120|2022-06-13|подано|контракт
567|7|Павлова Марина Ивановна|6050 976430|+79143261655|pavlova746@mail.ru|208|2022-06-20|отказ|контракт
568|7|Попов Илья Андреевич|8585 652414|+79585163859|popov459@mail.ru|156|2022-06-01|отказ|контракт
569|7|Орлов Кирилл Дмитриевич|3270 360654|+79050292022|orlov840@mail.ru|190|2022-07-02|отказ|бюджет
570|7|Егоров Арсений Александрович|8986 704333|+79175462542|egorov652@mail.ru|215|2022-07-05|отказ|контракт
571|7|Васильева София Ивановна|3215 688071|+79067985925|vasileva290@mail.ru|166|2022-06-16|зачислен|контракт
572|7|Иванов Роман Сергеевич|1218 797871|+79405792936|ivanov881@mail.ru|191|2022-07-02|отказ|бюджет
573|7|Петров Кирилл Артёмович|3769 673062|+79715981748|petrov972@mail.ru|123|2022-07-12|зачислен|бюджет
574|7|Попов Максим Ильич|8787 199859|+79878645549|popov115@mail.ru|197|2022-06-06|отказ|бюджет
575|7|Егорова Ольга Романовна|8397 354493|+79561269692|egorova807@mail.ru|185|2022-07-01|подано|контракт
576|7|Макарова Ксения Сергеевна|9342 991185|+79122470766|makarova875@mail.ru|153|2022-06-01|зачислен|бюджет
577|7|Лебедева Мария Ильинична|9046 210874|+79703734717|lebedeva194@mail.ru|180|2022-06-05|отказ|контракт
578|8|Васильева Мария Ильинична|9402 210646|+79108412261|vasileva315@mail.ru|264|2022-07-19|зачислен|бюджет
579|8|Попова Анна Ивановна|9684 760505|+79231225844|popova719@mail.ru|264|2022-06-03|отказ|бюджет
580|8|Лебедев Михаил Александрович|3537 700177|+79025764904|lebedev110@mail.ru|197|2022-07-07|зачислен|бюджет
581|8|Смирнова Мария Артёмовна|1323 915928|+79397647528|smirnova835@mail.ru|259|2022-06-21|подано|бюджет
582|8|Смирнова Мария Александровна|9935 421076|+79400403831|smirnova969@mail.ru|263|2022-06-17|зачислен|бюджет
583|8|Кузнецов Матвей Иванович|7574 595269|+79624163507|kuznecov706@mail.ru|284|2022-06-17|отказ|бюджет
584|8|Алексеева Дарья Романовна|3067 548646|+79389312753|alekseeva889@mail.ru|241|2022-07-22|подано|контракт
585|8|Фёдорова Екатерина Романовна|7314 808751|+79486105559|fedorova713@mail.ru|181|2022-06-14|отказ|бюджет
586|8|Волков Иван Романович|3694 233101|+79745439109|volkov302@mail.ru|209|2022-06-14|зачислен|контракт
587|8|Макаров Илья Александрович|6524 201334|+79982897920|makarov814@mail.ru|233|2022-07-02|отозвано|бюджет
588|8|Морозов Арсений Артёмович|5546 503284|+79188518365|morozov976@mail.ru|270|2022-07-23|отказ|контракт
589|8|Морозов Егор Иванович|2847 740568|+79841504904|morozov450@mail.ru|232|2022-06-16|отказ|бюджет
590|8|Михайлов Роман Максимович|5204 597076|+79578491747|mihaylov936@mail.ru|213|2022-06-25|отказ|контракт
591|8|Лебедева Виктория Ивановна|8788 968877|+79347094753|lebedeva773@mail.ru|254|2022-06-04|отказ|контракт
592|8|Васильев Артём Михайлович|3571 272908|+79483434893|vasilev703@mail.ru|237|2022-06-07|отозвано|контракт
593|8|Никитин Денис Кириллович|8359 708134|+79025870705|nikitin228@mail.ru|216|2022-07-12|зачислен|бюджет
594|8|Козлова Елизавета Александровна|7919 123285|+79250123099|kozlova478@mail.ru|221|2022-07-06|подано|контракт
595|8|Михайлова Анастасия Романовна|1988 469406|+79235520170|mihaylova381@mail.ru|221|2022-07-01|отказ|бюджет
596|8|Никитин Дмитрий Романович|2408 693925|+79179130499|nikitin443@mail.ru|249|2022-06-16|отозвано|бюджет
597|8|Соколов Денис Дмитриевич|7359 994576|+79282242568|sokolov641@mail.ru|247|2022-06-09|отозвано|бюджет
598|8|Волкова Марина Дмитриевна|5216 246759|+79855659956|volkova890@mail.ru|221|2022-06-03|зачислен|бюджет
599|8|Смирнова Ксения Дмитриевна|2331 533541|+79982165780|smirnova387@mail.ru|187|2022-06-16|отказ|бюджет
600|8|Козлова София Романовна|9865 443518|+79238718036|kozlova446@mail.ru|230|2022-07-24|подано|бюджет
601|8|Попова Мария Романовна|5504 157569|+79173815443|popova795@mail.ru|242|2022-07-06|отозвано|бюджет
602|8|Морозова Наталья Дмитриевна|3380 492707|+79160863291|morozova461@mail.ru|203|2022-07-01|зачислен|бюджет
603|8|Никитина Екатерина Ивановна|7528 562641|+79001613679|nikitina119@mail.ru|220|2022-06-13|подано|бюджет
604|8|Степанов Матвей Максимович|1246 662856|+79154503209|stepanov855@mail.ru|233|2022-06-23|отказ|контракт
605|8|Кузнецов Илья Алексеевич|3761 121914|+79067828640|kuznecov505@mail.ru|264|2022-06-23|отказ|бюджет
606|8|Андреева Марина Артёмовна|3633 284283|+79789825264|andreeva159@mail.ru|233|2022-06-10|подано|бюджет
607|8|Петрова Мария Алексеевна|2458 786036|+79663986760|petrova174@mail.ru|200|2022-07-24|подано|бюджет
608|8|Макарова Елизавета Алексеевна|3947 847809|+79142105206|makarova304@mail.ru|225|2022-07-14|подано|бюджет
609|8|Семёнов Алексей Кириллович|8649 501224|+79725818241|semenov172@mail.ru|300|2022-06-23|зачислен|контракт
610|8|Степанова Татьяна Сергеевна|8849 678195|+79435200539|stepanova848@mail.ru|223|2022-06-18|подано|контракт
611|8|Семёнова Марина Романовна|9801 835470|+79233721470|semenova322@mail.ru|232|2022-07-12|отказ|бюджет
612|8|Кузнецова Мария Ивановна|8811 181432|+79127705294|kuznecova467@mail.ru|233|2022-06-05|зачислен|контракт
613|8|Морозова София Артёмовна|2442 317405|+79799702000|morozova733@mail.ru|212|2022-07-12|зачислен|бюджет
614|8|Николаев Алексей Михайлович|9500 105790|+79064633225|nikolaev980@mail.ru|228|2022-06-25|зачислен|бюджет
615|8|Павлова Алиса Александровна|4613 233433|+79450433368|pavlova115@mail.ru|245|2022-07-21|подано|контракт
616|8|Соколов Алексей Михайлович|9072 913073|+79854694169|sokolov915@mail.ru|231|2022-06-13|отказ|контракт
617|8|Орлов Артём Кириллович|7018 614156|+79544739483|orlov731@mail.ru|208|2022-07-20|подано|контракт
618|8|Смирнов Михаил Ильич|8103 627277|+79615796646|smirnov122@mail.ru|274|2022-06-20|подано|контракт
619|8|Новиков Артём Артёмович|5684 178067|+79134516767|novikov581@mail.ru|221|2022-07-05|отказ|контракт
620|8|Алексеев Никита Иванович|7065 831113|+79377830060|alekseev341@mail.ru|260|2022-06-25|зачислен|бюджет
621|8|Фёдоров Кирилл Ильич|1946 575174|+79652913386|fedorov678@mail.ru|250|2022-07-22|отказ|бюджет
622|8|Павлов Сергей Андреевич|7717 753987|+79026876040|pavlov895@mail.ru|206|2022-06-01|подано|бюджет
623|8|Соколов Михаил Дмитриевич|5646 249025|+79822688201|sokolov127@mail.ru|208|2022-06-12|отказ|бюджет
624|8|Фёдорова Татьяна Андреевна|9542 848695|+79634258332|fedorova131@mail.ru|228|2022-07-07|отказ|контракт
625|8|Новикова София Михайловна|9492 907855|+79021128753|novikova837@mail.ru|180|2022-06-14|отказ|бюджет
626|8|Орлова Юлия Максимовна|8224 702164|+79253682461|orlova994@mail.ru|197|2022-06-03|зачислен|бюджет
627|8|Николаев Иван Романович|3309 545900|+79697033717|nikolaev639@mail.ru|254|2022-06-23|зачислен|контракт
628|8|Иванова Мария Дмитриевна|3174 845395|+79182137687|ivanova756@mail.ru|234|2022-06-21|зачислен|бюджет
629|8|Михайлова Анна Сергеевна|1540 202548|+79465539611|mihaylova243@mail.ru|214|2022-07-22|отказ|бюджет
630|8|Попов Никита Дмитриевич|5534 844043|+79596201520|popov181@mail.ru|205|2022-06-04|отказ|бюджет
631|8|Попов Максим Александрович|4902 966432|+79528357312|popov789@mail.ru|252|2022-06-18|отозвано|контракт
632|8|Алексеев Иван Ильич|2483 180662|+79020984186|alekseev873@mail.ru|249|2022-06-19|подано|бюджет
633|8|Соколова Анна Михайловна|7920 637168|+79445373798|sokolova912@mail.ru|215|2022-07-23|зачислен|бюджет
634|8|Макарова Марина Артёмовна|2443 357940|+79000301641|makarova582@mail.ru|300|2022-06-06|отказ|бюджет
635|8|Андреева Юлия Максимовна|6315 279190|+79746358671|andreeva633@mail.ru|220|2022-07-08|подано|контракт
636|8|Николаев Сергей Ильич|7308 269959|+79959777695|nikolaev851@mail.ru|293|2022-06-01|отказ|бюджет
637|8|Степанова Екатерина Ивановна|6204 222828|+79823845050|stepanova367@mail.ru|217|2022-06-05|подано|контракт
638|8|Михайлова Алиса Сергеевна|3732 190229|+79578516829|mihaylova344@mail.ru|209|2022-06-14|отказ|бюджет
639|8|Орлова Юлия Артёмовна|6673 387073|+79250968524|orlova734@mail.ru|240|2022-07-09|зачислен|бюджет
640|8|Семёнова Татьяна Михайловна|8563 491497|+79649662265|semenova735@mail.ru|244|2022-07-17|отозвано|контракт
641|8|Смирнов Дмитрий Ильич|4932 380747|+79136582685|smirnov132@mail.ru|221|2022-07-02|зачислен|бюджет
642|8|Новикова Анна Романовна|8682 241366|+79594106029|novikova626@mail.ru|227|2022-06-10|подано|бюджет
643|8|Кузнецов Дмитрий Романович|7272 882522|+79670448761|kuznecov803@mail.ru|199|2022-06-19|зачислен|бюджет
644|8|Алексеев Илья Иванович|1668 567493|+79978306003|alekseev556@mail.ru|249|2022-07-10|зачислен|контракт
645|8|Фёдоров Илья Романович|1490 847383|+79889961645|fedorov723@mail.ru|256|2022-07-17|отказ|контракт
646|8|Михайлов Никита Александрович|8088 175004|+79739251780|mihaylov577@mail.ru|259|2022-06-17|подано|бюджет
647|8|Васильева Полина Андреевна|9659 735570|+79393472419|vasileva267@mail.ru|193|2022-06-18|отказ|контракт
648|8|Никитина Виктория Алексеевна|3502 438039|+79259967825|nikitina994@mail.ru|228|2022-06-15|зачислен|контракт
649|8|Петров Матвей Максимович|6335 466583|+79126398675|petrov397@mail.ru|207|2022-07-14|подано|бюджет
650|8|Смирнов Роман Ильич|5057 954219|+79833223919|smirnov308@mail.ru|247|2022-06-06|отказ|бюджет
651|8|Козлов Денис Дмитриевич|5499 284630|+79478082733|kozlov694@mail.ru|235|2022-06-06|зачислен|бюджет
652|8|Семёнов Александр Романович|3107 698246|+79368173708|semenov788@mail.ru|286|2022-07-02|отказ|бюджет
653|8|Козлова Анна Михайловна|3776 260438|+79595761469|kozlova563@mail.ru|169|2022-06-11|подано|бюджет
654|8|Попова Екатерина Андреевна|2746 251838|+79617393232|popova302@mail.ru|261|2022-07-02|отозвано|бюджет
655|8|Козлов Дмитрий Иванович|2476 378643|+79315037781|kozlov519@mail.ru|236|2022-07-24|зачислен|контракт
656|8|Алексеев Артём Ильич|3065 859654|+79036383805|alekseev380@mail.ru|241|2022-07-13|зачислен|бюджет
657|8|Попов Александр Михайлович|7776 167145|+79396811433|popov934@mail.ru|218|2022-07-01|зачислен|бюджет
658|8|Андреева Елизавета Дмитриевна|8637 669448|+79072145471|andreeva994@mail.ru|279|2022-06-14|зачислен|бюджет
659|8|Макарова Марина Ильинична|5822 621993|+79202743091|makarova727@mail.ru|213|2022-07-04|отказ|контракт
660|8|Волков Арсений Дмитриевич|6150 498447|+79347614751|volkov917@mail.ru|191|2022-06-06|подано|бюджет
661|8|Морозова Наталья Максимовна|7304 752447|+79078503209|morozova991@mail.ru|268|2022-06-01|отказ|бюджет
662|8|Павлова Анна Романовна|5211 821280|+79700043816|pavlova579@mail.ru|225|2022-06-07|зачислен|контракт
663|8|Орлова Юлия Романовна|2163 793575|+79861056946|orlova465@mail.ru|223|2022-07-04|зачислен|бюджет
664|8|Васильев Андрей Алексеевич|2930 253757|+79035425249|vasilev841@mail.ru|277|2022-07-12|подано|бюджет
665|8|Макаров Дмитрий Алексеевич|9012 113193|+79412773901|makarov530@mail.ru|273|2022-07-22|зачислен|бюджет
666|8|Смирнова Екатерина Дмитриевна|5837 610704|+79076516654|smirnova135@mail.ru|209|2022-06-04|подано|бюджет
667|8|Николаев Арсений Максимович|4718 870042|+79401449114|nikolaev964@mail.ru|246|2022-07-24|зачислен|бюджет
668|9|Новикова София Кирилловна|8513 190950|+79691862290|novikova303@mail.ru|186|2022-06-14|подано|бюджет
669|9|Егоров Роман Ильич|6376 778465|+79165334918|egorov257@mail.ru|246|2022-07-23|подано|бюджет
670|9|Волкова Мария Романовна|2613 263400|+79041539975|volkova211@mail.ru|194|2022-06-18|отказ|бюджет
671|9|Иванов Никита Дмитриевич|8404 346790|+79107383784|ivanov587@mail.ru|217|2022-07-17|зачислен|бюджет
672|9|Макаров Егор Андреевич|3957 727999|+79396417467|makarov943@mail.ru|246|2022-06-11|отказ|бюджет
673|9|Новиков Арсений Максимович|3701 828279|+79544336307|novikov771@mail.ru|213|2022-07-11|отозвано|контракт
674|9|Фёдоров Алексей Романович|7086 580882|+79601173285|fedorov140@mail.ru|197|2022-07-24|зачислен|контракт
675|9|Михайлова Ксения Алексеевна|8495 384930|+79366178280|mihaylova671@mail.ru|158|2022-06-02|отказ|контракт
676|9|Смирнов Матвей Артёмович|1601 326961|+79956633319|smirnov556@mail.ru|209|2022-06-07|отказ|бюджет
677|9|Васильев Иван Алексеевич|1697 590751|+79827445800|vasilev539@mail.ru|218|2022-06-06|зачислен|бюджет
678|9|Алексеев Михаил Романович|5181 436853|+79003544057|alekseev548@mail.ru|199|2022-07-05|подано|бюджет
679|9|Степанов Роман Михайлович|9047 174549|+79857296386|stepanov754@mail.ru|166|2022-06-16|отказ|контракт
680|9|Павлов Михаил Сергеевич|5501 148202|+79662044180|pavlov735@mail.ru|203|2022-07-13|отказ|бюджет
681|9|Попов Кирилл Кириллович|6781 977878|+79517071614|popov505@mail.ru|163|2022-06-06|отказ|бюджет
682|9|Никитина Юлия Кирилловна|1606 123611|+79549980477|nikitina293@mail.ru|198|2022-06-07|отказ|бюджет
683|9|Никитин Максим Сергеевич|7042 545572|+79481857073|nikitin162@mail.ru|204|2022-07-22|отозвано|бюджет
684|9|Никитина Екатерина Алексеевна|8581 710213|+79962185840|nikitina770@mail.ru|195|2022-06-10|зачислен|бюджет
685|9|Андреев Денис Михайлович|1989 769498|+79684556221|andreev852@mail.ru|183|2022-06-19|подано|контракт
686|9|Смирнова Ольга Александровна|4009 764664|+79457854940|smirnova932@mail.ru|190|2022-07-18|зачислен|бюджет
687|9|Михайлов Александр Дмитриевич|5480 324725|+79497356002|mihaylov661@mail.ru|174|2022-07-20|отказ|бюджет
688|9|Иванов Сергей Артёмович|9991 308111|+79385212134|ivanov287@mail.ru|223|2022-06-19|отказ|бюджет
689|9|Кузнецов Александр Максимович|4169 625138|+79381397467|kuznecov505@mail.ru|252|2022-06-07|отказ|бюджет
690|9|Орлов Егор Михайлович|2428 896714|+79661903327|orlov416@mail.ru|209|2022-07-08|зачислен|бюджет
691|9|Козлов Иван Романович|5477 960963|+79028773531|kozlov360@mail.ru|223|2022-07-19|отказ|бюджет
692|9|Николаева Татьяна Ивановна|9424 325706|+79349609005|nikolaeva179@mail.ru|195|2022-06-07|зачислен|контракт
693|9|Макаров Иван Андреевич|5496 443083|+79700915625|makarov214@mail.ru|236|2022-07-24|зачислен|бюджет
694|9|Макарова Виктория Сергеевна|7820 565795|+79709099490|makarova150@mail.ru|236|2022-07-06|подано|бюджет
695|9|Смирнова Юлия Кирилловна|6538 579754|+79396852744|smirnova157@mail.ru|214|2022-06-17|подано|бюджет
696|9|Орлова Татьяна Романовна|6624 670229|+79021088156|orlova985@mail.ru|210|2022-06-03|зачислен|бюджет
697|9|Андреева Алиса Александровна|3238 423955|+79551580085|andreeva831@mail.ru|165|2022-06-14|зачислен|контракт
698|9|Фёдорова Виктория Александровна|7713 118951|+79945627131|fedorova976@mail.ru|208|2022-07-23|зачислен|бюджет
699|9|Степанова Екатерина Артёмовна|6276 176482|+79402318962|stepanova193@mail.ru|186|2022-06-14|отказ|бюджет
700|9|Михайлова Татьяна Михайловна|3200 982524|+79732801414|mihaylova547@mail.ru|170|2022-06-02|подано|бюджет
701|9|Козлова Анастасия Алексеевна|8702 654731|+79271353955|kozlova549@mail.ru|255|2022-07-14|отозвано|контракт
702|9|Семёнова Ольга Романовна|7271 159242|+79867610805|semenova337@mail.ru|221|2022-07-08|зачислен|бюджет
703|9|Морозов Сергей Иванович|4274 530842|+79625525203|morozov613@mail.ru|207|2022-07-08|подано|бюджет
704|9|Новиков Андрей Александрович|6893 445434|+79994897361|novikov842@mail.ru|276|2022-07-11|подано|бюджет
705|9|Петров Иван Романович|3067 211552|+79079866733|petrov704@mail.ru|272|2022-06-09|отказ|бюджет
706|9|Лебедева Мария Сергеевна|7663 591026|+79690143441|lebedeva340@mail.ru|276|2022-07-25|отказ|бюджет
707|9|Михайлова Полина Андреевна|1415 456667|+79493708465|mihaylova443@mail.ru|192|2022-06-09|подано|бюджет
708|9|Смирнов Илья Андреевич|4048 303811|+79432014714|smirnov154@mail.ru|193|2022-06-02|подано|бюджет
709|9|Петров Дмитрий Александрович|7514 701408|+79867400549|petrov144@mail.ru|262|2022-07-12|зачислен|бюджет
710|9|Николаева Татьяна Артёмовна|7657 207406|+79314289235|nikolaeva437@mail.ru|232|2022-06-19|отказ|бюджет
711|9|Лебедев Иван Ильич|1572 974579|+79655922730|lebedev254@mail.ru|244|2022-07-20|отозвано|бюджет
712|9|Орлова Татьяна Романовна|5316 580696|+79072054707|orlova205@mail.ru|161|2022-06-15|отказ|контракт
713|9|Никитина Татьяна Сергеевна|2400 246766|+79187985592|nikitina346@mail.ru|192|2022-07-08|отказ|бюджет
714|9|Егорова Наталья Алексеевна|5168 837852|+79656347617|egorova229@mail.ru|204|2022-07-11|отозвано|бюджет
715|9|Иванов Никита Александрович|3009 872925|+79632608223|ivanov325@mail.ru|192|2022-06-12|зачислен|бюджет
716|9|Соколов Максим Алексеевич|1509 541946|+79790723914|sokolov207@mail.ru|196|2022-07-16|отозвано|бюджет
717|9|Попова Юлия Романовна|3898 625679|+79558481448|popova807@mail.ru|219|2022-07-12|отказ|бюджет
718|9|Степанов Кирилл Романович|4492 248333|+79203164889|stepanov181@mail.ru|208|2022-06-01|отозвано|контракт
719|9|Михайлов Артём Иванович|3855 528192|+79551940728|mihaylov599@mail.ru|270|2022-06-17|зачислен|бюджет
720|9|Михайлова Дарья Дмитриевна|2827 221125|+79557923840|mihaylova460@mail.ru|229|2022-07-16|отказ|бюджет
721|9|Фёдорова Наталья Ильинична|2435 393984|+79225498878|fedorova449@mail.ru|211|2022-06-04|зачислен|бюджет
722|9|Павлов Сергей Иванович|3503 693841|+79041028022|pavlov124@mail.ru|193|2022-06-21|отказ|контракт
723|9|Егоров Андрей Александрович|1953 384675|+79326957207|egorov627@mail.ru|231|2022-06-02|отказ|бюджет
724|9|Семёнов Дмитрий Иванович|1746 759290|+79679005661|semenov333@mail.ru|165|2022-07-13|подано|бюджет
725|9|Соколова Елизавета Алексеевна|5053 604937|+79164774675|sokolova490@mail.ru|234|2022-07-24|отказ|бюджет
726|9|Никитина Анастасия Максимовна|5808 451809|+79416817506|nikitina171@mail.ru|163|2022-06-02|зачислен|бюджет
727|9|Никитин Алексей Артёмович|5076 557714|+79324393496|nikitin294@mail.ru|190|2022-07-04|отказ|контракт
728|9|Андреева Полина Кирилловна|2080 977720|+79331284812|andreeva244@mail.ru|200|2022-06-09|отказ|бюджет
729|9|Смирнов Кирилл Сергеевич|1415 927041|+79931027392|smirnov539@mail.ru|196|2022-07-02|зачислен|контракт
730|10|Орлова Ольга Ивановна|4222 661589|+79484251148|orlova833@mail.ru|270|2022-06-24|отозвано|контракт
731|10|Семёнов Роман Ильич|2437 494723|+79174522625|semenov897@mail.ru|248|2022-06-18|подано|бюджет
732|10|Егорова Елизавета Кирилловна|3179 573300|+79816988350|egorova709@mail.ru|295|2022-07-11|отказ|контракт
733|10|Морозов Михаил Сергеевич|5464 887200|+79663291489|morozov378@mail.ru|214|2022-06-10|зачислен|контракт
734|10|Егорова Елизавета Сергеевна|8276 446865|+79281564601|egorova484@mail.ru|261|2022-06-01|отказ|бюджет
735|10|Макарова Анастасия Ивановна|7878 205620|+79560179674|makarova120@mail.ru|300|2022-06-18|отказ|бюджет
736|10|Волков Андрей Кириллович|1040 215536|+79473054512|volkov284@mail.ru|266|2022-06-12|зачислен|контракт
737|10|Орлова Ольга Артёмовна|9674 917788|+79763082312|orlova472@mail.ru|300|2022-06-05|подано|контракт
738|10|Козлова Полина Михайловна|2121 103805|+79607210674|kozlova362@mail.ru|239|2022-07-23|зачислен|бюджет
739|10|Попов Роман Александрович|2614 902726|+79621107378|popov221@mail.ru|300|2022-06-02|отказ|контракт
740|10|Семёнов Егор Александрович|4530 482335|+79530591586|semenov367@mail.ru|251|2022-07-03|зачислен|бюджет
741|10|Николаев Алексей Дмитриевич|2142 125812|+79282085178|nikolaev171@mail.ru|218|2022-06-01|зачислен|бюджет
742|10|Кузнецов Егор Александрович|7951 386662|+79415741793|kuznecov766@mail.ru|268|2022-07-14|отозвано|бюджет
743|10|Степанова Марина Сергеевна|9492 189591|+79613896490|stepanova121@mail.ru|261|2022-07-14|отказ|контракт
744|10|Волков Илья Романович|8885 431287|+79094312856|volkov848@mail.ru|266|2022-07-19|подано|контракт
745|10|Павлова Марина Максимовна|2386 514963|+79206830264|pavlova869@mail.ru|276|2022-07-17|отозвано|бюджет
746|10|Михайлова Ксения Артёмовна|9481 964017|+79927520024|mihaylova382@mail.ru|270|2022-07-05|отказ|контракт
747|10|Андреев Михаил Артёмович|3008 603454|+79210083053|andreev964@mail.ru|253|2022-07-18|зачислен|контракт
748|10|Волков Дмитрий Иванович|9532 114330|+79712526795|volkov190@mail.ru|239|2022-07-04|зачислен|бюджет
749|10|Павлова Полина Андреевна|8151 763429|+79545455532|pavlova642@mail.ru|248|2022-07-19|зачислен|бюджет
750|10|Михайлова Анастасия Ивановна|4569 996883|+79518639799|mihaylova660@mail.ru|272|2022-07-07|отказ|бюджет
751|10|Михайлова Мария Романовна|3674 175072|+79947052715|mihaylova450@mail.ru|294|2022-06-20|зачислен|бюджет
752|10|Морозов Иван Ильич|2795 817561|+79683971974|morozov688@mail.ru|286|2022-06-08|подано|бюджет
753|10|Макаров Иван Алексеевич|4655 932827|+79549827191|makarov552@mail.ru|300|2022-06-07|подано|бюджет
754|10|Андреева Екатерина Максимовна|3681 401409|+79661976891|andreeva794@mail.ru|281|2022-07-23|подано|контракт
755|10|Соколова Алиса Сергеевна|7571 645282|+79033556770|sokolova853@mail.ru|235|2022-07-17|отказ|контракт
756|10|Морозов Алексей Кириллович|8037 478257|+79662013757|morozov339@mail.ru|282|2022-06-16|отказ|контракт
757|10|Андреев Александр Артёмович|7722 994583|+79642272344|andreev569@mail.ru|277|2022-06-09|зачислен|контракт
758|10|Макаров Егор Сергеевич|2816 206622|+79965795260|makarov841@mail.ru|260|2022-07-03|отказ|бюджет
759|10|Алексеев Андрей Михайлович|7275 507326|+79208379639|alekseev187@mail.ru|260|2022-06-14|отказ|бюджет
760|10|Никитина Ольга Романовна|9323 837261|+79718833037|nikitina701@mail.ru|281|2022-07-09|отказ|контракт
761|10|Козлова Марина Алексеевна|8110 131809|+79021331686|kozlova371@mail.ru|282|2022-07-24|зачислен|контракт
762|10|Васильева Наталья Дмитриевна|8806 770993|+79083150378|vasileva367@mail.ru|247|2022-07-22|отозвано|бюджет
763|10|Макарова Ольга Михайловна|7090 995966|+79024465634|makarova133@mail.ru|240|2022-07-16|зачислен|контракт
764|10|Васильев Алексей Иванович|1197 289044|+79730540633|vasilev530@mail.ru|252|2022-07-03|отказ|бюджет
765|10|Кузнецова Ольга Сергеевна|6646 787872|+79307629852|kuznecova737@mail.ru|300|2022-06-12|зачислен|бюджет
766|10|Фёдорова Виктория Артёмовна|3934 856570|+79547693338|fedorova227@mail.ru|297|2022-07-14|зачислен|бюджет
767|10|Смирнова Мария Александровна|1778 995067|+79490401054|smirnova964@mail.ru|226|2022-06-06|отозвано|бюджет
768|10|Попова Дарья Ильинична|1227 710797|+79089715667|popova220@mail.ru|249|2022-06-05|отказ|бюджет
769|10|Николаева Алиса Кирилловна|8709 242063|+79593622310|nikolaeva575@mail.ru|285|2022-06-15|отказ|бюджет
770|10|Алексеев Никита Артёмович|7812 222072|+79455816940|alekseev982@mail.ru|290|2022-06-20|зачислен|бюджет
771|10|Никитин Сергей Михайлович|8396 545970|+79918947790|nikitin297@mail.ru|300|2022-06-16|отказ|бюджет
772|10|Орлова Наталья Михайловна|3756 350365|+79547617738|orlova695@mail.ru|198|2022-07-21|зачислен|бюджет
773|10|Егоров Арсений Александрович|1591 774110|+79697111385|egorov943@mail.ru|299|2022-07-12|зачислен|бюджет
774|10|Козлов Андрей Максимович|3567 365915|+79664929624|kozlov271@mail.ru|290|2022-06-24|отказ|бюджет
775|10|Фёдорова Елизавета Максимовна|9276 412475|+79772724460|fedorova396@mail.ru|257|2022-07-25|отказ|бюджет
776|10|Соколов Александр Иванович|4864 280864|+79556181685|sokolov345@mail.ru|253|2022-07-21|отказ|бюджет
777|10|Никитин Роман Андреевич|5652 383999|+79560229674|nikitin191@mail.ru|244|2022-06-20|отказ|бюджет
778|10|Семёнов Кирилл Михайлович|9431 555227|+79494505737|semenov689@mail.ru|275|2022-07-04|отозвано|бюджет
779|10|Петрова Елизавета Романовна|3202 328114|+79096425881|petrova294@mail.ru|258|2022-07-11|зачислен|бюджет
780|10|Макаров Егор Артёмович|2172 819441|+79759899230|makarov321@mail.ru|300|2022-06-14|зачислен|контракт
781|10|Макарова Виктория Ивановна|8939 204498|+79471452052|makarova347@mail.ru|208|2022-06-15|отказ|контракт
782|10|Смирнова Ольга Артёмовна|5877 817082|+79214370747|smirnova843@mail.ru|300|2022-07-09|отказ|бюджет
783|10|Попова Юлия Дмитриевна|3259 692044|+79567723485|popova449@mail.ru|246|2022-06-04|отказ|бюджет
784|10|Егоров Арсений Александрович|8684 740314|+79978292154|egorov492@mail.ru|250|2022-07-06|отказ|бюджет
785|10|Степанова Ксения Александровна|6361 370333|+79587335357|stepanova316@mail.ru|293|2022-06-16|отказ|бюджет
786|10|Алексеева Наталья Михайловна|2661 966384|+79189011745|alekseeva461@mail.ru|238|2022-07-06|зачислен|бюджет
787|10|Макаров Александр Романович|4933 221906|+79948098573|makarov967@mail.ru|206|2022-06-01|отказ|бюджет
788|10|Семёнова Екатерина Алексеевна|3718 778218|+79145683393|semenova545@mail.ru|257|2022-07-23|зачислен|контракт
789|10|Морозова Марина Михайловна|7708 871149|+79519441604|morozova699@mail.ru|188|2022-06-01|отказ|бюджет
790|10|Лебедев Илья Андреевич|4742 694703|+79843060005|lebedev834@mail.ru|273|2022-07-20|зачислен|бюджет
791|10|Михайлов Артём Ильич|9185 729956|+79585606246|mihaylov197@mail.ru|265|2022-06-16|отказ|контракт
792|10|Егоров Максим Александрович|1855 409387|+79949396897|egorov955@mail.ru|231|2022-07-16|отказ|бюджет
793|10|Орлова Юлия Андреевна|7163 529082|+79955915362|orlova597@mail.ru|258|2022-07-05|отказ|бюджет
794|10|Попов Сергей Иванович|2691 195264|+79997604511|popov559@mail.ru|262|2022-06-10|отказ|контракт
795|10|Степанова Дарья Кирилловна|6888 372024|+79751333903|stepanova815@mail.ru|255|2022-06-09|отказ|бюджет
796|10|Павлов Роман Максимович|4088 854327|+79193826708|pavlov804@mail.ru|273|2022-06-01|подано|бюджет
797|10|Степанов Иван Максимович|5569 948366|+79567495204|stepanov678@mail.ru|206|2022-07-18|отказ|бюджет
798|10|Егорова Анастасия Андреевна|9595 150816|+79341930049|egorova913@mail.ru|284|2022-07-01|зачислен|контракт
799|10|Кузнецов Иван Иванович|4763 964601|+79232751872|kuznecov808@mail.ru|276|2022-06-08|подано|бюджет
800|10|Фёдоров Михаил Романович|7047 147371|+79316747715|fedorov990@mail.ru|298|2022-06-19|отозвано|бюджет
801|10|Степанов Максим Кириллович|4858 507253|+79495153695|stepanov450@mail.ru|263|2022-06-24|отказ|контракт
802|10|Лебедев Максим Максимович|6919 341714|+79728512883|lebedev695@mail.ru|259|2022-06-25|зачислен|контракт
803|10|Павлов Дмитрий Романович|7736 101372|+79695410952|pavlov355@mail.ru|276|2022-07-16|зачислен|контракт
804|10|Степанов Алексей Кириллович|1712 361172|+79676329332|stepanov913@mail.ru|232|2022-07-03|зачислен|контракт
805|10|Васильева Мария Ильинична|6332 102666|+79803058643|vasileva181@mail.ru|219|2022-07-25|отказ|бюджет
806|10|Кузнецов Иван Романович|9769 180762|+79461989569|kuznecov598@mail.ru|286|2022-07-03|отказ|бюджет
807|10|Волкова Алиса Дмитриевна|7073 309859|+79166672771|volkova904@mail.ru|300|2022-07-15|отказ|контракт
808|10|Петров Сергей Михайлович|6459 784957|+79689626909|petrov554@mail.ru|282|2022-07-06|зачислен|контракт
809|10|Морозов Дмитрий Артёмович|5035 904767|+79007929449|morozov534@mail.ru|266|2022-07-06|зачислен|контракт
810|10|Андреев Сергей Максимович|9444 436086|+79143863956|andreev817@mail.ru|261|2022-07-16|отозвано|контракт
811|10|Павлова Елизавета Александровна|2360 653349|+79754752941|pavlova640@mail.ru|201|2022-07-05|зачислен|бюджет
812|10|Павлов Михаил Михайлович|3873 258487|+79042147178|pavlov200@mail.ru|295|2022-06-02|зачислен|бюджет
813|10|Михайлова Дарья Дмитриевна|8368 257059|+79646405995|mihaylova953@mail.ru|282|2022-07-21|отказ|бюджет
814|10|Соколов Максим Дмитриевич|4397 847161|+79986829820|sokolov938@mail.ru|299|2022-07-12|отказ|бюджет
815|10|Волкова Екатерина Кирилловна|2392 526127|+79630858263|volkova940@mail.ru|296|2022-06-24|зачислен|контракт
816|10|Никитина Татьяна Андреевна|7668 911691|+79629266746|nikitina855@mail.ru|300|2022-07-10|отказ|бюджет
817|10|Макарова Мария Артёмовна|2005 233714|+79532551751|makarova608@mail.ru|252|2022-07-01|зачислен|контракт
818|10|Смирнов Максим Артёмович|9848 149630|+79288800408|smirnov525@mail.ru|253|2022-06-09|зачислен|контракт
819|10|Алексеева Дарья Алексеевна|3718 631993|+79115054425|alekseeva769@mail.ru|261|2022-07-19|отказ|контракт
820|10|Волков Андрей Сергеевич|9589 582128|+79133579714|volkov612@mail.ru|216|2022-07-11|зачислен|бюджет
821|10|Васильев Дмитрий Сергеевич|4605 964384|+79711817287|vasilev735@mail.ru|248|2022-06-01|отказ|бюджет
822|10|Петрова Анастасия Ивановна|5666 169635|+79798264345|petrova600@mail.ru|287|2022-07-01|отозвано|контракт
823|10|Алексеев Матвей Сергеевич|3385 871817|+79115391711|alekseev888@mail.ru|300|2022-06-10|отказ|контракт
824|10|Смирнов Денис Кириллович|3428 483196|+79697661256|smirnov576@mail.ru|300|2022-06-12|зачислен|контракт
825|10|Петров Роман Иванович|1273 432769|+79243676420|petrov606@mail.ru|261|2022-07-19|подано|бюджет
826|10|Волков Илья Кириллович|7806 788366|+79556685994|volkov541@mail.ru|295|2022-06-20|зачислен|бюджет
827|10|Петров Кирилл Александрович|4741 160599|+79632871131|petrov996@mail.ru|273|2022-07-14|отказ|бюджет
828|10|Семёнова Дарья Михайловна|9113 463304|+79736385679|semenova822@mail.ru|242|2022-07-03|зачислен|контракт
829|10|Алексеева Анастасия Дмитриевна|8787 985053|+79387905051|alekseeva720@mail.ru|212|2022-07-03|отказ|бюджет
830|11|Егорова Алиса Алексеевна|1160 810470|+79467949049|egorova926@mail.ru|153|2022-06-07|подано|бюджет
831|11|Морозов Сергей Александрович|1530 622610|+79349556661|morozov899@mail.ru|151|2022-06-05|зачислен|бюджет
832|11|Андреева Алиса Ильинична|3513 276659|+79515270674|andreeva724@mail.ru|142|2022-07-17|отозвано|бюджет
833|11|Алексеев Александр Сергеевич|2079 726988|+79675883487|alekseev769@mail.ru|163|2022-07-08|зачислен|контракт
834|11|Егоров Арсений Сергеевич|5555 755907|+79089908602|egorov691@mail.ru|199|2022-07-11|подано|бюджет
835|11|Николаев Роман Кириллович|2059 484041|+79455756471|nikolaev361@mail.ru|201|2022-07-08|подано|бюджет
836|11|Волкова Екатерина Ильинична|5368 401631|+79654673501|volkova386@mail.ru|179|2022-06-25|подано|бюджет
837|11|Андреев Никита Иванович|9724 898593|+79885880460|andreev485@mail.ru|185|2022-07-08|зачислен|бюджет
838|11|Иванова София Ильинична|8303 426382|+79517656404|ivanova793@mail.ru|166|2022-06-10|отказ|бюджет
839|11|Петров Иван Сергеевич|8818 182326|+79781350819|petrov340@mail.ru|135|2022-06-17|подано|бюджет
840|11|Егорова София Артёмовна|7704 742258|+79981524735|egorova157@mail.ru|177|2022-06-14|отказ|контракт
841|11|Смирнов Александр Артёмович|8030 590179|+79523020346|smirnov630@mail.ru|163|2022-06-02|отказ|бюджет
842|11|Фёдорова Ольга Алексеевна|9522 433582|+79027830336|fedorova359@mail.ru|171|2022-06-15|зачислен|бюджет
843|11|Степанова Алиса Романовна|8786 937683|+79417225445|stepanova369@mail.ru|189|2022-06-07|отказ|контракт
844|11|Фёдорова Марина Кирилловна|2337 846628|+79956997320|fedorova899@mail.ru|185|2022-06-08|отказ|бюджет
845|11|Кузнецова Полина Романовна|4888 385508|+79649466881|kuznecova703@mail.ru|200|2022-07-24|зачислен|бюджет
846|11|Иванов Андрей Максимович|4950 633713|+79441410739|ivanov842@mail.ru|195|2022-06-03|отказ|контракт
847|11|Фёдоров Роман Михайлович|3933 819866|+79388388466|fedorov256@mail.ru|202|2022-06-07|зачислен|бюджет
848|11|Кузнецова София Артёмовна|8102 627093|+79405183905|kuznecova801@mail.ru|159|2022-07-04|зачислен|бюджет
849|11|Павлов Артём Ильич|7645 423025|+79864122657|pavlov643@mail.ru|169|2022-06-12|зачислен|бюджет
850|11|Макаров Михаил Романович|6615 643386|+79798415145|makarov287@mail.ru|191|2022-07-11|отказ|бюджет
851|11|Соколова Наталья Сергеевна|9210 759501|+79692679635|sokolova969@mail.ru|151|2022-06-23|зачислен|бюджет
852|11|Алексеева Наталья Алексеевна|3051 228456|+79167474621|alekseeva701@mail.ru|184|2022-07-22|отказ|бюджет
853|11|Егорова Полина Ивановна|4216 754923|+79273715042|egorova957@mail.ru|179|2022-07-15|отказ|бюджет
854|11|Попова Алиса Михайловна|4451 637534|+79126653102|popova500@mail.ru|193|2022-07-23|отказ|бюджет
855|11|Волкова Виктория Дмитриевна|2660 423647|+79172595051|volkova772@mail.ru|131|2022-06-25|отказ|бюджет
856|11|Степанов Арсений Романович|4424 703002|+79513473540|stepanov205@mail.ru|188|2022-07-11|подано|контракт
857|11|Алексеева Елизавета Михайловна|4098 113460|+79009765494|alekseeva793@mail.ru|235|2022-07-01|зачислен|бюджет
858|11|Степанова Марина Романовна|9701 162851|+79953022651|stepanova598@mail.ru|181|2022-07-23|зачислен|бюджет
859|11|Козлова София Ильинична|9321 248382|+79242446253|kozlova220@mail.ru|120|2022-06-14|подано|бюджет
860|11|Новикова Мария Дмитриевна|9606 448680|+79177616628|novikova181@mail.ru|186|2022-06-11|отказ|бюджет
861|11|Кузнецова Дарья Ильинична|1036 596958|+79573184277|kuznecova355@mail.ru|145|2022-07-16|зачислен|бюджет
862|11|Николаева Полина Ивановна|8203 165252|+79813489097|nikolaeva398@mail.ru|177|2022-06-02|отозвано|бюджет
863|11|Алексеева Екатерина Сергеевна|6694 155027|+79092077764|alekseeva412@mail.ru|187|2022-07-10|отозвано|контракт
864|11|Егорова Анастасия Кирилловна|6214 520908|+79728539529|egorova718@mail.ru|141|2022-07-07|отказ|бюджет
865|11|Егорова Екатерина Романовна|4090 828312|+79290277308|egorova166@mail.ru|198|2022-06-12|отказ|контракт
866|11|Егоров Александр Дмитриевич|7209 475391|+79092314307|egorov956@mail.ru|154|2022-06-10|отказ|контракт
867|11|Михайлов Кирилл Максимович|6779 803678|+79590841845|mihaylov352@mail.ru|179|2022-06-14|зачислен|контракт
868|11|Егорова Виктория Кирилловна|5414 932037|+79583840565|egorova123@mail.ru|124|2022-06-17|зачислен|контракт
869|11|Андреев Михаил Иванович|8519 501816|+79827854863|andreev121@mail.ru|192|2022-06-24|зачислен|бюджет
870|11|Волков Егор Дмитриевич|4165 884372|+79487860713|volkov834@mail.ru|219|2022-06-05|отказ|бюджет
871|11|Михайлов Егор Алексеевич|6784 228812|+79618161371|mihaylov660@mail.ru|190|2022-06-13|отказ|бюджет
872|11|Васильева Екатерина Александровна|8793 194186|+79205990544|vasileva751@mail.ru|136|2022-06-03|отказ|контракт
873|11|Смирнова Виктория Александровна|6503 645380|+79946041743|smirnova733@mail.ru|182|2022-07-01|зачислен|контракт
874|11|Новикова Татьяна Романовна|6554 105593|+79717887816|novikova734@mail.ru|163|2022-06-02|зачислен|контракт
875|11|Фёдоров Максим Андреевич|6999 741135|+79868283884|fedorov600@mail.ru|190|2022-06-10|зачислен|контракт
876|11|Васильева Татьяна Александровна|8612 526826|+79814984798|vasileva571@mail.ru|195|2022-07-15|отказ|бюджет
877|11|Степанова Екатерина Кирилловна|3892 979828|+79389458096|stepanova770@mail.ru|250|2022-06-23|зачислен|бюджет
878|11|Кузнецов Арсений Романович|8260 969874|+79912368050|kuznecov330@mail.ru|124|2022-06-10|зачислен|бюджет
879|11|Морозов Кирилл Дмитриевич|3141 571798|+79097814672|morozov982@mail.ru|194|2022-06-02|подано|бюджет
880|11|Фёдорова Анастасия Алексеевна|7382 913059|+79003334780|fedorova540@mail.ru|213|2022-06-10|зачислен|контракт
881|11|Морозова София Романовна|8733 731299|+79696841955|morozova183@mail.ru|216|2022-06-16|зачислен|бюджет
882|11|Семёнов Андрей Иванович|3528 288276|+79601159961|semenov624@mail.ru|199|2022-07-21|отказ|бюджет
883|11|Фёдорова Екатерина Ивановна|5349 289850|+79875792563|fedorova378@mail.ru|235|2022-07-08|отказ|контракт
884|11|Семёнова Ольга Андреевна|6510 998360|+79271829025|semenova466@mail.ru|186|2022-07-20|отказ|бюджет
885|11|Михайлов Иван Михайлович|7190 949793|+79513581602|mihaylov439@mail.ru|202|2022-07-17|отозвано|бюджет
886|11|Павлов Никита Романович|1722 535391|+79602996357|pavlov894@mail.ru|254|2022-06-16|зачислен|бюджет
887|11|Петров Матвей Ильич|4901 441099|+79752778243|petrov960@mail.ru|215|2022-06-01|зачислен|бюджет
888|11|Семёнов Кирилл Андреевич|4939 118853|+79382210729|semenov556@mail.ru|172|2022-06-20|зачислен|бюджет
889|11|Васильева Виктория Александровна|4495 724938|+79455522680|vasileva833@mail.ru|182|2022-07-05|отказ|бюджет
890|11|Смирнов Максим Иванович|9815 424357|+79530282295|smirnov729@mail.ru|142|2022-06-17|отозвано|контракт
891|11|Михайлов Дмитрий Сергеевич|2626 294203|+79819509718|mihaylov351@mail.ru|199|2022-06-22|отказ|контракт
892|11|Фёдоров Андрей Алексеевич|3197 586935|+79955274942|fedorov716@mail.ru|197|2022-07-10|подано|контракт
893|11|Макарова Наталья Михайловна|5152 618379|+79081001998|makarova805@mail.ru|215|2022-07-01|отказ|контракт
894|11|Макаров Егор Андреевич|9429 279111|+79849304658|makarov396@mail.ru|210|2022-07-16|подано|бюджет
895|11|Смирнова Дарья Ильинична|5257 803087|+79265214706|smirnova209@mail.ru|210|2022-07-17|отказ|контракт
896|11|Степанов Михаил Сергеевич|6268 410492|+79611059293|stepanov845@mail.ru|175|2022-06-25|отказ|бюджет
897|11|Морозова Екатерина Сергеевна|1307 542869|+79127420755|morozova311@mail.ru|213|2022-07-02|отказ|бюджет
898|11|Егорова Ольга Алексеевна|6689 559575|+79476592323|egorova747@mail.ru|151|2022-07-15|отказ|бюджет
899|11|Алексеева Виктория Романовна|2511 738982|+79670695242|alekseeva763@mail.ru|235|2022-07-01|отказ|бюджет
900|11|Фёдоров Денис Дмитриевич|2255 544542|+79552034475|fedorov391@mail.ru|168|2022-07-20|зачислен|бюджет
901|11|Михайлова Виктория Сергеевна|7446 757475|+79781343230|mihaylova569@mail.ru|242|2022-07-04|подано|бюджет
902|11|Васильева Алиса Романовна|1203 643512|+79528978986|vasileva852@mail.ru|157|2022-06-17|отказ|бюджет
903|11|Никитин Алексей Андреевич|5962 788108|+79516456826|nikitin980@mail.ru|147|2022-07-14|подано|контракт
904|11|Волков Андрей Дмитриевич|3669 789636|+79097652781|volkov778@mail.ru|182|2022-06-22|подано|бюджет
905|12|Никитин Максим Александрович|2352 161677|+79789848472|nikitin172@mail.ru|199|2022-06-03|отказ|бюджет
906|12|Степанова Полина Ивановна|1199 552670|+79079068392|stepanova925@mail.ru|237|2022-07-17|зачислен|бюджет
907|12|Козлов Илья Ильич|5685 664341|+79640814390|kozlov874@mail.ru|268|2022-06-09|отказ|бюджет
908|12|Морозова Ксения Михайловна|5619 968753|+79589459178|morozova577@mail.ru|212|2022-07-13|зачислен|бюджет
909|12|Степанова Дарья Максимовна|5762 266209|+79174860239|stepanova110@mail.ru|207|2022-06-25|отозвано|контракт
910|12|Михайлов Илья Кириллович|6622 578126|+79405718215|mihaylov465@mail.ru|248|2022-06-17|зачислен|бюджет
911|12|Алексеева Полина Ивановна|7613 337666|+79948121788|alekseeva413@mail.ru|213|2022-06-08|зачислен|бюджет
912|12|Макаров Никита Александрович|7889 318099|+79735397002|makarov264@mail.ru|284|2022-06-02|зачислен|контракт
913|12|Никитин Егор Александрович|9376 883082|+79412170955|nikitin391@mail.ru|215|2022-07-24|отозвано|бюджет
914|12|Орлов Роман Иванович|1540 505918|+79667863399|orlov148@mail.ru|258|2022-07-10|зачислен|бюджет
915|12|Морозов Дмитрий Кириллович|8043 887152|+79767979412|morozov437@mail.ru|297|2022-06-24|отказ|бюджет
916|12|Семёнова Алиса Дмитриевна|5779 541692|+79637573887|semenova936@mail.ru|256|2022-06-11|подано|контракт
917|12|Васильева Дарья Сергеевна|3163 578830|+79683529896|vasileva816@mail.ru|280|2022-06-14|отозвано|контракт
918|12|Павлова София Александровна|6482 580337|+79541935378|pavlova297@mail.ru|219|2022-06-12|отказ|бюджет
919|12|Лебедев Артём Андреевич|5335 283796|+79409126459|lebedev155@mail.ru|219|2022-07-13|отказ|бюджет
920|12|Егорова Ольга Андреевна|9450 658559|+79597586607|egorova390@mail.ru|277|2022-06-11|отказ|контракт
921|12|Волков Матвей Ильич|2212 867983|+79691503825|volkov722@mail.ru|280|2022-06-24|зачислен|бюджет
922|12|Новикова Виктория Андреевна|9160 870226|+79557799816|novikova653@mail.ru|237|2022-07-01|зачислен|бюджет
923|12|Степанов Сергей Иванович|1393 109703|+79374276652|stepanov654@mail.ru|231|2022-07-09|подано|бюджет
924|12|Андреев Матвей Андреевич|2844 218216|+79065981860|andreev661@mail.ru|274|2022-06-09|отказ|бюджет
925|12|Новикова Ксения Ивановна|2135 694912|+79031842653|novikova483@mail.ru|219|2022-07-09|отказ|бюджет
926|12|Михайлова Анастасия Ивановна|3786 420039|+79546493179|mihaylova782@mail.ru|229|2022-07-12|подано|контракт
927|12|Макаров Дмитрий Алексеевич|5337 405848|+79955511223|makarov852@mail.ru|256|2022-07-13|зачислен|контракт
928|12|Егоров Артём Михайлович|5304 555847|+79889378033|egorov162@mail.ru|204|2022-06-12|отказ|бюджет
929|12|Морозов Арсений Сергеевич|8030 861730|+79729848423|morozov263@mail.ru|238|2022-06-08|зачислен|контракт
930|12|Семёнова Анастасия Романовна|5112 206142|+79113802652|semenova311@mail.ru|240|2022-07-21|отказ|бюджет
931|12|Соколов Дмитрий Михайлович|6653 266747|+79158733597|sokolov570@mail.ru|232|2022-06-11|подано|бюджет
932|12|Егорова Марина Кирилловна|7064 159828|+79042756675|egorova209@mail.ru|239|2022-06-06|отказ|бюджет
933|12|Орлов Иван Михайлович|6505 713837|+79528293824|orlov320@mail.ru|230|2022-07-24|подано|бюджет
934|12|Фёдоров Иван Александрович|2567 747484|+79680106744|fedorov126@mail.ru|245|2022-07-14|зачислен|бюджет
935|12|Николаев Арсений Максимович|1306 574237|+79812162397|nikolaev517@mail.ru|207|2022-07-21|зачислен|бюджет
936|12|Смирнова Виктория Кирилловна|6250 831731|+79122986102|smirnova163@mail.ru|219|2022-07-10|зачислен|бюджет
937|12|Кузнецов Егор Андреевич|5540 101268|+79435759334|kuznecov939@mail.ru|249|2022-06-15|отозвано|бюджет
938|12|Павлов Никита Дмитриевич|6295 571005|+79269997802|pavlov507@mail.ru|251|2022-06-11|отказ|контракт
939|12|Смирнов Андрей Иванович|4062 251079|+79152339089|smirnov708@mail.ru|223|2022-07-08|зачислен|бюджет
940|12|Степанова Виктория Максимовна|5100 570135|+79312199338|stepanova345@mail.ru|253|2022-06-11|отказ|бюджет
941|12|Козлова Алиса Михайловна|8201 937703|+79408126277|kozlova178@mail.ru|265|2022-06-20|зачислен|контракт
942|12|Козлов Илья Максимович|7473 359350|+79168544215|kozlov423@mail.ru|241|2022-07-11|отказ|бюджет
943|12|Иванова Дарья Ильинична|7341 442267|+79614273875|ivanova683@mail.ru|227|2022-07-07|подано|бюджет
944|12|Васильева Ксения Романовна|6020 395971|+79785713117|vasileva230@mail.ru|272|2022-06-23|зачислен|контракт
945|12|Лебедев Алексей Романович|8753 714270|+79502699253|lebedev335@mail.ru|255|2022-07-07|подано|бюджет
946|12|Егорова Анна Ивановна|9963 695455|+79292294934|egorova425@mail.ru|202|2022-07-21|отозвано|бюджет
947|12|Никитина Алиса Дмитриевна|3390 709714|+79551755892|nikitina109@mail.ru|202|2022-07-02|отказ|бюджет
948|12|Петрова Екатерина Михайловна|8797 960981|+79780259844|petrova360@mail.ru|293|2022-07-20|отказ|контракт
949|13|Макаров Андрей Кириллович|7008 646657|+79981764392|makarov601@mail.ru|241|2022-06-15|зачислен|бюджет
950|13|Смирнов Денис Кириллович|5880 641893|+79293862245|smirnov264@mail.ru|252|2022-06-16|отозвано|бюджет
951|13|Соколова Марина Романовна|5481 621975|+79872842395|sokolova293@mail.ru|227|2022-07-16|зачислен|бюджет
952|13|Николаева Виктория Алексеевна|8532 551162|+79380436218|nikolaeva616@mail.ru|300|2022-06-08|отказ|бюджет
953|13|Попова Анна Максимовна|7143 896713|+79721138093|popova840@mail.ru|258|2022-07-14|зачислен|бюджет
954|13|Лебедева Виктория Ильинична|5364 876910|+79010074963|lebedeva533@mail.ru|282|2022-07-23|отказ|бюджет
955|13|Попова Ксения Кирилловна|7623 787980|+79376815986|popova692@mail.ru|246|2022-06-02|зачислен|бюджет
956|13|Никитина Ксения Дмитриевна|8294 145048|+79111955325|nikitina249@mail.ru|258|2022-06-18|зачислен|бюджет
957|13|Андреев Артём Михайлович|2665 379883|+79893189508|andreev914@mail.ru|300|2022-06-10|отказ|бюджет
958|13|Николаев Иван Александрович|7818 667905|+79158889885|nikolaev471@mail.ru|239|2022-06-02|подано|бюджет
959|13|Андреев Андрей Алексеевич|8231 992200|+79440953177|andreev885@mail.ru|260|2022-06-15|подано|бюджет
960|13|Степанов Дмитрий Максимович|8189 552189|+79530712017|stepanov677@mail.ru|300|2022-07-05|подано|бюджет
961|13|Егоров Сергей Михайлович|1081 555659|+79218012092|egorov235@mail.ru|260|2022-06-13|отказ|бюджет
962|13|Семёнова Анастасия Михайловна|2832 448034|+79036813013|semenova147@mail.ru|231|2022-06-18|подано|бюджет
963|13|Никитин Матвей Михайлович|2759 409739|+79225775932|nikitin640@mail.ru|282|2022-06-07|отказ|бюджет
964|13|Соколова Елизавета Романовна|1267 955205|+79228767222|sokolova224@mail.ru|265|2022-07-19|отказ|бюджет
965|13|Новиков Кирилл Михайлович|6702 146324|+79537775813|novikov900@mail.ru|274|2022-07-08|подано|бюджет
966|13|Макарова Алиса Ивановна|1577 293529|+79296857289|makarova636@mail.ru|255|2022-06-20|отказ|бюджет
967|13|Орлова Алиса Ильинична|9372 689583|+79282150632|orlova506@mail.ru|246|2022-06-23|отказ|бюджет
968|13|Кузнецова Алиса Андреевна|7990 687554|+79582596018|kuznecova941@mail.ru|258|2022-06-22|отказ|бюджет
969|13|Егоров Александр Андреевич|8219 204402|+79281305767|egorov805@mail.ru|269|2022-07-08|отказ|контракт
970|13|Васильев Дмитрий Артёмович|1200 373405|+79506175354|vasilev710@mail.ru|280|2022-06-21|зачислен|бюджет
971|13|Егоров Алексей Михайлович|8842 414823|+79445100538|egorov328@mail.ru|269|2022-06-12|отказ|бюджет
972|13|Степанов Иван Артёмович|1349 133279|+79472918267|stepanov324@mail.ru|256|2022-07-24|зачислен|бюджет
973|13|Егоров Дмитрий Дмитриевич|2912 533182|+79781041627|egorov146@mail.ru|255|2022-07-04|отказ|бюджет
974|13|Фёдорова Елизавета Александровна|8218 613784|+79600639205|fedorova309@mail.ru|288|2022-07-25|подано|бюджет
975|13|Новиков Иван Алексеевич|5016 803102|+79372241968|novikov654@mail.ru|242|2022-07-18|отказ|бюджет
976|13|Павлов Кирилл Михайлович|9480 555887|+79451548533|pavlov622@mail.ru|282|2022-07-09|подано|бюджет
977|13|Морозова Татьяна Андреевна|4258 896525|+79913327809|morozova700@mail.ru|250|2022-06-22|зачислен|бюджет
978|13|Андреев Роман Ильич|3972 629750|+79432907522|andreev456@mail.ru|295|2022-07-02|подано|контракт
979|13|Павлов Никита Алексеевич|6141 132609|+79560230489|pavlov974@mail.ru|229|2022-07-14|зачислен|бюджет
980|13|Козлов Роман Михайлович|9875 811857|+79460503403|kozlov943@mail.ru|300|2022-07-08|подано|бюджет
981|13|Павлов Иван Иванович|8557 829802|+79448041600|pavlov903@mail.ru|282|2022-07-20|отказ|бюджет
982|13|Павлова Полина Андреевна|4252 610474|+79385748912|pavlova800@mail.ru|245|2022-06-17|отказ|контракт
983|13|Павлова Мария Михайловна|5170 616108|+79194162644|pavlova884@mail.ru|300|2022-07-07|отказ|бюджет
984|13|Фёдоров Алексей Алексеевич|4838 107430|+79709603288|fedorov200@mail.ru|295|2022-06-12|зачислен|бюджет
985|13|Соколова София Алексеевна|9242 322458|+79032758357|sokolova154@mail.ru|293|2022-06-11|подано|бюджет
986|13|Петрова Елизавета Александровна|4239 519595|+79357143697|petrova676@mail.ru|237|2022-06-05|отказ|бюджет
987|13|Соколова Мария Максимовна|8262 377132|+79741510366|sokolova613@mail.ru|246|2022-06-08|отказ|бюджет
988|13|Волкова Марина Александровна|7506 257558|+79552441485|volkova945@mail.ru|217|2022-06-04|отказ|бюджет
989|13|Смирнов Денис Алексеевич|5300 787993|+79990018924|smirnov117@mail.ru|292|2022-07-24|отказ|бюджет
990|13|Козлов Егор Алексеевич|1568 702445|+79476594181|kozlov300@mail.ru|267|2022-07-20|зачислен|контракт
991|13|Кузнецова Мария Артёмовна|7104 466329|+79821374194|kuznecova939@mail.ru|236|2022-07-14|отказ|бюджет
992|13|Лебедева Алиса Михайловна|3339 688224|+79858150923|lebedeva391@mail.ru|300|2022-07-07|зачислен|бюджет
993|13|Андреев Максим Иванович|4218 829102|+79022951268|andreev829@mail.ru|197|2022-07-20|зачислен|бюджет
994|13|Волков Роман Михайлович|5635 998855|+79281919343|volkov145@mail.ru|272|2022-07-04|подано|бюджет
995|13|Николаева Юлия Артёмовна|3134 445431|+79688577428|nikolaeva191@mail.ru|227|2022-07-23|отказ|бюджет
996|13|Фёдорова Юлия Ивановна|5071 393710|+79571966803|fedorova870@mail.ru|226|2022-06-24|отказ|бюджет
997|13|Смирнова Наталья Александровна|6105 661572|+79054970179|smirnova890@mail.ru|263|2022-07-14|отказ|контракт
998|13|Павлова Ольга Кирилловна|5356 309882|+79231361734|pavlova556@mail.ru|258|2022-06-05|отказ|контракт
999|13|Фёдоров Матвей Ильич|3852 295252|+79204385647|fedorov255@mail.ru|278|2022-07-11|отказ|контракт
1000|13|Кузнецов Арсений Дмитриевич|3442 905254|+79287968780|kuznecov378@mail.ru|268|2022-06-01|отказ|бюджет
1002|13|Макарова Анна Романовна|6832 177463|+79458259579|makarova122@mail.ru|294|2022-06-19|отозвано|бюджет
1003|13|Иванов Денис Андреевич|5550 970425|+79890266604|ivanov314@mail.ru|270|2022-06-15|подано|контракт
1004|13|Макаров Матвей Александрович|3642 492505|+79951624606|makarov848@mail.ru|270|2022-07-08|отказ|контракт
1005|13|Николаев Матвей Дмитриевич|3189 682508|+79220751945|nikolaev189@mail.ru|241|2022-07-03|отказ|контракт
1006|13|Михайлов Илья Алексеевич|6428 720785|+79370378420|mihaylov864@mail.ru|281|2022-06-11|отказ|контракт
1007|13|Семёнов Денис Ильич|1064 947109|+79108260721|semenov506@mail.ru|247|2022-06-23|отказ|бюджет
1008|13|Фёдорова Юлия Кирилловна|3727 217064|+79195515077|fedorova354@mail.ru|236|2022-06-04|отказ|контракт
1009|13|Кузнецов Матвей Артёмович|5300 274247|+79773748169|kuznecov760@mail.ru|240|2022-06-02|отказ|бюджет
1010|13|Павлов Дмитрий Кириллович|6073 648248|+79470165953|pavlov341@mail.ru|300|2022-06-06|зачислен|бюджет
1011|13|Волков Роман Михайлович|9092 492995|+79882495307|volkov286@mail.ru|296|2022-06-19|отказ|контракт
1012|13|Михайлов Александр Сергеевич|7083 628904|+79821347012|mihaylov762@mail.ru|295|2022-06-02|зачислен|бюджет
1013|13|Степанов Кирилл Александрович|4733 991747|+79777219175|stepanov454@mail.ru|234|2022-06-09|отказ|бюджет
1014|13|Козлова Дарья Дмитриевна|3615 715780|+79184288271|kozlova303@mail.ru|284|2022-07-07|отказ|бюджет
1015|13|Фёдорова Дарья Сергеевна|8406 663826|+79385016199|fedorova902@mail.ru|295|2022-06-04|подано|бюджет
1016|13|Козлова Анна Ивановна|3886 973378|+79541535504|kozlova335@mail.ru|278|2022-07-01|отказ|контракт
1017|13|Попова Юлия Артёмовна|3790 437249|+79511682557|popova815@mail.ru|287|2022-06-13|отозвано|бюджет
1018|13|Козлов Алексей Артёмович|9034 797229|+79862880659|kozlov143@mail.ru|261|2022-06-20|зачислен|бюджет
1019|13|Степанов Алексей Алексеевич|6802 221812|+79315003118|stepanov355@mail.ru|296|2022-06-11|отказ|бюджет
1020|13|Никитина Анастасия Александровна|6920 318883|+79696506059|nikitina831@mail.ru|282|2022-07-22|отказ|бюджет
1021|13|Волков Александр Алексеевич|5163 279393|+79880742801|volkov562@mail.ru|238|2022-06-20|отказ|контракт
1022|13|Андреева София Романовна|7785 613309|+79544785541|andreeva197@mail.ru|230|2022-06-11|зачислен|бюджет
1023|13|Морозов Роман Максимович|4584 503818|+79299814848|morozov732@mail.ru|247|2022-07-22|отказ|бюджет
1024|13|Васильев Матвей Кириллович|4113 631555|+79115590356|vasilev834@mail.ru|248|2022-07-04|отказ|контракт
1025|13|Андреева Дарья Кирилловна|6300 401175|+79002866933|andreeva917@mail.ru|290|2022-07-10|зачислен|бюджет
1026|13|Семёнов Матвей Романович|6760 522407|+79710912293|semenov348@mail.ru|279|2022-07-13|подано|бюджет
1027|13|Васильева София Сергеевна|2759 884762|+79628796710|vasileva286@mail.ru|300|2022-07-12|подано|бюджет
1028|13|Кузнецова Мария Кирилловна|8720 971074|+79495830400|kuznecova714@mail.ru|274|2022-07-25|зачислен|бюджет
1029|13|Фёдоров Андрей Ильич|7364 756740|+79310871391|fedorov897@mail.ru|251|2022-07-01|зачислен|бюджет
1030|13|Новикова Виктория Андреевна|4314 301269|+79343795749|novikova181@mail.ru|300|2022-06-19|подано|бюджет
1031|13|Кузнецова Ксения Алексеевна|4073 953524|+79614004344|kuznecova126@mail.ru|237|2022-06-08|подано|контракт
1032|13|Лебедева Полина Михайловна|4388 258835|+79807901113|lebedeva266@mail.ru|249|2022-06-18|зачислен|бюджет
1033|13|Макаров Дмитрий Алексеевич|5853 475445|+79791129023|makarov609@mail.ru|279|2022-06-19|отказ|бюджет
1034|13|Новикова Алиса Андреевна|6241 259048|+79848282549|novikova797@mail.ru|281|2022-07-23|подано|бюджет
1035|13|Попова Дарья Дмитриевна|3038 613337|+79463656386|popova366@mail.ru|300|2022-06-07|подано|бюджет
1036|13|Николаев Арсений Сергеевич|6743 527226|+79798036460|nikolaev502@mail.ru|300|2022-07-19|зачислен|контракт
1037|13|Фёдорова Ольга Дмитриевна|6332 369841|+79273599180|fedorova266@mail.ru|204|2022-07-12|зачислен|бюджет
1038|13|Егоров Александр Артёмович|2577 896026|+79934923319|egorov883@mail.ru|271|2022-07-08|отказ|бюджет
1039|13|Николаева Елизавета Ильинична|8838 507422|+79813242582|nikolaeva252@mail.ru|291|2022-07-05|отозвано|контракт
1040|13|Степанова Татьяна Александровна|2788 794085|+79046226768|stepanova799@mail.ru|250|2022-07-02|отозвано|бюджет
1041|13|Андреев Александр Михайлович|1368 636072|+79487820279|andreev347@mail.ru|268|2022-07-22|подано|бюджет
1042|13|Васильев Андрей Алексеевич|9727 807485|+79381982655|vasilev837@mail.ru|288|2022-07-15|отказ|бюджет
1043|13|Макаров Иван Иванович|9215 991873|+79509343547|makarov329@mail.ru|273|2022-07-02|зачислен|контракт
1044|13|Фёдорова Елизавета Артёмовна|8321 753479|+79317484775|fedorova150@mail.ru|257|2022-06-21|отозвано|бюджет
1045|13|Васильев Андрей Сергеевич|9368 954681|+79757427147|vasilev504@mail.ru|300|2022-06-06|отказ|бюджет
1046|13|Смирнов Никита Сергеевич|6404 912236|+79146927620|smirnov507@mail.ru|294|2022-07-22|отказ|бюджет
1047|13|Морозов Денис Иванович|4401 468296|+79524608922|morozov785@mail.ru|214|2022-06-24|отказ|бюджет
1048|13|Николаев Михаил Артёмович|8398 611110|+79524315864|nikolaev769@mail.ru|199|2022-06-23|отказ|бюджет
1049|13|Козлов Иван Андреевич|9197 653201|+79208685044|kozlov454@mail.ru|279|2022-06-12|отозвано|бюджет
1050|13|Кузнецов Иван Александрович|9328 805926|+79554772843|kuznecov501@mail.ru|296|2022-07-24|подано|бюджет
1051|13|Смирнова Анна Романовна|8334 928350|+79171773681|smirnova645@mail.ru|244|2022-06-12|отказ|контракт
1052|13|Петрова Марина Романовна|3885 484386|+79840952642|petrova929@mail.ru|300|2022-07-14|отказ|бюджет
1053|14|Попов Александр Сергеевич|8721 933809|+79649374731|popov239@mail.ru|177|2023-06-21|зачислен|бюджет
1054|14|Михайлова Анна Дмитриевна|1268 835216|+79900389064|mihaylova294@mail.ru|220|2023-07-06|зачислен|бюджет
1055|14|Петрова Екатерина Алексеевна|1992 850145|+79660494938|petrova175@mail.ru|216|2023-07-05|зачислен|бюджет
1056|14|Семёнова Ольга Александровна|5315 302406|+79346383331|semenova392@mail.ru|150|2023-07-08|отказ|бюджет
1057|14|Попова Татьяна Артёмовна|9803 184341|+79535633638|popova979@mail.ru|197|2023-07-19|отказ|контракт
1058|14|Егорова Елизавета Артёмовна|3825 561108|+79245999648|egorova754@mail.ru|193|2023-07-12|отозвано|контракт
1059|14|Попов Илья Иванович|1920 797005|+79542372601|popov401@mail.ru|186|2023-06-22|отказ|контракт
1060|14|Козлов Матвей Сергеевич|7803 313948|+79593800666|kozlov695@mail.ru|160|2023-07-11|отказ|бюджет
1061|14|Фёдорова Марина Сергеевна|7254 435215|+79350635913|fedorova876@mail.ru|174|2023-06-10|отозвано|контракт
1062|14|Новикова Анна Артёмовна|3398 532442|+79196618455|novikova169@mail.ru|212|2023-07-23|отказ|контракт
1063|14|Петров Алексей Максимович|6891 558807|+79017042543|petrov609@mail.ru|176|2023-06-08|отказ|контракт
1064|14|Иванова София Александровна|5100 399398|+79702634504|ivanova230@mail.ru|143|2023-06-05|зачислен|бюджет
1065|14|Егоров Матвей Алексеевич|1056 761871|+79026846964|egorov878@mail.ru|158|2023-06-05|зачислен|бюджет
1066|14|Новикова Ксения Сергеевна|6912 552770|+79478545164|novikova235@mail.ru|177|2023-07-23|отказ|контракт
1067|14|Семёнова Екатерина Андреевна|1698 591318|+79907624470|semenova997@mail.ru|166|2023-06-06|зачислен|контракт
1068|14|Павлов Арсений Дмитриевич|7935 371067|+79351760433|pavlov252@mail.ru|180|2023-07-25|подано|бюджет
1069|14|Алексеева Наталья Алексеевна|1598 139881|+79981374592|alekseeva881@mail.ru|150|2023-07-21|зачислен|бюджет
1070|14|Семёнова Юлия Максимовна|1033 190103|+79667248455|semenova617@mail.ru|200|2023-06-10|зачислен|бюджет
1071|14|Николаев Роман Александрович|2902 592427|+79145742384|nikolaev308@mail.ru|174|2023-06-09|отказ|контракт
1072|14|Фёдоров Михаил Александрович|9221 831324|+79126096455|fedorov749@mail.ru|120|2023-06-24|отказ|бюджет
1073|14|Макарова Дарья Сергеевна|5265 786356|+79909845476|makarova225@mail.ru|214|2023-07-14|отказ|бюджет
1074|14|Андреев Кирилл Ильич|9714 615364|+79926033840|andreev941@mail.ru|185|2023-06-14|отказ|бюджет
1075|14|Андреева Екатерина Ильинична|2948 103794|+79401494468|andreeva730@mail.ru|212|2023-07-19|зачислен|контракт
1076|14|Кузнецов Максим Кириллович|1461 168005|+79173971911|kuznecov638@mail.ru|186|2023-06-10|подано|контракт
1077|14|Михайлов Егор Андреевич|9214 854764|+79214698726|mihaylov727@mail.ru|149|2023-07-11|отказ|бюджет
1078|14|Соколова Татьяна Дмитриевна|3580 174004|+79101168635|sokolova932@mail.ru|228|2023-07-09|подано|бюджет
1079|14|Кузнецова Алиса Ильинична|7410 199311|+79333944323|kuznecova503@mail.ru|140|2023-07-16|зачислен|контракт
1080|14|Лебедев Иван Михайлович|6771 251844|+79489246273|lebedev249@mail.ru|141|2023-06-17|подано|бюджет
1081|14|Козлов Сергей Дмитриевич|3267 309067|+79708106081|kozlov568@mail.ru|177|2023-06-16|зачислен|бюджет
1082|14|Макаров Андрей Алексеевич|9610 923548|+79193145815|makarov630@mail.ru|202|2023-07-04|подано|бюджет
1083|14|Степанов Андрей Романович|3936 959966|+79590113281|stepanov294@mail.ru|175|2023-07-06|подано|контракт
1084|14|Попов Сергей Ильич|2546 957182|+79860637569|popov124@mail.ru|170|2023-07-15|отказ|бюджет
1085|14|Андреев Никита Михайлович|9564 158952|+79687363363|andreev878@mail.ru|166|2023-06-09|зачислен|бюджет
1086|14|Попова Наталья Михайловна|1498 175747|+79834044931|popova336@mail.ru|264|2023-06-05|зачислен|контракт
1087|14|Петрова Виктория Кирилловна|9601 981920|+79797192588|petrova231@mail.ru|207|2023-06-14|отозвано|бюджет
1088|14|Макарова Алиса Александровна|3942 844180|+79726964906|makarova705@mail.ru|156|2023-06-22|отказ|контракт
1089|14|Андреев Андрей Максимович|1152 766200|+79897613747|andreev883@mail.ru|193|2023-07-21|зачислен|бюджет
1090|14|Петров Арсений Максимович|5325 349197|+79225943877|petrov165@mail.ru|240|2023-07-08|отозвано|контракт
1091|14|Соколов Андрей Дмитриевич|6510 996881|+79436278975|sokolov144@mail.ru|199|2023-07-03|зачислен|бюджет
1092|14|Макаров Александр Артёмович|7077 701066|+79775082479|makarov765@mail.ru|182|2023-07-05|отозвано|контракт
1093|14|Макаров Максим Сергеевич|2540 185227|+79786679321|makarov702@mail.ru|191|2023-07-03|отказ|бюджет
1094|14|Кузнецов Егор Михайлович|6505 491044|+79410496208|kuznecov170@mail.ru|183|2023-07-25|отказ|бюджет
1095|14|Андреева Ксения Андреевна|2091 787668|+79565880720|andreeva332@mail.ru|220|2023-07-16|зачислен|бюджет
1096|14|Орлов Артём Кириллович|1587 992263|+79885712488|orlov802@mail.ru|180|2023-07-16|зачислен|бюджет
1097|14|Павлов Александр Артёмович|3378 358473|+79758688453|pavlov267@mail.ru|205|2023-06-10|зачислен|бюджет
1098|14|Васильев Матвей Михайлович|7131 353626|+79045813365|vasilev436@mail.ru|158|2023-07-14|отказ|контракт
1099|14|Николаев Роман Михайлович|6724 409148|+79877483536|nikolaev403@mail.ru|187|2023-07-20|зачислен|контракт
1100|14|Смирнов Иван Кириллович|6288 540752|+79431343511|smirnov605@mail.ru|208|2023-06-20|отказ|бюджет
1101|14|Васильев Иван Александрович|1527 999641|+79618854993|vasilev827@mail.ru|154|2023-07-03|отказ|бюджет
1102|14|Кузнецова Дарья Алексеевна|5918 111881|+79776122060|kuznecova183@mail.ru|210|2023-07-17|отказ|бюджет
1103|14|Козлова Анна Сергеевна|2183 490628|+79618468625|kozlova657@mail.ru|180|2023-07-08|отказ|бюджет
1104|14|Смирнова Татьяна Александровна|1232 193231|+79917176678|smirnova539@mail.ru|172|2023-07-21|отказ|бюджет
1105|14|Новикова Дарья Ивановна|5672 302952|+79062643849|novikova519@mail.ru|151|2023-06-10|зачислен|бюджет
1106|14|Иванов Егор Михайлович|2160 347670|+79600780680|ivanov518@mail.ru|182|2023-06-01|зачислен|контракт
1107|14|Попова Ксения Сергеевна|6095 272527|+79746542866|popova165@mail.ru|166|2023-06-04|отказ|контракт
1108|14|Павлов Илья Артёмович|7131 569842|+79332739628|pavlov413@mail.ru|124|2023-06-12|отказ|бюджет
1109|14|Иванов Алексей Артёмович|8210 971233|+79000232796|ivanov379@mail.ru|189|2023-06-15|отказ|бюджет
1110|14|Волкова Виктория Артёмовна|5780 720781|+79653031320|volkova307@mail.ru|154|2023-06-24|отказ|бюджет
1111|14|Степанова Наталья Дмитриевна|7877 828275|+79202572677|stepanova522@mail.ru|235|2023-06-08|отказ|контракт
1112|14|Лебедев Роман Сергеевич|8054 931754|+79526732257|lebedev293@mail.ru|178|2023-07-13|подано|бюджет
1113|14|Козлова Юлия Кирилловна|2594 925063|+79287185594|kozlova379@mail.ru|199|2023-06-04|подано|бюджет
1114|14|Орлов Артём Ильич|9734 754939|+79841721742|orlov422@mail.ru|199|2023-07-25|отказ|контракт
1115|14|Петрова Татьяна Кирилловна|6254 115434|+79295787103|petrova709@mail.ru|175|2023-07-12|зачислен|бюджет
1116|14|Васильев Арсений Андреевич|7361 449738|+79419429707|vasilev575@mail.ru|168|2023-07-22|зачислен|бюджет
1117|14|Павлов Алексей Дмитриевич|9530 130559|+79054320564|pavlov292@mail.ru|213|2023-07-04|зачислен|бюджет
1118|14|Соколов Никита Максимович|9527 889637|+79442918748|sokolov248@mail.ru|202|2023-06-08|подано|бюджет
1119|14|Семёнов Денис Артёмович|4205 841176|+79631263945|semenov604@mail.ru|167|2023-07-24|отказ|бюджет
1120|14|Семёнова Ксения Дмитриевна|6294 664208|+79019448591|semenova673@mail.ru|211|2023-06-13|зачислен|бюджет
1121|14|Петров Матвей Андреевич|3659 249300|+79984306206|petrov712@mail.ru|178|2023-07-05|отказ|контракт
1122|14|Васильева Мария Максимовна|2495 348740|+79209619000|vasileva465@mail.ru|191|2023-07-19|отказ|бюджет
1123|14|Соколова Виктория Михайловна|8870 563879|+79325004621|sokolova225@mail.ru|165|2023-07-01|отказ|бюджет
1124|14|Морозова Виктория Артёмовна|4825 474692|+79580641749|morozova410@mail.ru|172|2023-07-16|подано|бюджет
1125|14|Кузнецова Дарья Сергеевна|3268 463368|+79674370463|kuznecova714@mail.ru|180|2023-06-16|отказ|бюджет
1126|14|Морозова Виктория Ильинична|1103 563274|+79745093763|morozova626@mail.ru|191|2023-07-25|подано|бюджет
1127|14|Михайлов Александр Максимович|8520 286015|+79444675753|mihaylov987@mail.ru|187|2023-07-04|отказ|бюджет
1128|14|Кузнецов Кирилл Ильич|8714 632896|+79979645509|kuznecov735@mail.ru|220|2023-07-13|отказ|бюджет
1129|15|Николаев Никита Александрович|7616 990247|+79041551110|nikolaev417@mail.ru|300|2023-07-17|отозвано|бюджет
1130|15|Лебедева Анна Артёмовна|1219 414507|+79325296286|lebedeva938@mail.ru|249|2023-07-15|отказ|бюджет
1131|15|Соколова Екатерина Сергеевна|2524 246209|+79627269869|sokolova780@mail.ru|254|2023-07-10|зачислен|контракт
1132|15|Морозов Арсений Сергеевич|1301 337857|+79701046946|morozov331@mail.ru|243|2023-07-12|отказ|контракт
1133|15|Макарова София Максимовна|9127 771284|+79064106868|makarova840@mail.ru|277|2023-06-17|зачислен|бюджет
1134|15|Алексеева Наталья Артёмовна|4191 357591|+79351475465|alekseeva810@mail.ru|244|2023-07-08|отказ|бюджет
1135|15|Соколова Екатерина Артёмовна|4223 488617|+79784841465|sokolova991@mail.ru|194|2023-07-25|подано|бюджет
1136|15|Никитин Денис Михайлович|4193 621456|+79997860548|nikitin988@mail.ru|256|2023-06-08|отказ|бюджет
1137|15|Соколова Татьяна Ильинична|5822 233771|+79001040679|sokolova930@mail.ru|229|2023-07-07|отказ|бюджет
1138|15|Попова Ольга Максимовна|5343 581067|+79593355070|popova252@mail.ru|211|2023-07-12|отказ|бюджет
1139|15|Смирнов Кирилл Артёмович|8507 351931|+79010642925|smirnov854@mail.ru|215|2023-07-11|отказ|бюджет
1140|15|Михайлов Дмитрий Александрович|9666 817021|+79142145755|mihaylov220@mail.ru|261|2023-06-01|подано|контракт
1141|15|Никитин Иван Алексеевич|9982 130254|+79828298689|nikitin959@mail.ru|229|2023-06-25|отказ|бюджет
1142|15|Соколова Татьяна Ивановна|8041 465637|+79535814051|sokolova111@mail.ru|251|2023-06-20|зачислен|контракт
1143|15|Никитина София Кирилловна|2460 376075|+79369827609|nikitina515@mail.ru|177|2023-07-20|зачислен|бюджет
1144|15|Кузнецова Ольга Сергеевна|8174 984168|+79075147603|kuznecova298@mail.ru|264|2023-06-11|отказ|бюджет
1145|15|Орлов Сергей Иванович|5114 248401|+79478588832|orlov558@mail.ru|240|2023-06-14|отказ|бюджет
1146|15|Алексеева Юлия Александровна|7395 782029|+79188624860|alekseeva482@mail.ru|204|2023-06-19|зачислен|бюджет
1147|15|Андреева Екатерина Андреевна|2908 845273|+79730342169|andreeva162@mail.ru|211|2023-06-23|зачислен|бюджет
1148|15|Никитина Анастасия Максимовна|2020 750369|+79654761305|nikitina839@mail.ru|262|2023-06-08|зачислен|бюджет
1149|15|Павлов Матвей Сергеевич|1829 142069|+79761878467|pavlov880@mail.ru|214|2023-07-22|отказ|бюджет
1150|15|Смирнов Максим Михайлович|1676 631641|+79205729523|smirnov399@mail.ru|244|2023-07-06|подано|бюджет
1151|15|Егорова Виктория Артёмовна|5540 613493|+79279933540|egorova872@mail.ru|230|2023-07-09|отказ|контракт
1152|15|Новиков Иван Дмитриевич|8532 136154|+79713383951|novikov657@mail.ru|244|2023-07-14|отказ|контракт
1153|15|Козлов Александр Александрович|5444 840830|+79284697773|kozlov976@mail.ru|237|2023-07-21|отказ|бюджет
1154|15|Макаров Роман Артёмович|2188 882577|+79581931809|makarov564@mail.ru|198|2023-06-09|отозвано|бюджет
1155|15|Кузнецова Ксения Ильинична|6870 525795|+79751160744|kuznecova282@mail.ru|245|2023-07-19|отказ|бюджет
1156|15|Козлов Никита Сергеевич|1270 929982|+79840160416|kozlov708@mail.ru|247|2023-07-03|отказ|контракт
1157|15|Новикова Марина Андреевна|7987 942425|+79006089772|novikova910@mail.ru|275|2023-07-05|зачислен|бюджет
1158|15|Лебедев Денис Михайлович|4221 328928|+79125807409|lebedev428@mail.ru|217|2023-07-18|зачислен|бюджет
1159|15|Егорова Алиса Романовна|3815 163290|+79810841450|egorova609@mail.ru|214|2023-06-11|зачислен|бюджет
1160|15|Макаров Арсений Иванович|4698 887378|+79428617555|makarov413@mail.ru|265|2023-07-15|зачислен|контракт
1161|15|Егорова Ольга Алексеевна|4811 202338|+79210682101|egorova519@mail.ru|250|2023-07-15|подано|бюджет
1162|15|Никитин Александр Алексеевич|6176 193132|+79172114119|nikitin820@mail.ru|226|2023-07-21|отозвано|бюджет
1163|15|Козлова Наталья Андреевна|1813 753681|+79105813382|kozlova939@mail.ru|227|2023-06-21|подано|контракт
1164|15|Волков Михаил Артёмович|5293 934976|+79934578082|volkov987@mail.ru|231|2023-06-07|зачислен|бюджет
1165|15|Павлова Елизавета Дмитриевна|1219 947655|+79826206438|pavlova456@mail.ru|300|2023-07-08|отказ|контракт
1166|15|Степанов Арсений Андреевич|3016 944048|+79558991205|stepanov227@mail.ru|231|2023-06-18|отозвано|контракт
1167|15|Андреев Иван Александрович|5522 410904|+79067434486|andreev558@mail.ru|203|2023-07-15|зачислен|бюджет
1168|15|Степанова Полина Максимовна|5756 601064|+79404800299|stepanova955@mail.ru|300|2023-07-15|зачислен|контракт
1169|15|Попова Полина Артёмовна|6758 603053|+79727789639|popova156@mail.ru|282|2023-06-22|подано|бюджет
1170|15|Фёдорова Наталья Романовна|3246 205091|+79178942665|fedorova716@mail.ru|218|2023-06-14|зачислен|бюджет
1171|15|Козлов Михаил Александрович|3749 424032|+79611617831|kozlov831@mail.ru|232|2023-07-23|отказ|бюджет
1172|15|Андреева Виктория Михайловна|5635 432754|+79096094836|andreeva647@mail.ru|233|2023-07-16|подано|контракт
1173|15|Кузнецова Ксения Романовна|3170 944689|+79711466929|kuznecova768@mail.ru|211|2023-07-21|отказ|бюджет
1174|15|Михайлов Егор Ильич|2990 691605|+79451577448|mihaylov453@mail.ru|255|2023-06-24|подано|бюджет
1175|15|Кузнецова Анастасия Сергеевна|4194 677786|+79382779212|kuznecova196@mail.ru|243|2023-06-15|отозвано|контракт
1176|15|Иванов Дмитрий Михайлович|4803 182157|+79433913872|ivanov441@mail.ru|269|2023-06-01|отказ|бюджет
1177|15|Смирнова Виктория Максимовна|5784 773505|+79950510345|smirnova791@mail.ru|244|2023-07-09|отказ|бюджет
1178|15|Степанова Екатерина Михайловна|8043 760793|+79396009988|stepanova569@mail.ru|235|2023-07-11|отказ|бюджет
1179|15|Семёнова Мария Максимовна|1957 774379|+79456251901|semenova905@mail.ru|237|2023-06-01|отказ|контракт
1180|15|Лебедев Михаил Ильич|1387 730885|+79204162236|lebedev804@mail.ru|255|2023-06-06|отказ|бюджет
1181|15|Попов Егор Дмитриевич|4856 530679|+79395418525|popov835@mail.ru|278|2023-07-11|отказ|бюджет
1182|15|Никитина Виктория Сергеевна|8167 600412|+79743727099|nikitina139@mail.ru|270|2023-07-04|отказ|бюджет
1183|15|Алексеева Екатерина Ивановна|5881 104425|+79571622127|alekseeva596@mail.ru|262|2023-06-23|отказ|бюджет
1184|15|Михайлов Сергей Ильич|2560 378276|+79639360689|mihaylov110@mail.ru|252|2023-06-03|зачислен|бюджет
1185|15|Никитин Михаил Артёмович|5727 686834|+79702159365|nikitin183@mail.ru|259|2023-07-04|отозвано|бюджет
1186|15|Новиков Андрей Романович|6837 546082|+79681601939|novikov524@mail.ru|250|2023-07-22|подано|бюджет
1187|15|Морозова Юлия Михайловна|7654 505614|+79530826722|morozova896@mail.ru|287|2023-07-18|отказ|бюджет
1188|15|Семёнова Юлия Артёмовна|1843 278211|+79645141753|semenova112@mail.ru|239|2023-07-23|подано|контракт
1189|15|Орлова София Сергеевна|6595 240437|+79901143231|orlova878@mail.ru|249|2023-06-08|отказ|бюджет
1190|15|Егорова Анна Артёмовна|6133 310607|+79987607010|egorova620@mail.ru|275|2023-07-07|подано|бюджет
1191|15|Васильев Сергей Андреевич|7556 195809|+79005629306|vasilev601@mail.ru|226|2023-07-19|зачислен|бюджет
1192|15|Иванова Ксения Романовна|2997 559817|+79885252897|ivanova148@mail.ru|264|2023-07-13|отказ|бюджет
1193|15|Волков Матвей Кириллович|5440 989283|+79593871718|volkov467@mail.ru|224|2023-07-09|отказ|контракт
1194|15|Орлов Денис Андреевич|6443 757816|+79235359621|orlov355@mail.ru|243|2023-06-16|отказ|бюджет
1195|15|Андреев Никита Сергеевич|6125 958230|+79347614480|andreev175@mail.ru|298|2023-06-23|отказ|бюджет
1196|15|Егоров Дмитрий Михайлович|6716 355162|+79268030487|egorov358@mail.ru|255|2023-07-21|подано|бюджет
1197|15|Алексеева Мария Михайловна|3159 539026|+79390055338|alekseeva782@mail.ru|218|2023-06-06|подано|бюджет
1198|15|Кузнецов Егор Максимович|9431 216241|+79908722187|kuznecov686@mail.ru|244|2023-06-08|отказ|бюджет
1199|15|Соколова Марина Андреевна|3882 505607|+79530143290|sokolova424@mail.ru|240|2023-06-24|зачислен|бюджет
1200|15|Иванова Полина Ивановна|2276 537883|+79330111018|ivanova888@mail.ru|284|2023-07-16|отказ|контракт
1201|15|Степанов Арсений Ильич|5500 504158|+79898694491|stepanov947@mail.ru|217|2023-07-18|подано|бюджет
1202|15|Козлова Екатерина Романовна|8181 560854|+79136569953|kozlova187@mail.ru|274|2023-07-11|отозвано|контракт
1203|15|Семёнов Егор Сергеевич|3476 887635|+79660992401|semenov199@mail.ru|240|2023-07-23|зачислен|бюджет
1204|15|Кузнецов Илья Александрович|9450 742046|+79045937700|kuznecov659@mail.ru|230|2023-07-02|отказ|контракт
1205|15|Орлова Наталья Максимовна|4458 928985|+79701840586|orlova138@mail.ru|255|2023-07-03|зачислен|контракт
1206|15|Алексеев Алексей Дмитриевич|3059 179055|+79578715777|alekseev530@mail.ru|241|2023-07-02|отказ|контракт
1207|15|Петров Арсений Максимович|6059 178761|+79340482572|petrov870@mail.ru|266|2023-06-13|отказ|контракт
1208|15|Волков Денис Александрович|2511 560745|+79784742710|volkov528@mail.ru|242|2023-07-15|отозвано|контракт
1209|15|Морозова Наталья Ильинична|8292 852605|+79684508587|morozova655@mail.ru|263|2023-06-12|подано|бюджет
1210|15|Павлова Марина Ильинична|9710 890717|+79150414717|pavlova263@mail.ru|275|2023-07-17|зачислен|бюджет
1211|15|Морозова Мария Дмитриевна|6129 359600|+79783706015|morozova113@mail.ru|272|2023-06-14|подано|бюджет
1212|15|Семёнова Дарья Сергеевна|1624 555824|+79705202387|semenova802@mail.ru|269|2023-06-16|отказ|контракт
1213|15|Андреев Матвей Ильич|6910 599265|+79031302127|andreev572@mail.ru|200|2023-07-20|зачислен|бюджет
1214|15|Егоров Илья Иванович|8351 892032|+79638728921|egorov603@mail.ru|253|2023-07-25|отозвано|бюджет
1215|15|Егорова Екатерина Андреевна|7437 150277|+79913192000|egorova966@mail.ru|213|2023-06-17|отказ|бюджет
1216|15|Новиков Артём Александрович|8820 617307|+79539664624|novikov790@mail.ru|300|2023-06-07|отказ|бюджет
1217|15|Павлова Юлия Романовна|4201 963670|+79303842874|pavlova223@mail.ru|266|2023-06-10|отозвано|бюджет
1218|15|Орлов Арсений Дмитриевич|1106 461296|+79262428771|orlov309@mail.ru|225|2023-07-17|отозвано|бюджет
1219|16|Егоров Арсений Иванович|7310 806592|+79413791763|egorov574@mail.ru|281|2023-06-13|отозвано|бюджет
1220|16|Козлов Илья Максимович|6477 532655|+79203818841|kozlov555@mail.ru|232|2023-07-14|отозвано|контракт
1221|16|Петров Матвей Кириллович|2579 541320|+79601922187|petrov402@mail.ru|298|2023-06-06|отказ|бюджет
1222|16|Андреев Михаил Иванович|4568 962817|+79693723762|andreev385@mail.ru|300|2023-07-14|отказ|контракт
1223|16|Михайлова Ксения Ильинична|4088 353585|+79270991399|mihaylova259@mail.ru|236|2023-07-13|отказ|контракт
1224|16|Морозов Матвей Андреевич|7542 985502|+79649397285|morozov784@mail.ru|269|2023-06-01|отозвано|бюджет
1225|16|Козлов Сергей Дмитриевич|8442 425665|+79338079125|kozlov255@mail.ru|245|2023-07-18|отказ|контракт
1226|16|Степанова Виктория Дмитриевна|2626 251185|+79751390998|stepanova230@mail.ru|251|2023-07-18|отказ|бюджет
1227|16|Егоров Сергей Иванович|3463 373077|+79691938188|egorov405@mail.ru|300|2023-07-13|отказ|бюджет
1228|16|Лебедев Артём Александрович|3952 458167|+79373614469|lebedev846@mail.ru|263|2023-06-23|отозвано|бюджет
1229|16|Семёнов Максим Иванович|5432 194565|+79810468708|semenov384@mail.ru|242|2023-06-21|зачислен|контракт
1230|16|Егоров Денис Артёмович|7629 659707|+79429940612|egorov897@mail.ru|295|2023-06-06|зачислен|бюджет
1231|16|Иванов Артём Сергеевич|6136 400016|+79121049539|ivanov156@mail.ru|259|2023-07-18|отказ|бюджет
1232|16|Михайлова Анна Михайловна|3907 106322|+79007971156|mihaylova710@mail.ru|248|2023-07-16|отказ|бюджет
1233|16|Кузнецова Полина Сергеевна|4792 168856|+79624869890|kuznecova649@mail.ru|230|2023-06-03|отказ|контракт
1234|16|Козлова Алиса Дмитриевна|9002 781969|+79334593933|kozlova557@mail.ru|224|2023-07-11|подано|бюджет
1235|16|Павлов Сергей Александрович|3241 188534|+79529390855|pavlov907@mail.ru|300|2023-07-14|отказ|контракт
1236|16|Петров Иван Артёмович|5375 672290|+79700061811|petrov446@mail.ru|252|2023-06-24|отказ|бюджет
1237|16|Смирнова Татьяна Дмитриевна|5865 630884|+79841706928|smirnova686@mail.ru|270|2023-07-18|отказ|бюджет
1238|16|Морозов Арсений Александрович|7591 543697|+79883782533|morozov766@mail.ru|258|2023-06-16|зачислен|бюджет
1239|16|Михайлова Наталья Кирилловна|7503 104258|+79507678632|mihaylova251@mail.ru|260|2023-07-13|отказ|контракт
1240|16|Козлов Артём Романович|6896 298410|+79459922438|kozlov823@mail.ru|287|2023-06-11|зачислен|бюджет
1241|16|Васильева София Алексеевна|3502 453541|+79326140998|vasileva362@mail.ru|292|2023-06-17|зачислен|бюджет
1242|16|Васильев Сергей Михайлович|1512 892230|+79517969615|vasilev207@mail.ru|288|2023-06-17|отказ|контракт
1243|16|Степанов Михаил Кириллович|2479 793372|+79000276523|stepanov515@mail.ru|259|2023-07-05|отказ|контракт
1244|16|Волков Арсений Ильич|9050 737224|+79769104979|volkov685@mail.ru|278|2023-06-08|отказ|контракт
1245|16|Лебедева Наталья Максимовна|5168 344355|+79723658642|lebedeva912@mail.ru|278|2023-06-04|отозвано|бюджет
1246|16|Михайлов Максим Андреевич|4677 463077|+79458097317|mihaylov562@mail.ru|299|2023-07-07|отказ|бюджет
1247|16|Соколова Елизавета Артёмовна|3054 212633|+79669337264|sokolova301@mail.ru|257|2023-06-14|зачислен|контракт
1248|16|Павлова Анна Романовна|4475 149338|+79917948844|pavlova348@mail.ru|274|2023-07-12|зачислен|бюджет
1249|16|Смирнова Татьяна Кирилловна|8282 441957|+79298298576|smirnova234@mail.ru|300|2023-06-04|зачислен|бюджет
1250|16|Кузнецов Никита Андреевич|9212 519661|+79304399614|kuznecov980@mail.ru|282|2023-06-09|зачислен|контракт
1251|16|Фёдоров Алексей Ильич|4778 962491|+79682579746|fedorov644@mail.ru|289|2023-07-15|отказ|бюджет
1252|16|Козлова Анна Михайловна|8671 206094|+79977749841|kozlova561@mail.ru|259|2023-06-25|отказ|бюджет
1253|16|Кузнецова Елизавета Дмитриевна|7703 206978|+79610860573|kuznecova269@mail.ru|227|2023-07-20|отказ|контракт
1254|16|Васильева Дарья Андреевна|8176 316520|+79029255617|vasileva106@mail.ru|282|2023-06-18|отозвано|бюджет
1255|16|Андреева Анастасия Дмитриевна|7762 860488|+79035623540|andreeva716@mail.ru|279|2023-06-20|отказ|бюджет
1256|16|Никитин Денис Михайлович|8823 633928|+79833558609|nikitin874@mail.ru|223|2023-06-07|зачислен|контракт
1257|16|Морозов Михаил Дмитриевич|1664 222385|+79236323480|morozov698@mail.ru|300|2023-07-04|отказ|контракт
1258|16|Волкова Татьяна Ивановна|3360 476093|+79956613208|volkova984@mail.ru|237|2023-07-07|зачислен|бюджет
1259|16|Степанова Наталья Максимовна|4820 848382|+79050925927|stepanova657@mail.ru|281|2023-07-13|подано|бюджет
1260|16|Андреева Татьяна Михайловна|5330 254229|+79452774899|andreeva186@mail.ru|300|2023-06-10|зачислен|бюджет
1261|16|Степанова Алиса Артёмовна|6934 332162|+79115171765|stepanova684@mail.ru|297|2023-06-18|отказ|бюджет
1262|16|Алексеева Ольга Андреевна|7709 440422|+79896329719|alekseeva690@mail.ru|283|2023-06-20|отказ|бюджет
1263|16|Алексеев Денис Михайлович|9679 567434|+79894921539|alekseev110@mail.ru|261|2023-06-09|подано|бюджет
1264|16|Алексеева Анастасия Максимовна|9766 140774|+79386043474|alekseeva747@mail.ru|253|2023-07-23|подано|бюджет
1265|16|Алексеева София Ивановна|7673 371344|+79091085970|alekseeva448@mail.ru|263|2023-06-02|зачислен|бюджет
1266|16|Никитин Арсений Дмитриевич|8410 207263|+79592232801|nikitin599@mail.ru|282|2023-06-03|отозвано|бюджет
1267|16|Кузнецов Денис Александрович|5220 203852|+79405411743|kuznecov322@mail.ru|283|2023-07-04|зачислен|бюджет
1268|16|Орлов Иван Александрович|4199 238386|+79854682384|orlov155@mail.ru|300|2023-06-22|подано|контракт
1269|16|Козлов Сергей Сергеевич|8269 444300|+79641358346|kozlov352@mail.ru|196|2023-06-10|подано|бюджет
1270|16|Козлова Наталья Романовна|6400 725562|+79629320529|kozlova140@mail.ru|256|2023-07-13|отозвано|бюджет
1271|16|Попова Юлия Михайловна|2020 871697|+79174188555|popova655@mail.ru|300|2023-06-05|зачислен|контракт
1272|16|Морозова Полина Артёмовна|4468 278869|+79974840656|morozova460@mail.ru|281|2023-06-17|отказ|бюджет
1273|16|Никитин Кирилл Кириллович|9877 929361|+79530469231|nikitin940@mail.ru|279|2023-07-25|подано|бюджет
1274|16|Никитина Елизавета Максимовна|6160 351352|+79179629447|nikitina201@mail.ru|209|2023-07-02|отозвано|бюджет
1275|16|Смирнов Андрей Романович|7486 512643|+79293082566|smirnov389@mail.ru|272|2023-07-23|зачислен|бюджет
1276|16|Волков Егор Алексеевич|6519 353750|+79342461228|volkov540@mail.ru|282|2023-07-23|зачислен|контракт
1277|16|Соколов Александр Кириллович|3545 528157|+79908224361|sokolov207@mail.ru|300|2023-07-15|зачислен|бюджет
1278|16|Петров Кирилл Ильич|8239 707582|+79683748984|petrov815@mail.ru|300|2023-06-02|зачислен|контракт
1279|16|Кузнецов Никита Сергеевич|8101 157466|+79301069725|kuznecov359@mail.ru|300|2023-07-09|подано|контракт
1280|16|Андреев Илья Алексеевич|7311 599933|+79109747581|andreev130@mail.ru|300|2023-06-25|отказ|контракт
1281|16|Михайлов Роман Михайлович|8851 394423|+79289828570|mihaylov219@mail.ru|300|2023-06-06|подано|бюджет
1282|16|Лебедев Андрей Ильич|3651 849959|+79166732761|lebedev530@mail.ru|297|2023-07-11|зачислен|бюджет
1283|16|Волков Артём Михайлович|2956 860016|+79688075227|volkov786@mail.ru|291|2023-06-12|отозвано|контракт
1284|16|Михайлов Кирилл Кириллович|9176 499220|+79374097918|mihaylov603@mail.ru|292|2023-06-08|зачислен|бюджет
1285|16|Никитин Артём Артёмович|4291 909660|+79325537388|nikitin495@mail.ru|256|2023-06-16|отказ|контракт
1286|16|Кузнецов Александр Кириллович|5938 466447|+79490823794|kuznecov614@mail.ru|256|2023-07-10|зачислен|бюджет
1287|16|Козлова Марина Андреевна|6558 188132|+79821290525|kozlova765@mail.ru|300|2023-07-10|отказ|бюджет
1288|16|Иванов Алексей Сергеевич|3552 962789|+79946826118|ivanov190@mail.ru|271|2023-07-15|подано|бюджет
1289|16|Новикова Марина Алексеевна|1659 804008|+79406375113|novikova645@mail.ru|291|2023-06-24|отозвано|бюджет
1290|16|Петров Александр Ильич|6368 644769|+79524862985|petrov828@mail.ru|280|2023-06-25|отозвано|бюджет
1291|16|Михайлова Алиса Александровна|2467 464726|+79062809639|mihaylova708@mail.ru|244|2023-07-16|зачислен|контракт
1292|16|Морозов Максим Иванович|7424 676775|+79871875970|morozov527@mail.ru|256|2023-06-12|отозвано|контракт
1293|16|Макарова Полина Кирилловна|9485 370017|+79120089929|makarova274@mail.ru|196|2023-07-20|отказ|контракт
1294|16|Макаров Сергей Дмитриевич|6051 870596|+79125075346|makarov418@mail.ru|300|2023-06-11|отказ|контракт
1295|16|Николаев Роман Кириллович|8012 430541|+79124403008|nikolaev313@mail.ru|300|2023-06-08|отказ|бюджет
1296|16|Васильев Андрей Александрович|5945 934496|+79621790117|vasilev484@mail.ru|267|2023-07-06|зачислен|бюджет
1297|16|Лебедев Максим Михайлович|2452 202602|+79373851697|lebedev865@mail.ru|300|2023-07-04|подано|бюджет
1298|16|Никитин Егор Артёмович|5553 706622|+79362072378|nikitin186@mail.ru|292|2023-06-13|подано|бюджет
1299|16|Семёнов Иван Михайлович|1701 677178|+79891311156|semenov509@mail.ru|244|2023-06-11|подано|контракт
1300|16|Фёдоров Илья Артёмович|4044 782401|+79452509116|fedorov695@mail.ru|269|2023-06-16|подано|контракт
1301|16|Андреев Роман Кириллович|1986 289857|+79894339619|andreev537@mail.ru|261|2023-07-10|отказ|контракт
1302|16|Морозов Сергей Андреевич|6570 480403|+79728418743|morozov688@mail.ru|249|2023-07-22|зачислен|бюджет
1303|16|Алексеева Анна Дмитриевна|7825 978704|+79811925459|alekseeva113@mail.ru|223|2023-07-17|зачислен|бюджет
1304|16|Попова Наталья Ивановна|3227 280041|+79863215836|popova571@mail.ru|235|2023-06-15|отказ|бюджет
1305|16|Макаров Алексей Дмитриевич|5840 586154|+79120092183|makarov399@mail.ru|300|2023-06-18|отказ|бюджет
1306|16|Лебедев Артём Алексеевич|2279 781685|+79126724107|lebedev918@mail.ru|256|2023-07-03|зачислен|бюджет
1307|16|Новикова Марина Ильинична|5709 720461|+79402638769|novikova884@mail.ru|267|2023-07-20|зачислен|бюджет
1308|16|Смирнова Мария Ивановна|6315 904259|+79519989682|smirnova430@mail.ru|228|2023-07-22|отозвано|бюджет
1309|16|Фёдорова Татьяна Кирилловна|4361 762058|+79764050913|fedorova540@mail.ru|285|2023-07-18|отозвано|бюджет
1310|16|Иванов Дмитрий Алексеевич|7972 428188|+79547320801|ivanov565@mail.ru|300|2023-07-11|зачислен|бюджет
1311|16|Николаев Никита Артёмович|1141 185317|+79644298224|nikolaev661@mail.ru|255|2023-06-25|зачислен|бюджет
1312|16|Степанова Виктория Максимовна|3002 202271|+79581898291|stepanova780@mail.ru|300|2023-06-10|зачислен|контракт
1313|16|Степанова Марина Андреевна|2505 172416|+79284377890|stepanova744@mail.ru|243|2023-07-10|зачислен|контракт
1314|16|Иванова Полина Михайловна|6188 666926|+79900890711|ivanova832@mail.ru|286|2023-06-23|отказ|бюджет
1315|16|Новикова Юлия Александровна|2320 727361|+79706038348|novikova536@mail.ru|238|2023-06-18|подано|бюджет
1316|16|Макаров Андрей Романович|5548 978333|+79393176795|makarov606@mail.ru|264|2023-07-11|подано|бюджет
1317|16|Попова Ольга Александровна|6304 946376|+79704266392|popova362@mail.ru|256|2023-07-20|отказ|бюджет
1318|16|Смирнова Наталья Александровна|5959 167300|+79324350117|smirnova555@mail.ru|287|2023-06-05|отозвано|бюджет
1319|16|Кузнецов Сергей Иванович|9182 657528|+79626226365|kuznecov693@mail.ru|300|2023-06-02|зачислен|бюджет
1320|16|Кузнецов Михаил Кириллович|9745 344190|+79068999914|kuznecov360@mail.ru|258|2023-06-03|зачислен|бюджет
1321|16|Кузнецов Илья Романович|4268 712455|+79181125792|kuznecov552@mail.ru|274|2023-06-13|отозвано|бюджет
1322|16|Андреев Никита Сергеевич|5230 706757|+79286789290|andreev800@mail.ru|267|2023-06-15|зачислен|контракт
1323|16|Семёнова Ольга Кирилловна|9884 742852|+79552214836|semenova968@mail.ru|247|2023-06-06|отказ|бюджет
1324|17|Макарова Елизавета Александровна|9302 811626|+79130787455|makarova590@mail.ru|191|2023-07-14|отозвано|контракт
1325|17|Новикова Марина Андреевна|6207 455284|+79892184534|novikova683@mail.ru|258|2023-06-07|отказ|бюджет
1326|17|Алексеева Татьяна Сергеевна|6034 964668|+79250895002|alekseeva559@mail.ru|208|2023-06-06|отказ|контракт
1327|17|Васильев Михаил Иванович|6790 906495|+79480211639|vasilev532@mail.ru|210|2023-06-20|отказ|бюджет
1328|17|Петрова Ольга Артёмовна|9230 893233|+79194895113|petrova838@mail.ru|194|2023-07-15|отказ|контракт
1329|17|Михайлов Матвей Дмитриевич|9336 949690|+79117448522|mihaylov839@mail.ru|189|2023-07-19|зачислен|контракт
1330|17|Фёдоров Алексей Романович|4553 512938|+79619106232|fedorov776@mail.ru|175|2023-07-08|зачислен|бюджет
1331|17|Кузнецова Виктория Алексеевна|5857 126908|+79098682173|kuznecova747@mail.ru|208|2023-06-24|отказ|контракт
1332|17|Егорова Анастасия Андреевна|2157 375006|+79778241936|egorova895@mail.ru|222|2023-07-11|отказ|бюджет
1333|17|Морозова Анастасия Романовна|9960 485901|+79351621420|morozova686@mail.ru|233|2023-06-08|отказ|бюджет
1334|17|Лебедева Виктория Андреевна|2433 371591|+79318539471|lebedeva202@mail.ru|189|2023-06-19|зачислен|бюджет
1335|17|Волков Максим Кириллович|5574 723698|+79090795441|volkov710@mail.ru|214|2023-06-17|отказ|контракт
1336|17|Новиков Александр Артёмович|7739 173845|+79444643973|novikov854@mail.ru|212|2023-06-09|отказ|контракт
1337|17|Андреева Ксения Ильинична|3357 559498|+79888738207|andreeva801@mail.ru|243|2023-07-05|отказ|бюджет
1338|17|Егорова Анна Артёмовна|2202 937185|+79350618693|egorova614@mail.ru|209|2023-07-17|отказ|контракт
1339|17|Петров Роман Андреевич|4027 194341|+79349346429|petrov523@mail.ru|257|2023-07-03|подано|бюджет
1340|17|Орлов Артём Иванович|1038 220859|+79340369709|orlov460@mail.ru|169|2023-07-10|зачислен|бюджет
1341|17|Михайлова Юлия Ивановна|1150 743566|+79230337042|mihaylova742@mail.ru|241|2023-06-14|зачислен|бюджет
1342|17|Попова Марина Сергеевна|4354 967080|+79608617343|popova290@mail.ru|208|2023-07-16|отказ|контракт
1343|17|Орлова Мария Ильинична|6999 123716|+79645140982|orlova498@mail.ru|216|2023-06-17|отказ|контракт
1344|17|Козлов Иван Александрович|3549 610712|+79727356999|kozlov926@mail.ru|222|2023-07-20|подано|бюджет
1345|17|Петров Роман Ильич|7997 938527|+79893826159|petrov858@mail.ru|244|2023-06-25|отказ|контракт
1346|17|Орлова Виктория Ивановна|6544 343728|+79970029561|orlova709@mail.ru|216|2023-06-10|отказ|бюджет
1347|17|Алексеева Алиса Романовна|2092 765723|+79986264821|alekseeva477@mail.ru|229|2023-06-22|отказ|бюджет
1348|17|Кузнецов Иван Михайлович|3686 812367|+79310976446|kuznecov304@mail.ru|230|2023-07-03|зачислен|бюджет
1349|17|Павлов Александр Артёмович|6794 775218|+79563765343|pavlov624@mail.ru|220|2023-07-02|подано|контракт
1350|17|Козлов Матвей Алексеевич|9644 790522|+79756390125|kozlov445@mail.ru|209|2023-06-24|отказ|контракт
1351|17|Семёнова Юлия Михайловна|4148 447743|+79168106126|semenova843@mail.ru|225|2023-06-05|подано|контракт
1352|17|Новикова Полина Ильинична|7855 578659|+79189586404|novikova975@mail.ru|237|2023-06-12|зачислен|контракт
1353|17|Макарова Мария Кирилловна|2253 878848|+79339912513|makarova180@mail.ru|170|2023-06-22|отказ|контракт
1354|17|Новикова Алиса Ивановна|2174 628431|+79637279191|novikova545@mail.ru|172|2023-07-18|зачислен|контракт
1355|17|Михайлов Сергей Александрович|1352 579631|+79307148403|mihaylov215@mail.ru|200|2023-07-02|отказ|контракт
1356|17|Семёнов Дмитрий Артёмович|3850 356967|+79550717135|semenov691@mail.ru|190|2023-06-06|зачислен|контракт
1357|17|Кузнецов Кирилл Романович|4046 616204|+79862408929|kuznecov146@mail.ru|256|2023-07-07|зачислен|бюджет
1358|17|Егорова Ольга Артёмовна|1672 301914|+79814209718|egorova633@mail.ru|190|2023-06-25|отказ|бюджет
1359|17|Васильева Полина Андреевна|2810 517437|+79923055935|vasileva683@mail.ru|218|2023-07-07|отозвано|контракт
1360|17|Смирнова Ксения Кирилловна|8763 937333|+79873266111|smirnova963@mail.ru|248|2023-07-16|отозвано|бюджет
1361|17|Андреева Ксения Александровна|7240 859698|+79845948986|andreeva446@mail.ru|189|2023-07-03|зачислен|бюджет
1362|17|Морозова Анастасия Дмитриевна|4331 926401|+79893962163|morozova392@mail.ru|211|2023-06-12|подано|бюджет
1363|17|Орлова Ольга Алексеевна|7118 320070|+79342811599|orlova758@mail.ru|222|2023-06-13|отказ|бюджет
1364|17|Орлова Дарья Романовна|6623 467695|+79230747581|orlova362@mail.ru|211|2023-07-13|зачислен|бюджет
1365|17|Петрова София Сергеевна|9062 713225|+79867238585|petrova375@mail.ru|179|2023-07-05|зачислен|контракт
1366|17|Орлов Илья Александрович|8932 496069|+79287581990|orlov340@mail.ru|193|2023-07-09|отказ|контракт
1367|17|Васильева Юлия Романовна|3618 627876|+79492533989|vasileva600@mail.ru|184|2023-06-22|отказ|бюджет
1368|17|Лебедева Анастасия Алексеевна|3407 823011|+79264179093|lebedeva448@mail.ru|203|2023-06-23|зачислен|бюджет
1369|17|Волкова Мария Алексеевна|3992 461755|+79787583327|volkova723@mail.ru|202|2023-07-11|отозвано|бюджет
1370|17|Николаев Егор Александрович|6464 636419|+79987898641|nikolaev545@mail.ru|191|2023-07-23|отозвано|бюджет
1371|17|Егорова Полина Михайловна|6528 422511|+79277632110|egorova621@mail.ru|243|2023-06-22|зачислен|бюджет
1372|17|Макарова Наталья Ильинична|3449 795416|+79172684688|makarova359@mail.ru|202|2023-07-24|отказ|бюджет
1373|17|Степанов Илья Сергеевич|3826 101836|+79258099171|stepanov864@mail.ru|241|2023-07-18|отказ|контракт
1374|17|Лебедев Илья Алексеевич|4090 591422|+79121137361|lebedev733@mail.ru|240|2023-07-14|подано|бюджет
1375|17|Орлова Дарья Романовна|4539 850647|+79765207482|orlova614@mail.ru|245|2023-07-20|отказ|бюджет
1376|17|Андреев Илья Кириллович|1424 162419|+79858870931|andreev917@mail.ru|247|2023-07-07|отказ|бюджет
1377|17|Егоров Егор Артёмович|9459 393817|+79444531196|egorov390@mail.ru|232|2023-07-25|зачислен|бюджет
1378|17|Макарова Татьяна Максимовна|5566 416584|+79163183164|makarova606@mail.ru|206|2023-06-15|подано|бюджет
1379|17|Волкова Мария Ивановна|1688 652581|+79121228920|volkova107@mail.ru|265|2023-06-20|подано|бюджет
1380|17|Андреева Мария Дмитриевна|3983 136600|+79175753381|andreeva612@mail.ru|248|2023-06-20|зачислен|бюджет
1381|17|Волков Роман Кириллович|7280 380327|+79540146986|volkov841@mail.ru|258|2023-06-10|отозвано|бюджет
1382|17|Орлова Мария Ивановна|1181 278330|+79908171461|orlova980@mail.ru|226|2023-07-05|отказ|бюджет
1383|17|Фёдорова Мария Ильинична|9977 513295|+79444721230|fedorova162@mail.ru|192|2023-06-03|зачислен|контракт
1384|17|Никитин Егор Дмитриевич|9015 664537|+79758210973|nikitin981@mail.ru|227|2023-06-07|отказ|бюджет
1385|17|Соколов Михаил Кириллович|5957 786073|+79439429400|sokolov855@mail.ru|257|2023-07-23|отказ|бюджет
1386|17|Иванова Ольга Алексеевна|1254 140208|+79649241409|ivanova415@mail.ru|179|2023-07-02|отозвано|бюджет
1387|17|Семёнова Марина Дмитриевна|7920 879714|+79738985784|semenova791@mail.ru|274|2023-06-15|зачислен|бюджет
1388|17|Орлова Ксения Михайловна|4072 925260|+79883800635|orlova107@mail.ru|212|2023-07-22|отказ|контракт
1389|17|Васильев Роман Романович|6152 643179|+79897490479|vasilev266@mail.ru|218|2023-06-24|подано|бюджет
1390|17|Никитина Марина Михайловна|8882 523110|+79655952180|nikitina168@mail.ru|242|2023-06-02|отказ|бюджет
1391|17|Соколов Сергей Романович|8212 922852|+79884527112|sokolov188@mail.ru|183|2023-06-08|отказ|бюджет
1392|17|Никитина Дарья Романовна|6214 637483|+79216576513|nikitina773@mail.ru|148|2023-07-17|отказ|бюджет
1393|17|Степанова Анастасия Андреевна|7673 465731|+79568723902|stepanova218@mail.ru|191|2023-06-05|отказ|контракт
1394|17|Егорова Наталья Максимовна|9366 880743|+79878095443|egorova726@mail.ru|207|2023-07-14|зачислен|бюджет
1395|17|Иванова София Сергеевна|7070 453041|+79207908668|ivanova820@mail.ru|218|2023-07-20|зачислен|бюджет
1396|17|Петров Сергей Максимович|7791 102046|+79674591733|petrov120@mail.ru|171|2023-07-04|отказ|бюджет
1397|17|Лебедева Елизавета Дмитриевна|6341 121687|+79911187005|lebedeva113@mail.ru|178|2023-07-25|отказ|контракт
1398|17|Васильев Максим Романович|3852 366165|+79226570520|vasilev441@mail.ru|234|2023-07-06|зачислен|бюджет
1399|17|Алексеева Полина Дмитриевна|8906 627292|+79380708642|alekseeva382@mail.ru|190|2023-07-13|отказ|контракт
1400|17|Павлова Юлия Артёмовна|7059 776837|+79845403277|pavlova222@mail.ru|220|2023-06-25|зачислен|контракт
1401|17|Морозов Дмитрий Михайлович|4813 692655|+79329468479|morozov273@mail.ru|175|2023-06-08|отказ|бюджет
1402|17|Морозова Виктория Артёмовна|4507 405053|+79351685538|morozova200@mail.ru|171|2023-06-07|отказ|бюджет
1403|17|Андреев Артём Андреевич|5206 602960|+79659285736|andreev697@mail.ru|228|2023-06-23|отказ|бюджет
1404|17|Макарова Дарья Романовна|4652 907700|+79248994833|makarova500@mail.ru|182|2023-07-12|отозвано|контракт
1405|17|Попова Алиса Сергеевна|9953 233019|+79550276952|popova335@mail.ru|210|2023-06-24|отказ|бюджет
1406|17|Кузнецов Сергей Алексеевич|5406 676583|+79219962120|kuznecov955@mail.ru|232|2023-06-04|отказ|контракт
1407|17|Николаева Дарья Ильинична|4054 514436|+79169730824|nikolaeva180@mail.ru|202|2023-06-04|отказ|бюджет
1408|17|Егорова София Максимовна|4227 708419|+79426180158|egorova326@mail.ru|232|2023-06-13|отказ|бюджет
1409|17|Павлова Татьяна Артёмовна|1751 380997|+79346518293|pavlova381@mail.ru|156|2023-06-07|зачислен|бюджет
1410|17|Фёдорова Мария Дмитриевна|8025 669789|+79638992305|fedorova710@mail.ru|238|2023-07-03|отказ|бюджет
1411|17|Семёнова Алиса Алексеевна|4021 622946|+79088706437|semenova363@mail.ru|185|2023-07-15|отказ|контракт
1412|17|Егоров Александр Дмитриевич|7416 170180|+79829827819|egorov236@mail.ru|195|2023-07-10|отказ|бюджет
1413|17|Смирнов Кирилл Дмитриевич|9164 113362|+79746017031|smirnov969@mail.ru|197|2023-06-23|подано|бюджет
1414|17|Васильев Дмитрий Артёмович|2430 936347|+79941153317|vasilev510@mail.ru|208|2023-06-11|отозвано|бюджет
1415|17|Попов Максим Максимович|3725 186588|+79498118799|popov485@mail.ru|180|2023-07-21|зачислен|бюджет
1416|17|Волков Максим Сергеевич|6878 490306|+79252297029|volkov978@mail.ru|215|2023-06-01|отказ|бюджет
1417|17|Макаров Сергей Дмитриевич|3540 953210|+79225586770|makarov623@mail.ru|218|2023-07-05|подано|бюджет
1418|18|Смирнов Роман Кириллович|5131 713452|+79774536639|smirnov747@mail.ru|182|2023-07-18|отказ|контракт
1419|18|Макаров Илья Ильич|6045 969303|+79092986120|makarov211@mail.ru|254|2023-07-18|отказ|контракт
1420|18|Михайлова Татьяна Артёмовна|1076 984350|+79614188785|mihaylova662@mail.ru|190|2023-06-15|отказ|бюджет
1421|18|Михайлова Дарья Артёмовна|4774 702222|+79039922025|mihaylova220@mail.ru|235|2023-07-14|зачислен|контракт
1422|18|Андреева Татьяна Александровна|8569 805789|+79127703141|andreeva678@mail.ru|209|2023-06-14|подано|бюджет
1423|18|Павлов Максим Михайлович|9343 974563|+79535632862|pavlov198@mail.ru|209|2023-07-02|отказ|контракт
1424|18|Михайлов Андрей Максимович|3388 981655|+79552223968|mihaylov757@mail.ru|231|2023-06-19|подано|контракт
1425|18|Семёнова Дарья Артёмовна|2262 378857|+79158865534|semenova624@mail.ru|199|2023-06-22|зачислен|бюджет
1426|18|Васильев Артём Ильич|7715 626945|+79305628470|vasilev837@mail.ru|281|2023-06-19|отозвано|бюджет
1427|18|Николаева Марина Александровна|4313 157484|+79119408927|nikolaeva704@mail.ru|215|2023-07-11|отказ|бюджет
1428|18|Волкова Юлия Ивановна|5129 434839|+79928265736|volkova970@mail.ru|200|2023-06-02|отказ|бюджет
1429|18|Волков Михаил Андреевич|4218 921192|+79154432104|volkov238@mail.ru|207|2023-07-07|отказ|бюджет
1430|18|Морозов Никита Михайлович|4773 580949|+79182537589|morozov123@mail.ru|222|2023-06-10|подано|контракт
1431|18|Васильев Александр Андреевич|9593 159692|+79482686943|vasilev523@mail.ru|167|2023-07-15|зачислен|контракт
1432|18|Волкова Юлия Александровна|2544 874817|+79991058411|volkova488@mail.ru|246|2023-07-23|зачислен|бюджет
1433|18|Андреева Ольга Дмитриевна|9102 324738|+79572199645|andreeva758@mail.ru|229|2023-07-02|отказ|контракт
1434|18|Егоров Михаил Романович|5373 201077|+79617092047|egorov665@mail.ru|228|2023-07-06|отказ|контракт
1435|18|Васильева Полина Кирилловна|4039 285964|+79430741341|vasileva416@mail.ru|222|2023-06-02|отозвано|бюджет
1436|18|Андреева Мария Артёмовна|7589 961595|+79202066062|andreeva699@mail.ru|145|2023-07-16|зачислен|контракт
1437|18|Никитина Елизавета Ильинична|8858 877991|+79997553719|nikitina839@mail.ru|189|2023-07-15|подано|контракт
1438|18|Николаев Сергей Кириллович|4601 385507|+79946475507|nikolaev917@mail.ru|205|2023-06-15|отказ|контракт
1439|18|Семёнов Михаил Андреевич|5829 442003|+79803258880|semenov605@mail.ru|206|2023-06-08|зачислен|бюджет
1440|18|Орлов Александр Михайлович|1145 554424|+79035765436|orlov748@mail.ru|205|2023-06-21|зачислен|контракт
1441|18|Семёнов Алексей Романович|5503 385102|+79592848326|semenov368@mail.ru|251|2023-06-19|отказ|бюджет
1442|18|Павлов Михаил Ильич|4393 727507|+79622909833|pavlov482@mail.ru|245|2023-07-16|отказ|бюджет
1443|18|Кузнецов Алексей Андреевич|6682 678574|+79189194883|kuznecov684@mail.ru|227|2023-07-23|отказ|контракт
1444|18|Орлова Анастасия Андреевна|7863 270100|+79028149455|orlova405@mail.ru|193|2023-07-10|зачислен|бюджет
1445|18|Степанов Александр Андреевич|5221 719087|+79016529968|stepanov163@mail.ru|222|2023-07-19|отказ|бюджет
1446|18|Морозова Марина Ивановна|3858 484033|+79653902832|morozova767@mail.ru|194|2023-07-02|отказ|бюджет
1447|18|Попова Юлия Ильинична|5508 425876|+79291890270|popova668@mail.ru|194|2023-07-10|отказ|контракт
1448|18|Новикова София Романовна|8881 314255|+79808895488|novikova668@mail.ru|223|2023-07-19|отказ|бюджет
1449|18|Николаева София Андреевна|9315 188311|+79650930322|nikolaeva160@mail.ru|208|2023-07-13|подано|контракт
1450|18|Макаров Алексей Романович|1244 102235|+79944705092|makarov251@mail.ru|198|2023-06-16|зачислен|бюджет
1451|18|Лебедева Елизавета Кирилловна|8640 446724|+79796895851|lebedeva396@mail.ru|194|2023-07-11|зачислен|бюджет
1452|18|Павлов Максим Романович|4382 937191|+79317772322|pavlov824@mail.ru|222|2023-07-12|отказ|бюджет
1453|18|Лебедева Ксения Кирилловна|2187 454290|+79573192776|lebedeva250@mail.ru|197|2023-07-11|отказ|бюджет
1454|18|Егорова Полина Андреевна|4447 586240|+79040601455|egorova412@mail.ru|166|2023-06-03|отказ|бюджет
1455|18|Егорова Анна Михайловна|9878 914665|+79578607878|egorova513@mail.ru|179|2023-07-08|подано|бюджет
1456|18|Попова Дарья Ивановна|4297 250705|+79123959479|popova951@mail.ru|281|2023-07-22|отказ|бюджет
1457|18|Фёдорова Анна Алексеевна|5314 213195|+79684275757|fedorova236@mail.ru|250|2023-07-25|отказ|контракт
1458|18|Фёдорова Ольга Максимовна|1546 951032|+79197473405|fedorova805@mail.ru|243|2023-07-03|отказ|бюджет
1459|18|Степанова Алиса Максимовна|9384 905515|+79721735573|stepanova300@mail.ru|192|2023-06-08|зачислен|контракт
1460|18|Андреев Иван Михайлович|8100 767404|+79420501219|andreev132@mail.ru|193|2023-07-12|отказ|бюджет
1461|18|Николаев Андрей Сергеевич|3905 490362|+79511950820|nikolaev987@mail.ru|246|2023-06-18|зачислен|контракт
1462|18|Козлов Сергей Артёмович|6930 313220|+79028745659|kozlov512@mail.ru|196|2023-07-09|отказ|бюджет
1463|18|Степанов Александр Иванович|3931 845186|+79508540587|stepanov183@mail.ru|264|2023-06-10|зачислен|бюджет
1464|18|Михайлова Татьяна Максимовна|7314 681439|+79766547271|mihaylova538@mail.ru|225|2023-06-19|отказ|бюджет
1465|18|Степанов Сергей Романович|4742 944802|+79183228936|stepanov741@mail.ru|272|2023-07-20|отказ|контракт
1466|18|Орлова Анастасия Кирилловна|4427 272180|+79561835485|orlova546@mail.ru|218|2023-07-16|зачислен|контракт
1467|18|Кузнецов Илья Кириллович|6274 609957|+79074950647|kuznecov562@mail.ru|248|2023-07-20|зачислен|контракт
1468|18|Макаров Матвей Алексеевич|2816 810937|+79824995784|makarov406@mail.ru|266|2023-07-25|зачислен|контракт
1469|18|Волков Матвей Алексеевич|3442 235949|+79988347483|volkov420@mail.ru|191|2023-07-22|подано|бюджет
1470|18|Смирнов Алексей Александрович|6429 990995|+79446246845|smirnov440@mail.ru|201|2023-06-17|зачислен|бюджет
1471|18|Волков Егор Иванович|1400 457015|+79408401849|volkov147@mail.ru|189|2023-07-17|отказ|бюджет
1472|18|Никитина Юлия Максимовна|4851 867817|+79249775247|nikitina804@mail.ru|191|2023-07-22|отказ|бюджет
1473|18|Иванов Михаил Ильич|8006 449903|+79394369829|ivanov214@mail.ru|211|2023-07-06|зачислен|контракт
1474|18|Иванов Сергей Ильич|9666 865766|+79993965501|ivanov388@mail.ru|296|2023-07-25|зачислен|контракт
1475|18|Лебедева Юлия Сергеевна|3462 742133|+79975101816|lebedeva690@mail.ru|196|2023-06-13|отказ|бюджет
1476|18|Алексеев Дмитрий Романович|4476 101733|+79003371301|alekseev801@mail.ru|216|2023-06-20|зачислен|бюджет
1477|18|Николаев Александр Максимович|3193 452702|+79641833319|nikolaev617@mail.ru|239|2023-07-24|зачислен|контракт
1478|18|Морозов Никита Алексеевич|9348 125859|+79031786602|morozov280@mail.ru|182|2023-07-09|отозвано|контракт
1479|18|Соколов Михаил Артёмович|3966 347468|+79087780186|sokolov514@mail.ru|170|2023-07-06|отказ|бюджет
1480|18|Андреева Елизавета Михайловна|1675 518272|+79633594099|andreeva864@mail.ru|204|2023-07-21|зачислен|бюджет
1481|18|Петров Кирилл Ильич|7884 929558|+79061740285|petrov847@mail.ru|167|2023-07-17|зачислен|бюджет
1482|18|Попов Роман Артёмович|3380 566012|+79504970649|popov827@mail.ru|184|2023-07-17|зачислен|бюджет
1483|18|Петрова Татьяна Кирилловна|7162 908444|+79546342220|petrova451@mail.ru|195|2023-07-11|отозвано|бюджет
1484|18|Морозова Ольга Артёмовна|3918 519430|+79622908852|morozova562@mail.ru|221|2023-06-03|подано|контракт
1485|18|Новикова Виктория Сергеевна|9299 933456|+79547172542|novikova217@mail.ru|204|2023-07-05|отказ|бюджет
1486|18|Попов Никита Романович|3510 173620|+79536693167|popov432@mail.ru|218|2023-07-16|отказ|бюджет
1487|18|Волкова Наталья Кирилловна|5882 866587|+79655135008|volkova963@mail.ru|219|2023-06-16|зачислен|бюджет
1488|18|Степанов Арсений Сергеевич|9099 321432|+79127574422|stepanov759@mail.ru|209|2023-07-06|зачислен|контракт
1489|19|Павлова Анастасия Артёмовна|3144 339301|+79690626508|pavlova235@mail.ru|168|2023-07-13|отказ|бюджет
1490|19|Иванова Екатерина Михайловна|5127 112981|+79456886568|ivanova559@mail.ru|183|2023-07-23|зачислен|контракт
1491|19|Алексеев Егор Кириллович|1196 735368|+79160496353|alekseev334@mail.ru|183|2023-07-04|отказ|бюджет
1492|19|Иванов Александр Сергеевич|9763 302162|+79808922591|ivanov412@mail.ru|184|2023-07-14|отозвано|бюджет
1493|19|Алексеев Иван Артёмович|6041 750322|+79318394404|alekseev743@mail.ru|184|2023-06-10|зачислен|бюджет
1494|19|Павлов Егор Сергеевич|8867 612354|+79139190621|pavlov629@mail.ru|229|2023-06-20|зачислен|бюджет
1495|19|Михайлова Юлия Ильинична|4091 249881|+79088876533|mihaylova262@mail.ru|154|2023-06-01|отказ|контракт
1496|19|Соколов Илья Романович|6797 182451|+79055614891|sokolov713@mail.ru|156|2023-06-08|зачислен|бюджет
1497|19|Васильев Арсений Андреевич|1445 152577|+79589940816|vasilev457@mail.ru|149|2023-07-25|зачислен|бюджет
1498|19|Васильев Иван Романович|9773 854910|+79472278429|vasilev304@mail.ru|120|2023-07-18|зачислен|бюджет
1499|19|Морозов Кирилл Алексеевич|5356 957091|+79697924896|morozov923@mail.ru|159|2023-07-10|отказ|контракт
1500|19|Павлова Мария Романовна|7356 642019|+79938807190|pavlova138@mail.ru|212|2023-07-09|зачислен|бюджет
1501|19|Никитин Михаил Александрович|2969 598623|+79884084109|nikitin351@mail.ru|191|2023-06-03|отозвано|контракт
1502|19|Никитина София Андреевна|5729 510546|+79456758668|nikitina177@mail.ru|206|2023-06-18|зачислен|бюджет
1503|19|Иванова Наталья Андреевна|2161 874133|+79830274342|ivanova948@mail.ru|201|2023-06-10|отказ|бюджет
1504|19|Петрова Анастасия Романовна|8362 114655|+79245747651|petrova607@mail.ru|194|2023-06-10|зачислен|бюджет
1505|19|Павлова Елизавета Михайловна|5124 324914|+79630587893|pavlova208@mail.ru|194|2023-06-17|зачислен|контракт
1506|19|Фёдорова Мария Ивановна|4947 724573|+79715607934|fedorova109@mail.ru|138|2023-06-22|отказ|бюджет
1507|19|Степанов Артём Иванович|6377 839887|+79223150917|stepanov676@mail.ru|162|2023-06-24|отказ|бюджет
1508|19|Андреев Никита Кириллович|6700 381135|+79238251221|andreev311@mail.ru|186|2023-06-07|подано|контракт
1509|19|Макарова Анна Артёмовна|6723 553569|+79511779958|makarova976@mail.ru|267|2023-07-18|отказ|бюджет
1510|19|Кузнецова Ольга Андреевна|8276 795121|+79758954132|kuznecova398@mail.ru|198|2023-07-16|отказ|контракт
1511|19|Семёнова Виктория Ильинична|6426 232338|+79677457942|semenova989@mail.ru|177|2023-06-07|зачислен|контракт
1512|19|Павлов Денис Максимович|8916 207596|+79094156185|pavlov380@mail.ru|150|2023-07-05|зачислен|бюджет
1513|19|Кузнецова Наталья Дмитриевна|3686 179665|+79346912701|kuznecova263@mail.ru|212|2023-06-17|отозвано|бюджет
1514|19|Алексеев Иван Михайлович|3420 775036|+79537349933|alekseev489@mail.ru|178|2023-06-15|зачислен|контракт
1515|19|Николаева Марина Ивановна|7845 414555|+79775270885|nikolaeva423@mail.ru|212|2023-06-06|зачислен|бюджет
1516|19|Егорова Алиса Михайловна|1989 169922|+79131244654|egorova918@mail.ru|163|2023-07-02|зачислен|контракт
1517|19|Козлов Михаил Алексеевич|2252 322267|+79858533199|kozlov604@mail.ru|215|2023-06-03|отказ|контракт
1518|19|Петрова Полина Андреевна|9275 121179|+79285084146|petrova466@mail.ru|160|2023-07-05|отказ|бюджет
1519|19|Фёдорова Анастасия Ильинична|7599 147700|+79708498784|fedorova824@mail.ru|224|2023-06-04|зачислен|бюджет
1520|19|Морозов Александр Михайлович|9913 133663|+79132067848|morozov807@mail.ru|137|2023-07-03|зачислен|контракт
1521|19|Волков Дмитрий Александрович|3828 567023|+79980677369|volkov343@mail.ru|156|2023-06-19|подано|бюджет
1522|19|Попова Алиса Дмитриевна|6563 143677|+79941534451|popova538@mail.ru|225|2023-07-01|отказ|контракт
1523|19|Павлов Алексей Ильич|6737 533495|+79674405255|pavlov402@mail.ru|202|2023-06-17|зачислен|бюджет
1524|19|Макарова Анна Ильинична|7593 619991|+79784328700|makarova955@mail.ru|178|2023-06-11|зачислен|контракт
1525|19|Макаров Матвей Кириллович|5233 182090|+79752593118|makarov302@mail.ru|161|2023-06-02|подано|бюджет
1526|19|Никитина Ксения Артёмовна|9186 313198|+79975048512|nikitina848@mail.ru|160|2023-06-09|зачислен|бюджет
1527|19|Попова Юлия Ильинична|1952 664486|+79612722803|popova982@mail.ru|170|2023-07-14|отказ|бюджет
1528|19|Андреев Егор Ильич|3421 311917|+79093255532|andreev343@mail.ru|201|2023-06-03|отказ|бюджет
1529|19|Соколов Алексей Максимович|4767 649939|+79435259714|sokolov957@mail.ru|182|2023-06-13|отозвано|контракт
1530|19|Смирнов Александр Кириллович|9899 942368|+79394866719|smirnov430@mail.ru|183|2023-07-09|отказ|бюджет
1531|19|Михайлова Виктория Дмитриевна|4708 787779|+79207413690|mihaylova392@mail.ru|149|2023-07-04|отказ|бюджет
1532|19|Андреев Алексей Андреевич|9059 417450|+79020149568|andreev637@mail.ru|212|2023-06-18|зачислен|бюджет
1533|19|Николаева Ксения Дмитриевна|2827 793255|+79082547572|nikolaeva856@mail.ru|143|2023-07-17|отозвано|бюджет
1534|19|Семёнов Михаил Кириллович|1323 278211|+79905682769|semenov850@mail.ru|141|2023-07-10|зачислен|бюджет
1535|19|Петрова Наталья Алексеевна|7914 307820|+79155322679|petrova909@mail.ru|187|2023-06-10|подано|бюджет
1536|19|Семёнова Мария Сергеевна|1676 570577|+79800030104|semenova879@mail.ru|181|2023-06-25|подано|бюджет
1537|19|Андреев Никита Андреевич|6748 910077|+79940356392|andreev781@mail.ru|202|2023-07-17|отказ|бюджет
1538|19|Попова Полина Михайловна|7389 649267|+79850677298|popova460@mail.ru|158|2023-07-03|отказ|бюджет
1539|19|Николаева Елизавета Александровна|5825 134457|+79350835646|nikolaeva478@mail.ru|192|2023-07-12|отказ|контракт
1540|19|Макаров Алексей Андреевич|7423 118047|+79368544312|makarov577@mail.ru|198|2023-06-05|зачислен|контракт
1541|19|Степанов Михаил Дмитриевич|9290 621779|+79642585857|stepanov173@mail.ru|221|2023-06-24|отказ|бюджет
1542|19|Морозова Елизавета Романовна|6120 518259|+79230952767|morozova289@mail.ru|230|2023-07-09|отказ|бюджет
1543|19|Николаева Анастасия Алексеевна|8883 565565|+79219211416|nikolaeva490@mail.ru|185|2023-07-17|отказ|бюджет
1544|19|Смирнова Наталья Михайловна|6715 582813|+79239246161|smirnova483@mail.ru|197|2023-06-10|подано|контракт
1545|19|Павлова Ольга Максимовна|4234 831792|+79217045005|pavlova602@mail.ru|204|2023-07-15|отозвано|контракт
1546|19|Орлова Виктория Андреевна|3493 174655|+79463182732|orlova982@mail.ru|145|2023-07-19|зачислен|бюджет
1547|19|Андреева Ольга Ильинична|2911 488235|+79919758466|andreeva322@mail.ru|204|2023-07-01|зачислен|контракт
1548|19|Кузнецов Роман Александрович|1838 813604|+79130115299|kuznecov963@mail.ru|175|2023-06-12|зачислен|бюджет
1549|19|Васильев Арсений Алексеевич|5502 977556|+79193415971|vasilev976@mail.ru|183|2023-07-11|подано|бюджет
1550|19|Степанова Наталья Александровна|8509 813805|+79998343154|stepanova946@mail.ru|209|2023-07-16|отказ|контракт
1551|19|Павлова Марина Ивановна|7457 947756|+79871572581|pavlova200@mail.ru|157|2023-06-07|отказ|бюджет
1552|19|Орлова Мария Кирилловна|5293 911680|+79198953766|orlova777@mail.ru|170|2023-06-11|отказ|бюджет
1553|19|Фёдоров Матвей Артёмович|4520 700382|+79077639299|fedorov474@mail.ru|203|2023-07-03|отказ|бюджет
1554|19|Степанов Егор Максимович|4533 612237|+79707884893|stepanov277@mail.ru|192|2023-06-06|зачислен|контракт
1555|19|Морозов Матвей Иванович|8538 540136|+79052504337|morozov990@mail.ru|170|2023-06-10|отказ|контракт
1556|19|Петрова Мария Сергеевна|4489 624142|+79268748510|petrova296@mail.ru|206|2023-07-11|отказ|бюджет
1557|19|Павлов Михаил Максимович|2978 741012|+79556441258|pavlov690@mail.ru|174|2023-07-04|отказ|бюджет
1558|19|Новиков Роман Дмитриевич|2753 468744|+79710836210|novikov626@mail.ru|182|2023-06-10|подано|бюджет
1559|19|Соколова Дарья Ильинична|9699 315994|+79879218319|sokolova352@mail.ru|189|2023-07-14|подано|бюджет
1560|19|Попова Анастасия Андреевна|9061 186531|+79231741904|popova555@mail.ru|138|2023-07-21|зачислен|контракт
1561|19|Алексеева Виктория Андреевна|4624 332970|+79022059356|alekseeva615@mail.ru|144|2023-06-14|зачислен|бюджет
1562|19|Фёдоров Иван Артёмович|8839 622078|+79347168261|fedorov416@mail.ru|168|2023-07-05|зачислен|бюджет
1563|19|Лебедева Екатерина Андреевна|7859 960430|+79424945882|lebedeva964@mail.ru|185|2023-07-15|отказ|контракт
1564|19|Андреева Анастасия Алексеевна|8410 435643|+79754241827|andreeva463@mail.ru|192|2023-07-06|зачислен|бюджет
1565|19|Смирнова Виктория Андреевна|6659 712958|+79689308568|smirnova413@mail.ru|202|2023-06-02|зачислен|бюджет
1566|19|Степанов Кирилл Артёмович|1635 758416|+79007702262|stepanov284@mail.ru|189|2023-07-08|отозвано|бюджет
1567|19|Макаров Илья Максимович|8397 464202|+79920494256|makarov817@mail.ru|206|2023-07-04|зачислен|бюджет
1568|19|Попов Егор Максимович|5488 223808|+79793062343|popov664@mail.ru|240|2023-06-22|зачислен|бюджет
1569|19|Степанова Виктория Кирилловна|6128 949963|+79774486026|stepanova471@mail.ru|185|2023-06-22|подано|контракт
1570|19|Волков Сергей Михайлович|9283 128884|+79693504847|volkov146@mail.ru|194|2023-07-23|зачислен|контракт
1571|20|Иванов Денис Максимович|4885 519603|+79413471406|ivanov405@mail.ru|180|2023-06-18|зачислен|бюджет
1572|20|Козлова Мария Андреевна|9744 635620|+79842845025|kozlova198@mail.ru|253|2023-06-17|зачислен|контракт
1573|20|Волков Дмитрий Максимович|4886 847812|+79133152622|volkov864@mail.ru|222|2023-07-19|отказ|контракт
1574|20|Николаева Виктория Александровна|2180 485124|+79148179984|nikolaeva459@mail.ru|221|2023-06-15|зачислен|бюджет
1575|20|Иванов Денис Алексеевич|2346 201701|+79836459640|ivanov908@mail.ru|254|2023-06-13|отказ|бюджет
1576|20|Волков Матвей Артёмович|5635 730052|+79350961108|volkov405@mail.ru|227|2023-06-25|отозвано|бюджет
1577|20|Морозов Михаил Артёмович|5463 103943|+79924900882|morozov527@mail.ru|237|2023-06-20|отозвано|контракт
1578|20|Николаев Роман Дмитриевич|6579 377847|+79123970348|nikolaev287@mail.ru|237|2023-06-07|зачислен|контракт
1579|20|Алексеева Татьяна Артёмовна|8996 709101|+79576019133|alekseeva298@mail.ru|238|2023-06-11|отказ|бюджет
1580|20|Смирнова Ольга Дмитриевна|6841 664501|+79351958221|smirnova804@mail.ru|186|2023-06-22|зачислен|бюджет
1581|20|Николаева Юлия Романовна|9109 415680|+79289864782|nikolaeva650@mail.ru|207|2023-06-01|отказ|бюджет
1582|20|Соколов Иван Дмитриевич|7440 255786|+79224103265|sokolov867@mail.ru|222|2023-07-03|отозвано|бюджет
1583|20|Степанова Татьяна Дмитриевна|1794 792177|+79267712299|stepanova535@mail.ru|235|2023-07-21|отказ|контракт
1584|20|Павлов Егор Максимович|9906 254553|+79986441993|pavlov190@mail.ru|243|2023-07-06|подано|бюджет
1585|20|Никитин Артём Александрович|7074 534977|+79360564449|nikitin376@mail.ru|256|2023-07-09|зачислен|контракт
1586|20|Смирнова Анастасия Андреевна|3452 830879|+79759045809|smirnova188@mail.ru|186|2023-07-07|зачислен|бюджет
1587|20|Лебедев Михаил Максимович|2841 451243|+79880637445|lebedev466@mail.ru|274|2023-07-20|отказ|бюджет
1588|20|Степанов Дмитрий Сергеевич|1177 573049|+79195788060|stepanov911@mail.ru|183|2023-06-20|отказ|бюджет
1589|20|Фёдоров Никита Кириллович|5919 377297|+79713619436|fedorov372@mail.ru|263|2023-06-11|отозвано|контракт
1590|20|Михайлов Сергей Ильич|5923 726517|+79178040454|mihaylov841@mail.ru|251|2023-06-08|подано|контракт
1591|20|Семёнова Полина Александровна|2601 886308|+79187869512|semenova985@mail.ru|230|2023-07-11|отказ|бюджет
1592|20|Смирнова Полина Михайловна|5249 192935|+79648206349|smirnova443@mail.ru|243|2023-07-16|отказ|бюджет
1593|20|Алексеева Виктория Максимовна|3504 217998|+79917997858|alekseeva421@mail.ru|183|2023-07-12|отказ|бюджет
1594|20|Новиков Андрей Алексеевич|4658 898545|+79407861906|novikov340@mail.ru|226|2023-07-06|зачислен|бюджет
1595|20|Петрова Марина Дмитриевна|7497 919927|+79083879750|petrova552@mail.ru|195|2023-07-23|зачислен|контракт
1596|20|Макаров Михаил Сергеевич|1044 807313|+79160175803|makarov336@mail.ru|211|2023-06-24|подано|бюджет
1597|20|Егорова Мария Кирилловна|7267 216718|+79172348621|egorova812@mail.ru|231|2023-06-15|подано|бюджет
1598|20|Козлов Егор Михайлович|2578 884896|+79543372134|kozlov638@mail.ru|216|2023-06-16|отказ|контракт
1599|20|Никитина Юлия Сергеевна|5436 239173|+79548407523|nikitina699@mail.ru|201|2023-07-25|зачислен|бюджет
1600|20|Семёнов Егор Михайлович|3362 495503|+79950597356|semenov274@mail.ru|178|2023-07-12|подано|бюджет
1601|20|Васильев Александр Андреевич|8121 599923|+79888319631|vasilev436@mail.ru|207|2023-06-25|отказ|контракт
1602|20|Петров Дмитрий Андреевич|9834 332481|+79363372033|petrov616@mail.ru|202|2023-06-16|зачислен|контракт
1603|20|Макаров Егор Александрович|3300 154075|+79169920931|makarov974@mail.ru|199|2023-06-02|зачислен|бюджет
1604|20|Никитина Анна Максимовна|1254 386886|+79336593805|nikitina916@mail.ru|224|2023-06-01|отозвано|контракт
1605|20|Васильев Максим Артёмович|4201 657281|+79318972834|vasilev408@mail.ru|205|2023-06-16|отказ|контракт
1606|20|Михайлов Денис Максимович|7401 219885|+79229878450|mihaylov614@mail.ru|142|2023-07-04|отказ|бюджет
1607|20|Лебедев Матвей Ильич|9693 728024|+79891243766|lebedev247@mail.ru|151|2023-07-02|зачислен|контракт
1608|20|Волкова Ольга Ивановна|6589 406917|+79871538574|volkova535@mail.ru|183|2023-07-04|зачислен|контракт
1609|20|Никитин Матвей Алексеевич|7851 803218|+79557530305|nikitin544@mail.ru|195|2023-07-08|зачислен|бюджет
1610|20|Волкова Татьяна Дмитриевна|6849 372826|+79601924944|volkova990@mail.ru|179|2023-06-25|отказ|бюджет
1611|20|Соколова Дарья Алексеевна|4181 298088|+79765711769|sokolova945@mail.ru|162|2023-07-02|зачислен|бюджет
1612|20|Орлова Виктория Дмитриевна|7977 152069|+79292364086|orlova452@mail.ru|231|2023-07-15|отказ|бюджет
1613|20|Кузнецов Сергей Александрович|1619 697751|+79590635644|kuznecov457@mail.ru|233|2023-06-15|отказ|контракт
1614|20|Попова София Александровна|6126 422450|+79918660020|popova483@mail.ru|194|2023-07-14|зачислен|контракт
1615|20|Павлова Полина Александровна|6688 423569|+79816269727|pavlova979@mail.ru|225|2023-06-21|подано|бюджет
1616|20|Петрова Юлия Алексеевна|4929 253708|+79920229965|petrova582@mail.ru|221|2023-07-23|отказ|бюджет
1617|20|Попова Марина Артёмовна|9342 198892|+79764675391|popova222@mail.ru|221|2023-07-18|зачислен|бюджет
1618|20|Андреева София Максимовна|2993 642244|+79899556219|andreeva536@mail.ru|195|2023-06-06|зачислен|бюджет
1619|20|Михайлов Никита Кириллович|8664 648641|+79125937809|mihaylov223@mail.ru|227|2023-07-03|отозвано|бюджет
1620|20|Андреев Роман Иванович|4730 123832|+79167854463|andreev710@mail.ru|155|2023-06-07|отказ|бюджет
1621|20|Павлов Кирилл Иванович|6476 395856|+79526525991|pavlov569@mail.ru|146|2023-06-09|отозвано|бюджет
1622|20|Фёдоров Иван Романович|7168 275926|+79512465447|fedorov200@mail.ru|252|2023-07-21|отказ|бюджет
1623|20|Егорова Елизавета Александровна|1438 712094|+79567256458|egorova756@mail.ru|232|2023-06-13|отказ|бюджет
1624|20|Смирнова Алиса Андреевна|1556 696637|+79823982138|smirnova117@mail.ru|210|2023-07-11|отказ|бюджет
1625|20|Павлов Дмитрий Иванович|8623 250158|+79998623167|pavlov778@mail.ru|181|2023-06-04|подано|бюджет
1626|20|Новикова Полина Алексеевна|8463 548789|+79750519173|novikova798@mail.ru|163|2023-07-02|зачислен|бюджет
1627|20|Орлова Екатерина Романовна|8145 407954|+79599781127|orlova305@mail.ru|292|2023-07-13|подано|контракт
1628|20|Николаев Александр Александрович|6414 634164|+79853543270|nikolaev720@mail.ru|276|2023-07-07|подано|бюджет
1629|20|Новикова Виктория Алексеевна|8620 154740|+79151081773|novikova991@mail.ru|215|2023-06-21|зачислен|бюджет
1630|20|Лебедева Наталья Дмитриевна|5266 625413|+79530360528|lebedeva516@mail.ru|226|2023-07-21|зачислен|бюджет
1631|20|Егорова Наталья Александровна|3762 343312|+79511228403|egorova558@mail.ru|215|2023-06-01|отказ|бюджет
1632|20|Егоров Александр Алексеевич|1159 133332|+79648048762|egorov103@mail.ru|135|2023-07-06|отказ|бюджет
1633|20|Макарова Мария Алексеевна|8499 341263|+79034305187|makarova286@mail.ru|161|2023-07-13|зачислен|контракт
1634|20|Новикова Марина Александровна|8516 332326|+79860840102|novikova732@mail.ru|169|2023-07-07|зачислен|бюджет
1635|20|Иванов Максим Сергеевич|4306 964671|+79927466198|ivanov159@mail.ru|242|2023-06-14|отказ|бюджет
1636|20|Васильев Сергей Ильич|3990 567492|+79197245609|vasilev318@mail.ru|259|2023-07-02|зачислен|бюджет
1637|20|Николаева Анна Романовна|7543 166446|+79695095796|nikolaeva871@mail.ru|213|2023-07-15|отказ|бюджет
1638|20|Новиков Никита Дмитриевич|1409 624275|+79494807155|novikov156@mail.ru|186|2023-06-13|подано|контракт
1639|20|Николаев Никита Ильич|8342 408409|+79698744507|nikolaev803@mail.ru|221|2023-06-05|отозвано|бюджет
1640|20|Николаева Юлия Андреевна|7369 381260|+79743839849|nikolaeva595@mail.ru|191|2023-06-18|отказ|бюджет
1641|20|Алексеев Михаил Кириллович|1211 836715|+79313078384|alekseev719@mail.ru|220|2023-06-25|отказ|контракт
1642|20|Козлова Виктория Алексеевна|2753 142279|+79759461866|kozlova654@mail.ru|217|2023-07-23|отказ|бюджет
1643|20|Новикова Марина Алексеевна|7967 302174|+79332158184|novikova261@mail.ru|182|2023-07-03|зачислен|бюджет
1644|20|Николаева Татьяна Максимовна|3316 987179|+79362648560|nikolaeva528@mail.ru|163|2023-06-19|отказ|бюджет
1645|20|Петрова Юлия Андреевна|3208 372236|+79935919822|petrova537@mail.ru|247|2023-07-10|зачислен|контракт
1646|20|Николаев Роман Романович|2653 129903|+79149482353|nikolaev342@mail.ru|210|2023-06-12|отказ|бюджет
1647|20|Волков Максим Михайлович|5618 102598|+79984443831|volkov582@mail.ru|191|2023-07-24|подано|бюджет
1648|20|Попова Анна Ивановна|4105 574148|+79291806195|popova231@mail.ru|190|2023-07-10|отозвано|контракт
1649|20|Смирнов Андрей Кириллович|4779 777918|+79907730151|smirnov334@mail.ru|217|2023-07-13|подано|бюджет
1650|20|Фёдорова Наталья Кирилловна|1817 463781|+79574276168|fedorova193@mail.ru|244|2023-07-07|подано|контракт
1651|20|Морозова София Артёмовна|7801 658367|+79311451076|morozova575@mail.ru|175|2023-06-09|отказ|бюджет
1652|20|Николаева Елизавета Александровна|2980 279251|+79711544516|nikolaeva855@mail.ru|164|2023-06-21|отказ|бюджет
1653|20|Смирнова Ольга Кирилловна|9573 963148|+79436742859|smirnova949@mail.ru|191|2023-06-01|подано|бюджет
1654|20|Николаева Наталья Артёмовна|9938 337744|+79180700247|nikolaeva689@mail.ru|185|2023-06-24|отозвано|бюджет
1655|20|Лебедева Ксения Максимовна|9209 418662|+79265031421|lebedeva175@mail.ru|241|2023-07-24|зачислен|бюджет
1656|20|Попова Елизавета Михайловна|1181 395534|+79469111890|popova870@mail.ru|175|2023-07-05|зачислен|бюджет
1657|20|Васильев Роман Александрович|7361 687864|+79418583217|vasilev587@mail.ru|206|2023-07-02|подано|бюджет
1658|20|Козлов Никита Андреевич|1518 122991|+79050399557|kozlov880@mail.ru|166|2023-06-23|отказ|бюджет
1659|20|Лебедев Илья Максимович|6004 983162|+79890120117|lebedev210@mail.ru|187|2023-07-16|зачислен|бюджет
1660|20|Павлов Кирилл Александрович|7312 406457|+79392069488|pavlov430@mail.ru|200|2023-07-21|отказ|контракт
1661|20|Новиков Кирилл Александрович|4072 151799|+79302462150|novikov412@mail.ru|186|2023-07-01|отозвано|бюджет
1662|20|Павлова Екатерина Ивановна|7594 330593|+79111246630|pavlova230@mail.ru|237|2023-06-01|отозвано|бюджет
1663|20|Никитина София Максимовна|3376 152095|+79861623919|nikitina335@mail.ru|199|2023-07-06|отказ|бюджет
1664|20|Новикова Алиса Алексеевна|4278 402698|+79433947569|novikova568@mail.ru|238|2023-07-06|отказ|контракт
1665|20|Кузнецова София Артёмовна|4542 574929|+79282945210|kuznecova501@mail.ru|192|2023-07-01|подано|контракт
1666|20|Кузнецова Ольга Кирилловна|8375 338334|+79543710948|kuznecova744@mail.ru|242|2023-07-19|отказ|бюджет
1667|20|Иванова Дарья Дмитриевна|2842 519418|+79328411242|ivanova654@mail.ru|201|2023-07-19|зачислен|контракт
1668|20|Андреев Матвей Максимович|2021 719215|+79911864805|andreev948@mail.ru|233|2023-07-17|отказ|контракт
1669|20|Волкова Ольга Артёмовна|7718 819052|+79525166935|volkova862@mail.ru|195|2023-06-15|подано|контракт
1670|20|Попов Иван Артёмович|4296 506721|+79915095579|popov997@mail.ru|166|2023-07-25|отказ|контракт
1671|20|Павлов Артём Артёмович|1201 653914|+79031055603|pavlov508@mail.ru|206|2023-06-10|подано|контракт
1672|20|Фёдоров Александр Михайлович|3706 401428|+79852392135|fedorov200@mail.ru|157|2023-07-13|подано|бюджет
1673|20|Кузнецова Виктория Кирилловна|3247 648984|+79757003137|kuznecova926@mail.ru|236|2023-07-15|подано|бюджет
1674|20|Васильев Артём Михайлович|8207 208245|+79511936612|vasilev788@mail.ru|196|2023-06-05|зачислен|бюджет
1675|20|Степанова Дарья Ильинична|4907 173649|+79686419472|stepanova721@mail.ru|181|2023-07-24|зачислен|контракт
1676|20|Егорова Виктория Романовна|4476 720692|+79395524237|egorova203@mail.ru|210|2023-06-17|зачислен|бюджет
1677|20|Морозов Сергей Артёмович|2845 113743|+79759266845|morozov447@mail.ru|270|2023-07-07|отказ|бюджет
1678|20|Попов Кирилл Андреевич|7099 290192|+79578839382|popov756@mail.ru|199|2023-07-17|зачислен|бюджет
1679|21|Николаев Дмитрий Дмитриевич|2824 694041|+79474093492|nikolaev863@mail.ru|176|2023-07-22|зачислен|бюджет
1680|21|Васильева Алиса Михайловна|1108 847299|+79590534116|vasileva187@mail.ru|125|2023-06-14|отказ|бюджет
1681|21|Семёнов Никита Дмитриевич|4751 797904|+79275328501|semenov154@mail.ru|169|2023-06-13|подано|бюджет
1682|21|Андреева Мария Романовна|6333 264208|+79719695970|andreeva227@mail.ru|162|2023-07-10|отозвано|бюджет
1683|21|Соколова Екатерина Кирилловна|2599 797930|+79515835595|sokolova493@mail.ru|208|2023-07-18|отказ|контракт
1684|21|Степанова Екатерина Дмитриевна|6600 296352|+79263005072|stepanova610@mail.ru|120|2023-06-03|зачислен|бюджет
1685|21|Орлов Алексей Артёмович|1822 683818|+79126104123|orlov389@mail.ru|208|2023-07-06|зачислен|бюджет
1686|21|Фёдорова Наталья Ивановна|6504 855746|+79141951539|fedorova195@mail.ru|158|2023-06-22|отказ|бюджет
1687|21|Лебедев Андрей Михайлович|2790 267809|+79075094992|lebedev295@mail.ru|124|2023-07-11|подано|контракт
1688|21|Егоров Иван Иванович|3118 686144|+79466938286|egorov150@mail.ru|130|2023-06-16|зачислен|бюджет
1689|21|Николаева Ольга Ивановна|8044 798486|+79733806600|nikolaeva901@mail.ru|205|2023-06-12|отказ|бюджет
1690|21|Петров Роман Андреевич|2665 647955|+79586235993|petrov482@mail.ru|170|2023-06-09|отказ|бюджет
1691|21|Морозов Иван Кириллович|1833 875918|+79527115388|morozov613@mail.ru|211|2023-07-10|подано|бюджет
1692|21|Павлов Михаил Иванович|1768 310047|+79489755039|pavlov445@mail.ru|166|2023-07-04|отказ|бюджет
1693|21|Соколов Андрей Кириллович|7435 289252|+79162134169|sokolov432@mail.ru|168|2023-06-05|отозвано|бюджет
1694|21|Петрова Дарья Дмитриевна|7750 120398|+79773850382|petrova206@mail.ru|134|2023-07-01|подано|бюджет
1695|21|Соколов Матвей Александрович|3791 262350|+79205621197|sokolov775@mail.ru|185|2023-07-14|зачислен|бюджет
1696|21|Никитина Дарья Ивановна|6034 427015|+79667618726|nikitina669@mail.ru|183|2023-06-18|отказ|бюджет
1697|21|Козлова Полина Кирилловна|9612 538908|+79754816588|kozlova558@mail.ru|164|2023-06-04|отказ|контракт
1698|21|Петров Михаил Дмитриевич|1412 545066|+79367094286|petrov715@mail.ru|131|2023-07-23|подано|бюджет
1699|21|Лебедева Анастасия Александровна|4364 136606|+79900520407|lebedeva743@mail.ru|173|2023-06-12|зачислен|бюджет
1700|21|Соколов Никита Михайлович|4346 964399|+79071644945|sokolov193@mail.ru|164|2023-07-03|отказ|бюджет
1701|21|Смирнова Полина Кирилловна|2704 730432|+79197391596|smirnova719@mail.ru|180|2023-06-02|зачислен|бюджет
1702|21|Новикова Анастасия Ивановна|9243 373010|+79197014461|novikova516@mail.ru|161|2023-07-19|зачислен|контракт
1703|21|Кузнецова Ольга Ильинична|2897 715436|+79393807524|kuznecova520@mail.ru|167|2023-06-07|подано|бюджет
1704|21|Николаева Мария Михайловна|1653 501181|+79609390598|nikolaeva798@mail.ru|181|2023-07-24|подано|бюджет
1705|21|Михайлова Алиса Андреевна|3333 556239|+79550321749|mihaylova420@mail.ru|120|2023-07-19|зачислен|бюджет
1706|21|Новикова Мария Артёмовна|5341 303061|+79971032299|novikova504@mail.ru|164|2023-06-09|отозвано|контракт
1707|21|Семёнов Андрей Максимович|2509 609786|+79001137715|semenov754@mail.ru|209|2023-06-10|отозвано|бюджет
1708|21|Соколова Дарья Алексеевна|4121 890824|+79575481082|sokolova294@mail.ru|181|2023-07-19|отказ|контракт
1709|21|Попов Денис Алексеевич|4503 457245|+79489953386|popov720@mail.ru|192|2023-06-02|подано|контракт
1710|21|Андреева Юлия Алексеевна|9418 652464|+79907402259|andreeva944@mail.ru|174|2023-06-06|отказ|бюджет
1711|21|Васильев Дмитрий Андреевич|4160 434143|+79644163831|vasilev366@mail.ru|220|2023-06-11|отказ|контракт
1712|21|Смирнова Татьяна Максимовна|6009 394329|+79487224112|smirnova874@mail.ru|166|2023-07-25|отозвано|бюджет
1713|21|Козлов Андрей Романович|8683 152646|+79051246117|kozlov476@mail.ru|180|2023-07-25|зачислен|бюджет
1714|21|Алексеева Елизавета Ильинична|6105 647635|+79136479701|alekseeva935@mail.ru|138|2023-06-01|отозвано|контракт
1715|21|Михайлов Андрей Михайлович|7073 694238|+79456185624|mihaylov911@mail.ru|167|2023-07-17|отказ|бюджет
1716|21|Лебедева Наталья Михайловна|2199 754933|+79220030157|lebedeva595@mail.ru|184|2023-07-19|отказ|бюджет
1717|21|Макарова Юлия Алексеевна|5644 151975|+79952903288|makarova722@mail.ru|140|2023-07-14|зачислен|бюджет
1718|21|Макарова Мария Андреевна|3645 662909|+79235277205|makarova627@mail.ru|167|2023-07-16|подано|контракт
1719|21|Смирнова Ольга Алексеевна|8487 573174|+79335512263|smirnova710@mail.ru|208|2023-06-06|отказ|контракт
1720|21|Семёнова Елизавета Кирилловна|9759 522000|+79027293095|semenova160@mail.ru|187|2023-07-15|отказ|бюджет
1721|21|Никитин Дмитрий Ильич|5474 413987|+79498033607|nikitin848@mail.ru|167|2023-07-10|отозвано|бюджет
1722|21|Лебедева Анна Алексеевна|5757 262628|+79046641031|lebedeva742@mail.ru|157|2023-07-14|отозвано|бюджет
1723|21|Степанова Юлия Ильинична|4798 986244|+79028469252|stepanova560@mail.ru|135|2023-07-12|отказ|бюджет
1724|21|Орлова Татьяна Ивановна|1889 343415|+79196938720|orlova706@mail.ru|187|2023-06-15|отказ|бюджет
1725|21|Попов Егор Артёмович|2534 892379|+79764654925|popov203@mail.ru|134|2023-06-14|зачислен|бюджет
1726|21|Макарова Анастасия Кирилловна|8000 875137|+79880500722|makarova177@mail.ru|132|2023-07-17|отозвано|бюджет
1727|21|Алексеева Ольга Ильинична|7215 991512|+79260242618|alekseeva134@mail.ru|143|2023-07-18|отказ|контракт
1728|21|Морозова Анна Романовна|7894 378194|+79118072176|morozova486@mail.ru|201|2023-07-09|отказ|бюджет
1729|21|Смирнов Дмитрий Максимович|5869 781902|+79564637737|smirnov231@mail.ru|161|2023-06-24|отозвано|бюджет
1730|21|Кузнецов Артём Артёмович|4215 762157|+79331036731|kuznecov370@mail.ru|180|2023-06-02|подано|бюджет
1731|21|Волков Иван Михайлович|8120 182193|+79241328323|volkov376@mail.ru|120|2023-07-17|зачислен|бюджет
1732|21|Волкова Дарья Дмитриевна|6547 123489|+79850356765|volkova825@mail.ru|166|2023-06-16|зачислен|контракт
1733|21|Андреев Егор Александрович|3730 493730|+79856161120|andreev565@mail.ru|178|2023-06-15|отказ|контракт
1734|21|Степанов Александр Кириллович|1191 778794|+79532196032|stepanov450@mail.ru|167|2023-06-19|подано|контракт
1735|21|Михайлов Арсений Кириллович|5820 710231|+79960281379|mihaylov138@mail.ru|120|2023-07-23|подано|бюджет
1736|21|Морозова Полина Ивановна|3199 317004|+79673803980|morozova742@mail.ru|156|2023-07-06|зачислен|бюджет
1737|21|Егорова Анна Кирилловна|8181 795814|+79545814673|egorova827@mail.ru|173|2023-06-22|отказ|контракт
1738|21|Макарова Анна Сергеевна|5248 170399|+79679239524|makarova313@mail.ru|188|2023-07-25|отозвано|контракт
1739|21|Егоров Илья Максимович|5041 970722|+79614782012|egorov733@mail.ru|211|2023-06-04|зачислен|бюджет
1740|21|Иванов Егор Сергеевич|2806 630702|+79170721204|ivanov237@mail.ru|208|2023-06-08|отозвано|контракт
1741|21|Алексеев Никита Алексеевич|2614 874703|+79166665992|alekseev575@mail.ru|151|2023-06-06|отозвано|бюджет
1742|22|Семёнов Иван Артёмович|1706 819386|+79610194336|semenov850@mail.ru|263|2023-06-04|подано|бюджет
1743|22|Волков Роман Романович|1669 394680|+79996948298|volkov885@mail.ru|264|2023-07-11|зачислен|бюджет
1744|22|Семёнов Арсений Романович|6640 220908|+79724261948|semenov878@mail.ru|288|2023-07-14|зачислен|бюджет
1745|22|Васильев Дмитрий Максимович|4612 242828|+79085960271|vasilev472@mail.ru|274|2023-06-15|подано|бюджет
1746|22|Кузнецов Артём Андреевич|2861 335706|+79555163091|kuznecov458@mail.ru|266|2023-06-23|отозвано|бюджет
1747|22|Семёнов Артём Ильич|2943 826449|+79351573170|semenov971@mail.ru|300|2023-06-25|отказ|бюджет
1748|22|Егоров Кирилл Александрович|7146 902190|+79186456952|egorov899@mail.ru|288|2023-06-02|зачислен|контракт
1749|22|Морозов Алексей Алексеевич|7582 882535|+79534870438|morozov384@mail.ru|282|2023-07-10|отказ|бюджет
1750|22|Николаев Денис Александрович|8060 835395|+79017482090|nikolaev911@mail.ru|234|2023-07-21|отказ|бюджет
1751|22|Михайлова Наталья Сергеевна|9498 310407|+79950028821|mihaylova763@mail.ru|210|2023-06-16|отказ|бюджет
1752|22|Егоров Алексей Сергеевич|1835 271934|+79294678421|egorov742@mail.ru|260|2023-07-04|подано|бюджет
1753|22|Попова Анастасия Романовна|4381 370597|+79147615293|popova878@mail.ru|259|2023-07-11|зачислен|контракт
1754|22|Андреев Сергей Михайлович|6483 588113|+79983032730|andreev297@mail.ru|225|2023-06-24|зачислен|бюджет
1755|22|Андреев Кирилл Андреевич|7579 216056|+79627914692|andreev547@mail.ru|269|2023-07-25|отказ|контракт
1756|22|Степанов Алексей Алексеевич|8397 402714|+79180444512|stepanov432@mail.ru|240|2023-06-14|отказ|бюджет
1757|22|Иванов Денис Александрович|6760 681826|+79127266949|ivanov668@mail.ru|283|2023-06-14|отказ|контракт
1758|22|Козлова Анастасия Сергеевна|8782 919057|+79389505346|kozlova268@mail.ru|248|2023-07-15|зачислен|бюджет
1759|22|Степанов Кирилл Михайлович|9973 999548|+79732645257|stepanov573@mail.ru|284|2023-07-16|отказ|контракт
1760|22|Иванова Елизавета Артёмовна|6070 312762|+79644221626|ivanova344@mail.ru|255|2023-06-20|зачислен|бюджет
1761|22|Васильева Дарья Дмитриевна|2025 840739|+79574552932|vasileva508@mail.ru|256|2023-06-19|подано|бюджет
1762|22|Михайлова Анна Ивановна|7531 532334|+79909541420|mihaylova406@mail.ru|257|2023-07-19|зачислен|контракт
1763|22|Михайлова Елизавета Александровна|5923 955275|+79835429062|mihaylova256@mail.ru|272|2023-06-15|отказ|контракт
1764|22|Иванова Полина Александровна|9220 602683|+79667401342|ivanova991@mail.ru|261|2023-07-24|зачислен|бюджет
1765|22|Павлова София Дмитриевна|4092 860475|+79536296952|pavlova342@mail.ru|274|2023-06-05|зачислен|контракт
1766|22|Смирнова Ксения Сергеевна|3449 942613|+79861850974|smirnova177@mail.ru|244|2023-06-11|отозвано|бюджет
1767|22|Иванова Анна Максимовна|5920 282942|+79079702863|ivanova185@mail.ru|256|2023-07-19|отказ|контракт
1768|22|Николаева Полина Сергеевна|2337 374658|+79157031678|nikolaeva489@mail.ru|252|2023-07-13|отказ|бюджет
1769|22|Фёдорова Марина Романовна|7752 735413|+79343237082|fedorova347@mail.ru|213|2023-06-09|отказ|контракт
1770|22|Орлова София Андреевна|6599 875148|+79510257236|orlova438@mail.ru|235|2023-06-12|отказ|бюджет
1771|22|Смирнова Анастасия Андреевна|9590 102333|+79461643682|smirnova152@mail.ru|272|2023-07-15|подано|бюджет
1772|22|Семёнов Артём Андреевич|1321 641816|+79238319416|semenov980@mail.ru|300|2023-07-01|отказ|контракт
1773|22|Морозова Марина Романовна|6830 752148|+79540403880|morozova131@mail.ru|280|2023-06-07|отказ|бюджет
1774|22|Морозов Иван Ильич|6661 387095|+79486189239|morozov304@mail.ru|273|2023-06-20|подано|бюджет
1775|22|Соколова Анастасия Михайловна|1601 546326|+79488631388|sokolova850@mail.ru|259|2023-07-13|отказ|бюджет
1776|22|Васильева Мария Ильинична|6442 302808|+79283438288|vasileva767@mail.ru|241|2023-07-20|отозвано|контракт
1777|22|Петрова Анастасия Дмитриевна|5245 233052|+79487969983|petrova818@mail.ru|276|2023-07-05|зачислен|бюджет
1778|22|Петров Арсений Ильич|3936 991850|+79123404627|petrov644@mail.ru|269|2023-07-17|зачислен|бюджет
1779|22|Семёнов Андрей Романович|5624 694549|+79015337691|semenov338@mail.ru|235|2023-07-16|зачислен|бюджет
1780|22|Андреева Елизавета Андреевна|7735 508154|+79779744497|andreeva121@mail.ru|238|2023-07-20|отозвано|бюджет
1781|22|Петров Михаил Михайлович|6087 559201|+79159205661|petrov296@mail.ru|250|2023-06-17|зачислен|бюджет
1782|22|Андреева Марина Максимовна|6565 614600|+79774640285|andreeva708@mail.ru|255|2023-07-09|зачислен|бюджет
1783|22|Николаев Алексей Андреевич|3216 337580|+79740500304|nikolaev440@mail.ru|249|2023-07-22|отозвано|бюджет
1784|22|Попов Денис Артёмович|1293 452950|+79177174568|popov177@mail.ru|300|2023-06-25|подано|бюджет
1785|22|Алексеев Александр Михайлович|7150 613438|+79493132569|alekseev518@mail.ru|284|2023-07-09|зачислен|контракт
1786|22|Кузнецов Матвей Артёмович|9184 646648|+79046697882|kuznecov452@mail.ru|263|2023-07-14|зачислен|контракт
1787|22|Никитин Артём Михайлович|1218 191827|+79842867221|nikitin211@mail.ru|278|2023-07-05|зачислен|бюджет
1788|22|Петрова Дарья Дмитриевна|5966 272226|+79689123363|petrova209@mail.ru|286|2023-06-19|отказ|контракт
1789|22|Новикова Ксения Ивановна|4098 501177|+79476403758|novikova860@mail.ru|298|2023-06-19|зачислен|контракт
1790|22|Николаев Егор Сергеевич|9903 503111|+79646152634|nikolaev342@mail.ru|264|2023-07-02|зачислен|контракт
1791|22|Михайлов Денис Иванович|6175 343923|+79720913756|mihaylov792@mail.ru|238|2023-06-13|подано|бюджет
1792|22|Васильева Ксения Кирилловна|2092 689051|+79538517440|vasileva352@mail.ru|237|2023-06-09|отказ|бюджет
1793|22|Лебедева Юлия Андреевна|2371 750186|+79965130740|lebedeva738@mail.ru|273|2023-06-06|отозвано|бюджет
1794|22|Лебедева Татьяна Ивановна|8631 119153|+79401481307|lebedeva972@mail.ru|300|2023-06-05|зачислен|бюджет
1795|22|Петрова Алиса Андреевна|3015 379626|+79899633369|petrova873@mail.ru|298|2023-07-21|подано|бюджет
1796|22|Козлова Наталья Романовна|4302 128623|+79493311426|kozlova959@mail.ru|233|2023-06-02|отказ|бюджет
1797|22|Павлов Максим Артёмович|3583 231977|+79907601885|pavlov215@mail.ru|191|2023-06-23|зачислен|контракт
1798|22|Волкова Наталья Андреевна|1045 352784|+79930003407|volkova725@mail.ru|242|2023-07-05|подано|бюджет
1799|22|Егоров Максим Алексеевич|4535 664648|+79214221800|egorov478@mail.ru|209|2023-06-05|отозвано|контракт
1800|22|Алексеева Екатерина Александровна|1542 817755|+79215205404|alekseeva618@mail.ru|261|2023-06-03|отказ|бюджет
1801|22|Павлов Дмитрий Михайлович|6518 513028|+79852436004|pavlov293@mail.ru|219|2023-07-07|зачислен|бюджет
1802|22|Фёдорова Марина Алексеевна|2161 979260|+79469239639|fedorova308@mail.ru|266|2023-06-04|подано|контракт
1803|22|Петрова Виктория Алексеевна|7344 154138|+79746206008|petrova317@mail.ru|259|2023-06-03|отказ|бюджет
1804|22|Васильева Анна Ильинична|7664 761394|+79468756074|vasileva490@mail.ru|217|2023-07-03|отказ|бюджет
1805|22|Васильев Егор Романович|7398 815883|+79375062579|vasilev519@mail.ru|288|2023-07-11|зачислен|контракт
1806|22|Алексеев Илья Михайлович|8074 287456|+79960337843|alekseev426@mail.ru|231|2023-07-19|зачислен|бюджет
1807|22|Алексеев Кирилл Максимович|5801 602051|+79691702231|alekseev590@mail.ru|235|2023-07-13|отказ|бюджет
1808|22|Алексеев Александр Иванович|7788 266527|+79327772644|alekseev712@mail.ru|191|2023-07-17|отказ|бюджет
1809|22|Семёнов Роман Романович|9419 644643|+79030961880|semenov291@mail.ru|252|2023-07-02|отказ|контракт
1810|22|Алексеев Дмитрий Романович|7724 946176|+79962149929|alekseev578@mail.ru|261|2023-06-21|зачислен|контракт
1811|22|Андреев Александр Романович|5551 913212|+79029100584|andreev640@mail.ru|242|2023-06-09|отозвано|бюджет
1812|22|Попова Мария Александровна|2940 911140|+79082302482|popova442@mail.ru|258|2023-06-19|отказ|контракт
1813|22|Андреева Наталья Артёмовна|7892 864558|+79759052849|andreeva949@mail.ru|244|2023-07-15|зачислен|контракт
1814|22|Орлов Александр Ильич|5222 284055|+79836617224|orlov194@mail.ru|245|2023-07-07|отозвано|контракт
1815|22|Попова Юлия Романовна|9890 212154|+79414260291|popova877@mail.ru|300|2023-07-14|подано|бюджет
1816|22|Волкова Анастасия Сергеевна|2670 655049|+79251343252|volkova885@mail.ru|275|2023-07-16|зачислен|бюджет
1817|22|Кузнецова София Михайловна|1486 820472|+79059565883|kuznecova496@mail.ru|246|2023-07-23|подано|контракт
1818|22|Попова Анастасия Андреевна|2077 675118|+79441350123|popova120@mail.ru|235|2023-07-25|отозвано|бюджет
1819|22|Смирнов Сергей Александрович|7890 274556|+79725397206|smirnov864@mail.ru|248|2023-06-05|зачислен|бюджет
1820|22|Козлова Анна Максимовна|3168 257089|+79568318049|kozlova414@mail.ru|247|2023-07-22|подано|контракт
1821|22|Семёнов Илья Максимович|9164 773016|+79927588703|semenov253@mail.ru|223|2023-07-22|отказ|контракт
1822|22|Новикова Мария Алексеевна|9515 357934|+79063794853|novikova136@mail.ru|225|2023-06-24|отозвано|бюджет
1823|22|Кузнецов Алексей Артёмович|1380 258040|+79465836992|kuznecov768@mail.ru|204|2023-06-16|отозвано|бюджет
1824|22|Волков Дмитрий Александрович|4905 648742|+79053806248|volkov871@mail.ru|265|2023-06-25|отказ|контракт
1825|22|Семёнов Роман Кириллович|8648 315623|+79599959658|semenov592@mail.ru|202|2023-06-13|отозвано|бюджет
1826|22|Кузнецов Арсений Максимович|3823 598098|+79380531122|kuznecov176@mail.ru|225|2023-06-12|отказ|бюджет
1827|22|Никитин Никита Сергеевич|3623 955934|+79886746390|nikitin529@mail.ru|245|2023-07-21|зачислен|контракт
1828|22|Егоров Максим Иванович|8237 764770|+79535132608|egorov300@mail.ru|278|2023-06-07|зачислен|бюджет
1829|22|Степанов Алексей Романович|2349 505564|+79333330727|stepanov155@mail.ru|259|2023-06-07|отказ|бюджет
1830|22|Егорова Ксения Ивановна|7773 118089|+79228694240|egorova832@mail.ru|279|2023-06-14|отказ|контракт
1831|22|Новиков Матвей Артёмович|5135 876613|+79595107222|novikov515@mail.ru|288|2023-07-11|подано|бюджет
1832|22|Орлов Сергей Кириллович|4170 694698|+79038758001|orlov514@mail.ru|277|2023-07-11|отказ|контракт
1833|23|Николаев Александр Ильич|7704 822792|+79668478247|nikolaev307@mail.ru|214|2023-07-23|зачислен|бюджет
1834|23|Николаев Егор Алексеевич|8563 943280|+79801208805|nikolaev149@mail.ru|179|2023-07-10|отказ|контракт
1835|23|Петрова Алиса Максимовна|6354 358812|+79216585888|petrova658@mail.ru|220|2023-07-03|отказ|бюджет
1836|23|Семёнова Алиса Ильинична|4410 761900|+79872813250|semenova319@mail.ru|196|2023-06-24|отказ|бюджет
1837|23|Соколов Дмитрий Дмитриевич|7069 901686|+79987691461|sokolov651@mail.ru|211|2023-07-01|подано|бюджет
1838|23|Орлов Михаил Артёмович|9834 708924|+79151000705|orlov389@mail.ru|167|2023-07-13|отказ|бюджет
1839|23|Новиков Никита Максимович|2102 974888|+79149825884|novikov847@mail.ru|255|2023-07-01|отозвано|бюджет
1840|23|Лебедева Ольга Дмитриевна|1104 381429|+79474613476|lebedeva422@mail.ru|165|2023-07-02|зачислен|бюджет
1841|23|Козлов Дмитрий Дмитриевич|2194 283062|+79469840522|kozlov470@mail.ru|242|2023-06-25|подано|контракт
1842|23|Макаров Дмитрий Иванович|4424 640383|+79001856283|makarov780@mail.ru|193|2023-06-05|отказ|бюджет
1843|23|Лебедев Арсений Сергеевич|4433 954679|+79440525560|lebedev283@mail.ru|193|2023-06-08|отозвано|контракт
1844|23|Михайлов Кирилл Кириллович|6886 829921|+79656386779|mihaylov874@mail.ru|228|2023-06-03|подано|контракт
1845|23|Иванов Александр Максимович|2041 776995|+79435030694|ivanov888@mail.ru|182|2023-07-24|зачислен|бюджет
1846|23|Лебедев Михаил Дмитриевич|3669 369270|+79482424339|lebedev334@mail.ru|208|2023-07-17|подано|бюджет
1847|23|Козлова Татьяна Андреевна|9902 610210|+79948174712|kozlova368@mail.ru|199|2023-07-24|зачислен|бюджет
1848|23|Алексеев Дмитрий Артёмович|7018 648363|+79997068306|alekseev136@mail.ru|170|2023-06-05|подано|контракт
1849|23|Никитина Елизавета Сергеевна|7772 368196|+79968839378|nikitina896@mail.ru|195|2023-06-19|зачислен|бюджет
1850|23|Орлов Максим Михайлович|5717 274178|+79880868765|orlov507@mail.ru|208|2023-07-13|зачислен|контракт
1851|23|Попов Илья Иванович|5231 114237|+79472879419|popov863@mail.ru|203|2023-06-07|отказ|контракт
1852|23|Волкова Екатерина Романовна|7748 198576|+79956424101|volkova520@mail.ru|198|2023-07-23|отказ|контракт
1853|23|Морозов Денис Алексеевич|1911 941933|+79332709626|morozov199@mail.ru|173|2023-07-07|отказ|бюджет
1854|23|Степанова София Романовна|1046 973868|+79559924294|stepanova597@mail.ru|236|2023-07-04|зачислен|контракт
1855|23|Макарова Ксения Романовна|4839 457879|+79226899241|makarova512@mail.ru|182|2023-07-05|отказ|бюджет
1856|23|Степанова Анна Романовна|5916 186242|+79406395213|stepanova531@mail.ru|244|2023-07-15|отказ|бюджет
1857|23|Павлова Анастасия Алексеевна|5966 557562|+79214276311|pavlova111@mail.ru|265|2023-06-11|отозвано|бюджет
1858|23|Новиков Егор Романович|4134 332035|+79604971282|novikov123@mail.ru|200|2023-06-20|подано|бюджет
1859|23|Фёдорова Мария Артёмовна|4546 944789|+79554924965|fedorova833@mail.ru|202|2023-06-16|зачислен|бюджет
1860|23|Петрова Татьяна Александровна|2672 910485|+79106415816|petrova888@mail.ru|215|2023-06-07|зачислен|бюджет
1861|23|Егоров Егор Михайлович|2622 748068|+79962391986|egorov553@mail.ru|235|2023-06-24|отказ|контракт
1862|23|Иванова Мария Сергеевна|5463 897047|+79232919646|ivanova365@mail.ru|218|2023-06-18|зачислен|бюджет
1863|23|Фёдорова Виктория Романовна|7287 336360|+79158037958|fedorova427@mail.ru|230|2023-06-02|отказ|контракт
1864|23|Семёнов Алексей Сергеевич|1686 683731|+79933344948|semenov325@mail.ru|214|2023-06-03|отозвано|контракт
1865|23|Козлов Илья Кириллович|3495 974391|+79359076733|kozlov205@mail.ru|180|2023-06-20|отозвано|контракт
1866|23|Петров Никита Артёмович|7806 500882|+79792249447|petrov310@mail.ru|244|2023-06-12|зачислен|бюджет
1867|23|Козлова Мария Михайловна|9684 609557|+79957000798|kozlova870@mail.ru|224|2023-06-23|зачислен|контракт
1868|23|Козлова Марина Александровна|6624 341475|+79508181024|kozlova619@mail.ru|233|2023-06-04|отказ|контракт
1869|23|Степанова Мария Александровна|4125 409441|+79142019057|stepanova935@mail.ru|240|2023-06-07|отказ|контракт
1870|23|Степанова Наталья Сергеевна|1438 849438|+79063658995|stepanova473@mail.ru|202|2023-07-15|отказ|бюджет
1871|23|Фёдоров Никита Кириллович|2009 348866|+79021308454|fedorov413@mail.ru|196|2023-06-08|отказ|контракт
1872|23|Семёнова Елизавета Александровна|5110 870630|+79756829676|semenova721@mail.ru|249|2023-07-20|отказ|бюджет
1873|23|Орлова Юлия Ильинична|5948 134940|+79152393243|orlova207@mail.ru|186|2023-06-06|подано|бюджет
1874|23|Морозова Марина Сергеевна|9239 931519|+79417178499|morozova951@mail.ru|194|2023-07-11|отозвано|бюджет
1875|23|Никитин Максим Александрович|2109 542025|+79554470071|nikitin511@mail.ru|195|2023-07-22|зачислен|контракт
1876|23|Попов Илья Алексеевич|7542 865612|+79961914212|popov537@mail.ru|201|2023-06-09|подано|бюджет
1877|23|Петрова Екатерина Михайловна|7104 366833|+79977237268|petrova648@mail.ru|177|2023-06-07|зачислен|бюджет
1878|23|Степанова Елизавета Михайловна|4986 337612|+79355484270|stepanova233@mail.ru|166|2023-07-10|подано|бюджет
1879|23|Алексеев Артём Андреевич|8274 905985|+79481404106|alekseev572@mail.ru|250|2023-06-23|отказ|бюджет
1880|23|Новиков Артём Алексеевич|9925 252837|+79755672151|novikov624@mail.ru|265|2023-06-23|отозвано|контракт
1881|23|Павлова Марина Андреевна|3427 638454|+79153273463|pavlova940@mail.ru|206|2023-07-22|зачислен|бюджет
1882|23|Андреева Екатерина Алексеевна|2191 442923|+79223612923|andreeva653@mail.ru|236|2023-06-02|отказ|бюджет
1883|23|Степанова Виктория Александровна|3491 309289|+79716528509|stepanova990@mail.ru|219|2023-07-08|подано|бюджет
1884|23|Орлова Ольга Дмитриевна|8432 988112|+79221094386|orlova588@mail.ru|219|2023-07-14|отказ|бюджет
1885|23|Павлов Максим Сергеевич|7980 278842|+79309040278|pavlov995@mail.ru|199|2023-06-01|зачислен|бюджет
1886|23|Семёнов Дмитрий Андреевич|5984 965990|+79226821531|semenov299@mail.ru|213|2023-07-12|зачислен|бюджет
1887|23|Соколов Кирилл Максимович|7230 225200|+79782010050|sokolov942@mail.ru|207|2023-07-16|подано|бюджет
1888|23|Макарова Анастасия Ильинична|7478 772072|+79215636823|makarova864@mail.ru|195|2023-07-07|зачислен|бюджет
1889|23|Никитин Андрей Артёмович|6912 709900|+79137930699|nikitin978@mail.ru|207|2023-07-08|зачислен|бюджет
1890|23|Егоров Денис Артёмович|6780 112783|+79501344334|egorov770@mail.ru|200|2023-07-21|отказ|контракт
1891|23|Павлова Наталья Александровна|6331 818687|+79070346857|pavlova194@mail.ru|250|2023-06-22|отказ|бюджет
1892|23|Степанова Ольга Ивановна|6656 915882|+79657400350|stepanova518@mail.ru|214|2023-06-19|отказ|контракт
1893|23|Лебедева Анастасия Александровна|7758 439854|+79480981249|lebedeva940@mail.ru|223|2023-07-05|отказ|бюджет
1894|23|Степанова Мария Ивановна|8352 540658|+79606152726|stepanova260@mail.ru|205|2023-06-03|зачислен|бюджет
1895|23|Андреева Ольга Кирилловна|8586 674767|+79439169438|andreeva481@mail.ru|192|2023-07-20|подано|контракт
1896|23|Орлов Илья Ильич|1514 663976|+79518920495|orlov239@mail.ru|165|2023-07-17|отказ|контракт
1897|23|Никитина Екатерина Максимовна|6704 187508|+79644914840|nikitina381@mail.ru|181|2023-07-25|отказ|бюджет
1898|23|Фёдоров Денис Артёмович|5056 919503|+79848951477|fedorov796@mail.ru|202|2023-06-24|отказ|контракт
1899|23|Николаев Александр Александрович|5057 505147|+79187140624|nikolaev332@mail.ru|244|2023-06-16|отказ|бюджет
1900|23|Егоров Роман Алексеевич|5512 329251|+79001686820|egorov455@mail.ru|203|2023-06-04|отказ|контракт
1901|23|Никитин Алексей Андреевич|5784 533417|+79534921808|nikitin916@mail.ru|248|2023-06-14|отказ|бюджет
1902|23|Петрова Татьяна Ивановна|6794 937306|+79831069456|petrova801@mail.ru|215|2023-07-24|подано|контракт
1903|23|Петрова Ольга Максимовна|6396 458021|+79764441881|petrova687@mail.ru|167|2023-07-17|зачислен|бюджет
1904|23|Козлов Роман Михайлович|7801 153843|+79689187452|kozlov685@mail.ru|214|2023-07-10|подано|бюджет
1905|23|Морозов Иван Михайлович|5895 122216|+79478150420|morozov311@mail.ru|229|2023-06-10|отказ|бюджет
1906|23|Алексеев Арсений Дмитриевич|3984 881206|+79086099680|alekseev685@mail.ru|214|2023-07-23|отказ|контракт
1907|23|Кузнецова Мария Михайловна|1940 750103|+79014832403|kuznecova144@mail.ru|240|2023-06-23|отказ|бюджет
1908|23|Фёдоров Арсений Романович|7921 943847|+79672634712|fedorov552@mail.ru|223|2023-07-12|подано|бюджет
1909|23|Егорова Наталья Дмитриевна|7350 605139|+79416093546|egorova198@mail.ru|181|2023-07-24|подано|бюджет
1910|23|Кузнецова Виктория Артёмовна|6768 392785|+79918487596|kuznecova226@mail.ru|223|2023-07-01|зачислен|бюджет
1911|23|Фёдоров Егор Романович|5503 896729|+79907675346|fedorov291@mail.ru|182|2023-06-20|подано|контракт
1912|23|Орлова Анна Ильинична|9462 460829|+79240892815|orlova513@mail.ru|212|2023-07-04|зачислен|бюджет
1913|23|Козлов Кирилл Артёмович|7705 866758|+79254797028|kozlov988@mail.ru|295|2023-06-20|зачислен|контракт
1914|23|Морозов Кирилл Ильич|7188 177221|+79015221906|morozov875@mail.ru|213|2023-07-08|зачислен|бюджет
1915|23|Степанов Матвей Ильич|8835 223219|+79520060530|stepanov673@mail.ru|209|2023-07-15|отказ|бюджет
1916|23|Никитина Татьяна Дмитриевна|3580 318234|+79038918082|nikitina567@mail.ru|213|2023-06-19|отказ|бюджет
1917|23|Иванов Роман Максимович|9892 831183|+79159922477|ivanov915@mail.ru|213|2023-06-25|отказ|бюджет
1918|23|Иванов Денис Романович|5386 699051|+79562579566|ivanov574@mail.ru|170|2023-06-24|отозвано|контракт
1919|23|Волков Михаил Алексеевич|2594 697876|+79284393206|volkov305@mail.ru|223|2023-07-22|подано|бюджет
1920|23|Макаров Александр Романович|5980 841145|+79566350665|makarov669@mail.ru|169|2023-06-07|подано|контракт
1921|23|Новикова Мария Алексеевна|1021 145232|+79682294285|novikova361@mail.ru|252|2023-07-11|отказ|контракт
1922|23|Смирнов Арсений Максимович|5050 478874|+79666325171|smirnov687@mail.ru|248|2023-06-17|отказ|бюджет
1923|23|Семёнов Максим Михайлович|7714 236009|+79351834878|semenov122@mail.ru|217|2023-06-13|зачислен|бюджет
1924|23|Макарова Алиса Алексеевна|3188 889283|+79939835117|makarova306@mail.ru|211|2023-07-25|зачислен|контракт
1925|23|Новиков Егор Андреевич|3236 152833|+79530208886|novikov193@mail.ru|229|2023-06-25|отказ|бюджет
1926|23|Васильева Анна Артёмовна|4044 779732|+79242246079|vasileva120@mail.ru|174|2023-07-10|отказ|бюджет
1927|23|Лебедев Иван Сергеевич|6574 991287|+79626794754|lebedev430@mail.ru|189|2023-07-08|подано|контракт
1928|23|Семёнов Михаил Михайлович|4298 574030|+79452281102|semenov636@mail.ru|236|2023-07-09|подано|контракт
1929|23|Морозова Анна Артёмовна|1964 865636|+79343548754|morozova943@mail.ru|190|2023-06-15|отказ|бюджет
1930|23|Смирнов Илья Кириллович|5876 326862|+79169600674|smirnov868@mail.ru|240|2023-06-10|отказ|контракт
1931|23|Соколов Александр Максимович|9053 559206|+79304885144|sokolov975@mail.ru|196|2023-07-15|подано|бюджет
1932|24|Фёдорова Анна Максимовна|8238 133017|+79144629439|fedorova526@mail.ru|208|2023-06-17|отозвано|бюджет
1933|24|Васильев Дмитрий Иванович|3474 128605|+79892677928|vasilev889@mail.ru|207|2023-06-21|подано|бюджет
1934|24|Степанова Анастасия Романовна|2588 252522|+79346835216|stepanova275@mail.ru|200|2023-06-01|подано|бюджет
1935|24|Васильева Анна Артёмовна|8299 752066|+79856430615|vasileva470@mail.ru|242|2023-06-13|зачислен|бюджет
1936|24|Павлова Алиса Алексеевна|3134 240617|+79614667289|pavlova730@mail.ru|195|2023-07-03|подано|бюджет
1937|24|Лебедева Мария Александровна|8901 935062|+79238045915|lebedeva170@mail.ru|229|2023-06-18|зачислен|бюджет
1938|24|Никитина Ксения Ивановна|9151 479651|+79637630841|nikitina456@mail.ru|198|2023-06-20|зачислен|бюджет
1939|24|Алексеев Алексей Максимович|3760 216948|+79599376282|alekseev899@mail.ru|199|2023-06-18|отказ|контракт
1940|24|Семёнова Ксения Сергеевна|4596 542373|+79837602661|semenova585@mail.ru|250|2023-07-19|отказ|бюджет
1941|24|Никитин Алексей Дмитриевич|2189 142942|+79331345192|nikitin783@mail.ru|199|2023-06-23|отозвано|бюджет
1942|24|Фёдоров Артём Кириллович|2512 574477|+79362617193|fedorov484@mail.ru|190|2023-06-17|отказ|бюджет
1943|24|Макарова София Кирилловна|8123 546583|+79139705648|makarova876@mail.ru|209|2023-06-19|отказ|бюджет
1944|24|Петрова Алиса Александровна|3005 813738|+79491663565|petrova412@mail.ru|203|2023-07-13|отозвано|бюджет
1945|24|Егорова Наталья Александровна|2503 347169|+79215308076|egorova272@mail.ru|146|2023-06-02|отказ|контракт
1946|24|Смирнова Анна Ивановна|8465 569702|+79289571618|smirnova582@mail.ru|190|2023-06-02|зачислен|бюджет
1947|24|Смирнова Алиса Ильинична|3605 344964|+79361153309|smirnova229@mail.ru|231|2023-07-06|отозвано|бюджет
1948|24|Попова Ксения Ивановна|2072 834613|+79525556143|popova881@mail.ru|198|2023-07-07|отказ|бюджет
1949|24|Новиков Илья Алексеевич|9197 344169|+79296973366|novikov186@mail.ru|169|2023-07-15|зачислен|бюджет
1950|24|Николаева Ксения Сергеевна|1019 120872|+79231865839|nikolaeva683@mail.ru|181|2023-07-03|отказ|бюджет
1951|24|Павлов Александр Алексеевич|8463 696974|+79214849911|pavlov708@mail.ru|173|2023-06-21|отказ|бюджет
1952|24|Николаев Матвей Кириллович|9609 999304|+79710197976|nikolaev667@mail.ru|185|2023-06-16|зачислен|бюджет
1953|24|Никитин Арсений Дмитриевич|4068 772469|+79079437754|nikitin609@mail.ru|145|2023-06-06|отказ|бюджет
1954|24|Петров Роман Иванович|7041 208330|+79959975899|petrov447@mail.ru|246|2023-06-13|отказ|контракт
1955|24|Соколова Марина Ивановна|9744 963474|+79197323345|sokolova253@mail.ru|244|2023-07-17|зачислен|бюджет
1956|24|Егорова Полина Кирилловна|9105 735646|+79988840690|egorova198@mail.ru|179|2023-07-02|зачислен|бюджет
1957|24|Степанов Кирилл Алексеевич|5076 843318|+79841743670|stepanov327@mail.ru|212|2023-06-24|отказ|бюджет
1958|24|Фёдорова Татьяна Сергеевна|8590 828268|+79773867245|fedorova911@mail.ru|199|2023-06-22|подано|бюджет
1959|24|Михайлов Илья Романович|5001 926305|+79337599074|mihaylov660@mail.ru|212|2023-07-01|зачислен|контракт
1960|24|Петров Илья Иванович|9566 568990|+79538520714|petrov976@mail.ru|169|2023-07-05|отказ|контракт
1961|24|Волков Егор Алексеевич|7559 839148|+79555412677|volkov408@mail.ru|217|2023-07-23|отказ|бюджет
1962|24|Волков Никита Иванович|5557 648427|+79296805331|volkov739@mail.ru|144|2023-06-14|отозвано|бюджет
1963|24|Семёнова Марина Ивановна|3713 542104|+79939374307|semenova400@mail.ru|203|2023-07-23|отозвано|бюджет
1964|24|Фёдорова Наталья Андреевна|8119 561024|+79122982076|fedorova742@mail.ru|208|2023-06-01|отказ|контракт
1965|24|Попов Егор Сергеевич|7006 503666|+79011133714|popov923@mail.ru|212|2023-06-09|зачислен|бюджет
1966|24|Николаева Екатерина Андреевна|1974 864207|+79056022086|nikolaeva582@mail.ru|200|2023-06-03|зачислен|бюджет
1967|24|Кузнецов Арсений Ильич|7655 874245|+79576072061|kuznecov110@mail.ru|279|2023-07-10|отказ|контракт
1968|24|Козлова Елизавета Артёмовна|1150 658861|+79725427481|kozlova569@mail.ru|172|2023-06-04|отказ|бюджет
1969|24|Васильева Марина Андреевна|8849 752440|+79096421551|vasileva871@mail.ru|244|2023-07-04|отказ|контракт
1970|24|Лебедева Марина Андреевна|7063 434998|+79245780738|lebedeva894@mail.ru|254|2023-07-20|зачислен|контракт
1971|24|Семёнов Максим Михайлович|8712 124774|+79309269621|semenov438@mail.ru|231|2023-06-22|отказ|бюджет
1972|24|Михайлов Иван Иванович|2351 180698|+79766154583|mihaylov480@mail.ru|212|2023-06-19|подано|бюджет
1973|24|Иванова Алиса Сергеевна|3670 347492|+79334100231|ivanova127@mail.ru|230|2023-07-22|зачислен|контракт
1974|24|Иванова Марина Дмитриевна|7437 935866|+79071498327|ivanova782@mail.ru|204|2023-06-20|подано|бюджет
1975|24|Кузнецов Сергей Алексеевич|6022 623045|+79274369253|kuznecov465@mail.ru|199|2023-06-07|отказ|контракт
1976|24|Иванова Анастасия Романовна|5101 726681|+79295926767|ivanova981@mail.ru|173|2023-07-24|зачислен|бюджет
1977|24|Смирнова Полина Кирилловна|6526 868767|+79919767591|smirnova951@mail.ru|196|2023-06-01|зачислен|бюджет
1978|24|Орлов Илья Михайлович|6459 122781|+79612196439|orlov844@mail.ru|152|2023-07-12|отозвано|бюджет
1979|24|Соколов Иван Артёмович|4373 554755|+79514436451|sokolov644@mail.ru|248|2023-06-08|отозвано|контракт
1980|24|Волкова Анастасия Кирилловна|1356 594092|+79722287210|volkova584@mail.ru|177|2023-07-24|отозвано|бюджет
1981|24|Козлова Юлия Ильинична|6569 720338|+79593134048|kozlova301@mail.ru|206|2023-06-04|зачислен|бюджет
1982|24|Андреев Арсений Александрович|8377 229257|+79733927920|andreev496@mail.ru|231|2023-06-16|отказ|контракт
1983|24|Лебедев Никита Кириллович|2639 157802|+79746392524|lebedev580@mail.ru|189|2023-06-06|зачислен|бюджет
1984|24|Петрова Виктория Алексеевна|4163 174605|+79094318852|petrova979@mail.ru|166|2023-07-03|отозвано|бюджет
1985|24|Степанов Арсений Артёмович|8880 364421|+79364200621|stepanov266@mail.ru|213|2023-06-25|подано|бюджет
1986|24|Новикова Юлия Артёмовна|1133 413398|+79428992372|novikova725@mail.ru|152|2023-06-07|подано|бюджет
1987|24|Семёнов Егор Михайлович|7899 517132|+79582462218|semenov614@mail.ru|209|2023-06-03|отказ|бюджет
1988|24|Егоров Александр Максимович|4318 356833|+79356156333|egorov567@mail.ru|191|2023-07-17|отказ|бюджет
1989|24|Фёдоров Александр Алексеевич|8563 196520|+79389583253|fedorov940@mail.ru|182|2023-07-08|отказ|контракт
1990|24|Андреева Анастасия Михайловна|2541 657178|+79286210747|andreeva991@mail.ru|176|2023-07-06|отказ|контракт
1991|24|Новикова Мария Андреевна|5041 952836|+79293161324|novikova193@mail.ru|205|2023-07-05|зачислен|бюджет
1992|24|Новиков Сергей Дмитриевич|2943 352053|+79152085140|novikov147@mail.ru|202|2023-07-06|отказ|бюджет
1993|24|Кузнецов Денис Дмитриевич|3763 767053|+79012756670|kuznecov275@mail.ru|185|2023-06-09|отказ|бюджет
1994|24|Петров Илья Артёмович|2531 720837|+79571342020|petrov581@mail.ru|224|2023-07-01|подано|бюджет
1995|25|Орлова Марина Кирилловна|6507 219167|+79191646621|orlova492@mail.ru|211|2023-06-20|отказ|бюджет
1996|25|Новиков Андрей Михайлович|8369 842691|+79732447485|novikov662@mail.ru|230|2023-06-21|отозвано|контракт
1997|25|Соколова Юлия Михайловна|1069 854243|+79523016395|sokolova318@mail.ru|245|2023-07-19|подано|бюджет
1998|25|Орлова Мария Романовна|7877 933598|+79505052607|orlova829@mail.ru|212|2023-07-02|зачислен|бюджет
1999|25|Новикова Анна Александровна|9365 764434|+79650296156|novikova980@mail.ru|250|2023-07-23|зачислен|бюджет
2000|25|Васильев Дмитрий Дмитриевич|9372 370390|+79834940774|vasilev932@mail.ru|269|2023-06-08|отказ|бюджет
2001|25|Лебедева Алиса Андреевна|3685 151193|+79650612089|lebedeva199@mail.ru|244|2023-06-07|отказ|контракт
2002|25|Морозов Илья Максимович|8314 454902|+79768387349|morozov221@mail.ru|184|2023-06-11|зачислен|бюджет
2003|25|Попова Юлия Сергеевна|1349 175328|+79384812936|popova618@mail.ru|220|2023-06-10|зачислен|контракт
2004|25|Смирнова Дарья Алексеевна|5183 128907|+79318287134|smirnova290@mail.ru|155|2023-07-21|зачислен|контракт
2005|25|Смирнов Никита Максимович|3932 439042|+79233165766|smirnov433@mail.ru|187|2023-06-22|зачислен|бюджет
2006|25|Новикова Ольга Алексеевна|2622 434827|+79443497985|novikova779@mail.ru|208|2023-06-07|зачислен|бюджет
2007|25|Михайлова Виктория Максимовна|4795 340998|+79146134846|mihaylova139@mail.ru|212|2023-06-11|зачислен|бюджет
2008|25|Макаров Кирилл Михайлович|7868 322938|+79507318696|makarov487@mail.ru|212|2023-07-02|отозвано|бюджет
2009|25|Козлова Юлия Кирилловна|7256 269247|+79484996528|kozlova776@mail.ru|202|2023-06-11|зачислен|бюджет
2010|25|Егоров Егор Романович|6163 143163|+79622816541|egorov286@mail.ru|193|2023-06-04|отказ|бюджет
2011|25|Петров Егор Артёмович|8176 865194|+79468593413|petrov426@mail.ru|278|2023-07-02|зачислен|контракт
2012|25|Смирнов Михаил Алексеевич|3107 319823|+79439268709|smirnov769@mail.ru|197|2023-06-06|отказ|бюджет
2013|25|Семёнова Екатерина Ивановна|1643 907525|+79862575618|semenova410@mail.ru|257|2023-07-15|отказ|бюджет
2014|25|Петров Илья Михайлович|7338 810452|+79129423244|petrov118@mail.ru|194|2023-06-02|отозвано|бюджет
2015|25|Васильева Анастасия Романовна|3858 337728|+79071732336|vasileva434@mail.ru|229|2023-07-02|отозвано|бюджет
2016|25|Смирнов Дмитрий Андреевич|5051 166919|+79226781134|smirnov408@mail.ru|181|2023-07-01|отказ|бюджет
2017|25|Петров Михаил Кириллович|5200 615931|+79182696907|petrov770@mail.ru|219|2023-07-18|отказ|контракт
2018|25|Егорова Наталья Дмитриевна|1518 870150|+79288587786|egorova987@mail.ru|207|2023-06-07|отозвано|бюджет
2019|25|Андреев Денис Ильич|1134 858319|+79709364806|andreev362@mail.ru|259|2023-07-06|отказ|бюджет
2020|25|Андреева Полина Андреевна|1738 322691|+79784892470|andreeva442@mail.ru|229|2023-07-24|зачислен|контракт
2021|25|Смирнова Ольга Сергеевна|9657 867444|+79875030313|smirnova898@mail.ru|231|2023-07-08|подано|бюджет
2022|25|Орлов Матвей Артёмович|1166 222012|+79335435141|orlov981@mail.ru|250|2023-06-25|отказ|контракт
2023|25|Васильева Наталья Сергеевна|3456 486679|+79348341600|vasileva383@mail.ru|233|2023-07-20|подано|контракт
2024|25|Егорова Анастасия Ильинична|3538 742967|+79459065198|egorova873@mail.ru|249|2023-07-16|подано|бюджет
2025|25|Алексеева Ксения Михайловна|4750 237125|+79757898781|alekseeva263@mail.ru|193|2023-07-14|отказ|контракт
2026|25|Михайлова Татьяна Романовна|8598 610349|+79939696842|mihaylova325@mail.ru|207|2023-06-06|отозвано|контракт
2027|25|Смирнова Полина Ильинична|8429 842680|+79133780611|smirnova647@mail.ru|161|2023-07-05|зачислен|бюджет
2028|25|Орлова Анастасия Артёмовна|9597 591950|+79706551476|orlova417@mail.ru|182|2023-06-05|зачислен|контракт
2029|25|Волкова Елизавета Ильинична|8763 898883|+79510086599|volkova289@mail.ru|177|2023-07-02|отказ|бюджет
2030|25|Кузнецова Юлия Кирилловна|5411 285597|+79336378358|kuznecova417@mail.ru|216|2023-06-06|зачислен|бюджет
2031|25|Степанов Кирилл Иванович|4205 296394|+79929988437|stepanov774@mail.ru|224|2023-06-14|подано|бюджет
2032|25|Попов Егор Ильич|1640 590908|+79404775327|popov644@mail.ru|202|2023-06-22|отказ|бюджет
2033|25|Николаев Максим Алексеевич|5108 319054|+79394279808|nikolaev373@mail.ru|227|2023-07-02|отказ|бюджет
2034|25|Семёнов Роман Дмитриевич|7663 522358|+79679695966|semenov352@mail.ru|193|2023-07-10|отказ|бюджет
2035|25|Егоров Матвей Максимович|6206 782732|+79197085328|egorov240@mail.ru|241|2023-07-03|подано|бюджет
2036|25|Егорова Мария Александровна|7002 673799|+79951149187|egorova659@mail.ru|234|2023-06-14|отказ|бюджет
2037|25|Морозов Александр Артёмович|5844 847917|+79850129446|morozov996@mail.ru|242|2023-06-22|зачислен|бюджет
2038|25|Иванов Алексей Артёмович|1118 295246|+79197080419|ivanov639@mail.ru|246|2023-06-24|отказ|бюджет
2039|25|Попова Татьяна Кирилловна|8036 558239|+79654620034|popova629@mail.ru|223|2023-06-15|зачислен|бюджет
2040|25|Морозова Полина Максимовна|4519 462166|+79930629254|morozova933@mail.ru|198|2023-07-02|зачислен|бюджет
2041|25|Андреева Татьяна Ивановна|9629 515235|+79934847199|andreeva562@mail.ru|170|2023-06-04|подано|бюджет
2042|25|Макаров Михаил Алексеевич|7203 560716|+79810189462|makarov336@mail.ru|230|2023-07-06|подано|бюджет
2043|25|Никитин Иван Кириллович|5906 133170|+79223128061|nikitin276@mail.ru|213|2023-06-05|подано|контракт
2044|25|Семёнова Елизавета Ильинична|2263 967175|+79769172344|semenova972@mail.ru|228|2023-06-07|отказ|бюджет
2045|25|Макаров Денис Ильич|8276 687747|+79374814035|makarov774@mail.ru|201|2023-06-12|подано|бюджет
2046|25|Андреева Юлия Артёмовна|1405 266475|+79539191086|andreeva718@mail.ru|201|2023-06-18|отозвано|контракт
2047|25|Кузнецова Ольга Андреевна|2961 711264|+79129044085|kuznecova513@mail.ru|201|2023-07-23|зачислен|бюджет
2048|25|Алексеева Анна Михайловна|6568 520252|+79587892876|alekseeva455@mail.ru|163|2023-06-08|отозвано|бюджет
2049|25|Лебедева Мария Александровна|4292 696585|+79611127287|lebedeva565@mail.ru|209|2023-06-17|отказ|контракт
2050|25|Новиков Алексей Иванович|9692 813991|+79955739693|novikov493@mail.ru|236|2023-06-05|отказ|контракт
2051|25|Алексеев Илья Кириллович|6220 114931|+79858744010|alekseev501@mail.ru|246|2023-06-07|подано|бюджет
2052|25|Михайлов Дмитрий Ильич|2950 974236|+79421293158|mihaylov439@mail.ru|234|2023-06-15|зачислен|бюджет
2053|25|Иванов Матвей Артёмович|3446 599656|+79829728083|ivanov709@mail.ru|225|2023-07-19|зачислен|бюджет
2054|25|Морозов Алексей Кириллович|9331 326578|+79657520707|morozov614@mail.ru|198|2023-06-22|отказ|бюджет
2055|25|Никитин Матвей Александрович|1013 341128|+79428661051|nikitin775@mail.ru|181|2023-07-08|отозвано|контракт
2056|25|Морозова Ольга Андреевна|9585 550708|+79955301935|morozova739@mail.ru|222|2023-06-22|зачислен|бюджет
2057|25|Семёнов Андрей Максимович|8321 880779|+79575564914|semenov864@mail.ru|213|2023-07-20|подано|контракт
2058|25|Павлов Арсений Кириллович|4113 135456|+79606585065|pavlov494@mail.ru|190|2023-06-18|отказ|контракт
2059|25|Волкова Елизавета Максимовна|9689 241841|+79802014882|volkova597@mail.ru|132|2023-07-14|отказ|контракт
2060|25|Алексеева Мария Ильинична|9228 422517|+79337125501|alekseeva262@mail.ru|247|2023-07-07|отказ|контракт
2061|25|Андреева Татьяна Александровна|3362 463951|+79017733655|andreeva994@mail.ru|196|2023-07-10|подано|контракт
2062|25|Морозова Елизавета Ильинична|8918 529525|+79086779123|morozova554@mail.ru|171|2023-07-11|отказ|контракт
2063|25|Попов Денис Иванович|2282 939081|+79244492398|popov445@mail.ru|175|2023-07-18|отказ|контракт
2064|25|Павлов Кирилл Андреевич|6738 374715|+79050597783|pavlov632@mail.ru|162|2023-07-16|зачислен|бюджет
2065|25|Михайлова Дарья Сергеевна|3724 257034|+79875449271|mihaylova765@mail.ru|212|2023-07-25|подано|контракт
2066|25|Иванов Сергей Максимович|6120 725935|+79747947061|ivanov172@mail.ru|151|2023-07-08|зачислен|бюджет
2067|25|Алексеева Алиса Максимовна|4571 916114|+79355101912|alekseeva345@mail.ru|189|2023-06-12|отказ|контракт
2068|25|Никитин Артём Алексеевич|7858 385254|+79425768675|nikitin395@mail.ru|168|2023-07-25|подано|бюджет
2069|25|Орлова Алиса Александровна|1974 276344|+79131157086|orlova134@mail.ru|158|2023-07-13|отозвано|бюджет
2070|25|Морозов Дмитрий Иванович|2085 912165|+79933334945|morozov811@mail.ru|200|2023-06-19|зачислен|бюджет
2071|25|Николаева Полина Ильинична|2211 330245|+79248616882|nikolaeva265@mail.ru|167|2023-06-01|зачислен|контракт
2072|25|Николаева София Михайловна|5428 787283|+79187117492|nikolaeva961@mail.ru|186|2023-07-23|отказ|бюджет
2073|26|Иванова Алиса Романовна|7053 838453|+79988138773|ivanova473@mail.ru|189|2023-07-02|отказ|бюджет
2074|26|Лебедев Арсений Андреевич|6415 766379|+79971874556|lebedev494@mail.ru|235|2023-06-23|зачислен|контракт
2075|26|Степанов Сергей Иванович|9910 236384|+79807916695|stepanov264@mail.ru|209|2023-07-20|отказ|бюджет
2076|26|Иванова Ольга Александровна|3236 480901|+79942489395|ivanova658@mail.ru|218|2023-07-10|отказ|контракт
2077|26|Петрова Екатерина Андреевна|2893 889765|+79234023141|petrova718@mail.ru|219|2023-06-02|отказ|контракт
2078|26|Семёнов Илья Алексеевич|3915 146712|+79113982712|semenov516@mail.ru|141|2023-07-21|зачислен|бюджет
2079|26|Морозова Ольга Михайловна|1892 494504|+79361369692|morozova883@mail.ru|189|2023-07-07|отказ|контракт
2080|26|Макаров Иван Сергеевич|6728 742066|+79506405811|makarov107@mail.ru|207|2023-06-09|подано|контракт
2081|26|Кузнецов Арсений Александрович|3700 241657|+79160465096|kuznecov369@mail.ru|154|2023-07-09|зачислен|бюджет
2082|26|Кузнецов Матвей Максимович|4896 371627|+79763639436|kuznecov722@mail.ru|218|2023-06-07|зачислен|бюджет
2083|26|Кузнецова Юлия Алексеевна|1218 328940|+79820764639|kuznecova358@mail.ru|203|2023-07-12|зачислен|бюджет
2084|26|Михайлова Ольга Андреевна|1886 806392|+79947336991|mihaylova775@mail.ru|230|2023-06-15|подано|бюджет
2085|26|Степанова Марина Романовна|2610 921369|+79769704607|stepanova461@mail.ru|188|2023-07-15|зачислен|бюджет
2086|26|Михайлова Татьяна Ильинична|2265 208644|+79630163719|mihaylova336@mail.ru|244|2023-06-14|зачислен|контракт
2087|26|Орлова Анна Александровна|2012 108864|+79838888911|orlova614@mail.ru|200|2023-07-17|отказ|бюджет
2088|26|Морозов Кирилл Андреевич|2391 927553|+79279029028|morozov555@mail.ru|223|2023-07-08|отказ|бюджет
2089|26|Никитин Иван Кириллович|5414 401353|+79862942215|nikitin176@mail.ru|210|2023-06-08|отказ|бюджет
2090|26|Семёнова Наталья Михайловна|8778 875002|+79358113081|semenova738@mail.ru|232|2023-07-17|зачислен|контракт
2091|26|Степанов Матвей Сергеевич|3861 746464|+79998803504|stepanov498@mail.ru|192|2023-07-09|отозвано|контракт
2092|26|Волков Алексей Максимович|9189 352374|+79150845310|volkov808@mail.ru|173|2023-07-12|зачислен|бюджет
2093|26|Михайлов Арсений Александрович|9936 867563|+79504939960|mihaylov821@mail.ru|215|2023-07-22|отказ|бюджет
2094|26|Николаева Татьяна Алексеевна|5130 750200|+79284599597|nikolaeva147@mail.ru|199|2023-07-23|зачислен|бюджет
2095|26|Павлов Илья Алексеевич|1830 602118|+79937400449|pavlov708@mail.ru|222|2023-07-09|отказ|бюджет
2096|26|Новиков Илья Сергеевич|2937 629615|+79648528029|novikov802@mail.ru|156|2023-06-13|зачислен|бюджет
2097|26|Петрова Ольга Ивановна|4399 227388|+79987494657|petrova177@mail.ru|224|2023-06-16|подано|бюджет
2098|26|Петрова Анна Андреевна|1953 484957|+79064985783|petrova859@mail.ru|198|2023-06-18|отказ|бюджет
2099|26|Новикова София Сергеевна|6621 122854|+79784830745|novikova730@mail.ru|202|2023-06-03|отозвано|бюджет
2100|26|Смирнов Денис Михайлович|5057 581893|+79790425267|smirnov914@mail.ru|195|2023-07-11|зачислен|бюджет
2101|26|Попова Наталья Максимовна|2651 368632|+79129701027|popova730@mail.ru|238|2023-06-20|отказ|контракт
2102|26|Петрова Алиса Сергеевна|5540 542612|+79165153964|petrova696@mail.ru|217|2023-07-01|отказ|бюджет
2103|26|Смирнов Артём Романович|8674 432676|+79008825394|smirnov409@mail.ru|213|2023-06-03|зачислен|контракт
2104|26|Волкова Алиса Михайловна|3984 250304|+79071537066|volkova270@mail.ru|210|2023-07-24|отказ|бюджет
2105|26|Попов Иван Андреевич|1617 504107|+79285269186|popov809@mail.ru|192|2023-07-09|зачислен|контракт
2106|26|Попов Матвей Михайлович|8173 877741|+79100147634|popov946@mail.ru|219|2023-06-05|отказ|бюджет
2107|26|Козлова Полина Артёмовна|9561 491511|+79475536163|kozlova249@mail.ru|215|2023-06-08|зачислен|бюджет
2108|26|Васильева Марина Александровна|4009 166048|+79228137538|vasileva602@mail.ru|219|2023-07-21|подано|контракт
2109|26|Егорова Полина Сергеевна|9561 985134|+79757339905|egorova618@mail.ru|214|2023-06-18|зачислен|контракт
2110|26|Никитина Екатерина Ивановна|1663 574072|+79537354958|nikitina973@mail.ru|226|2023-06-12|отозвано|бюджет
2111|26|Новикова София Михайловна|1343 793963|+79667800448|novikova140@mail.ru|185|2023-06-20|зачислен|контракт
2112|26|Степанова Юлия Александровна|8313 648747|+79188464395|stepanova735@mail.ru|179|2023-06-08|отказ|контракт
2113|26|Никитина Екатерина Артёмовна|7071 522991|+79096600178|nikitina648@mail.ru|158|2023-06-06|зачислен|бюджет
2114|26|Никитина Ольга Ильинична|5957 360838|+79831774482|nikitina635@mail.ru|206|2023-07-24|отказ|бюджет
2115|26|Егорова Ксения Романовна|3769 776801|+79875013185|egorova405@mail.ru|138|2023-06-20|отозвано|контракт
2116|26|Павлова Ксения Кирилловна|4303 366001|+79183209116|pavlova715@mail.ru|169|2023-06-15|отказ|контракт
2117|26|Степанов Дмитрий Артёмович|5834 766956|+79583711824|stepanov527@mail.ru|228|2023-07-06|отказ|бюджет
2118|26|Михайлова Ольга Ивановна|7643 780300|+79462356481|mihaylova510@mail.ru|206|2023-06-05|отказ|бюджет
2119|27|Николаева Елизавета Андреевна|5670 759711|+79757055434|nikolaeva758@mail.ru|149|2024-07-12|отказ|контракт
2120|27|Фёдоров Александр Александрович|6050 907240|+79068526618|fedorov906@mail.ru|171|2024-06-12|отказ|бюджет
2121|27|Макаров Андрей Алексеевич|2079 745777|+79954889759|makarov411@mail.ru|204|2024-07-19|зачислен|бюджет
2122|27|Волкова Анастасия Михайловна|3020 747550|+79313765415|volkova614@mail.ru|195|2024-06-24|отказ|бюджет
2123|27|Козлова Мария Ивановна|7536 309304|+79159451182|kozlova146@mail.ru|190|2024-06-12|отказ|бюджет
2124|27|Смирнов Матвей Алексеевич|6546 641185|+79280925836|smirnov107@mail.ru|199|2024-06-07|подано|бюджет
2125|27|Орлов Артём Иванович|3181 799986|+79223934057|orlov886@mail.ru|208|2024-07-03|отказ|бюджет
2126|27|Соколова Анастасия Ильинична|3022 902299|+79195907009|sokolova443@mail.ru|194|2024-07-02|отказ|бюджет
2127|27|Никитин Иван Максимович|1601 192876|+79881386996|nikitin584@mail.ru|120|2024-07-17|подано|бюджет
2128|27|Новикова Виктория Алексеевна|3913 897961|+79638507368|novikova969@mail.ru|212|2024-06-19|подано|бюджет
2129|27|Козлова Татьяна Ивановна|9528 884957|+79042910453|kozlova683@mail.ru|199|2024-06-15|подано|бюджет
2130|27|Козлов Дмитрий Кириллович|5379 140028|+79221488096|kozlov114@mail.ru|198|2024-07-12|зачислен|бюджет
2131|27|Иванова Алиса Максимовна|8564 846073|+79026409529|ivanova718@mail.ru|256|2024-06-05|зачислен|бюджет
2132|27|Михайлова Екатерина Максимовна|3743 283685|+79794545189|mihaylova820@mail.ru|197|2024-06-20|подано|бюджет
2133|27|Васильева Екатерина Ивановна|8499 538337|+79418822962|vasileva781@mail.ru|184|2024-07-12|зачислен|бюджет
2134|27|Макаров Артём Артёмович|7331 144621|+79680764673|makarov696@mail.ru|191|2024-06-18|зачислен|бюджет
2135|27|Петрова Дарья Дмитриевна|9957 261079|+79828878735|petrova374@mail.ru|160|2024-06-07|отказ|бюджет
2136|27|Соколов Илья Михайлович|1278 211957|+79685848189|sokolov966@mail.ru|204|2024-07-17|отозвано|контракт
2137|27|Морозова Наталья Дмитриевна|5165 164096|+79130379537|morozova414@mail.ru|230|2024-07-23|отказ|контракт
2138|27|Орлова Виктория Максимовна|1723 330691|+79019359563|orlova156@mail.ru|225|2024-06-24|подано|контракт
2139|27|Степанов Артём Сергеевич|3928 706651|+79698536228|stepanov438@mail.ru|233|2024-06-05|подано|бюджет
2140|27|Козлова Полина Дмитриевна|2426 209072|+79108523089|kozlova927@mail.ru|157|2024-06-01|отказ|бюджет
2141|27|Новикова Полина Романовна|9374 927318|+79416368075|novikova555@mail.ru|176|2024-07-18|отказ|бюджет
2142|27|Никитин Роман Максимович|4463 385133|+79017935674|nikitin645@mail.ru|169|2024-06-03|подано|бюджет
2143|27|Попов Дмитрий Кириллович|2885 930577|+79298929851|popov299@mail.ru|212|2024-07-19|отказ|бюджет
2144|27|Алексеев Иван Михайлович|8266 380374|+79621177461|alekseev388@mail.ru|194|2024-07-22|подано|бюджет
2145|27|Михайлова Наталья Максимовна|1786 719273|+79631289576|mihaylova290@mail.ru|206|2024-06-20|отказ|контракт
2146|27|Семёнов Артём Андреевич|2971 682561|+79022160746|semenov200@mail.ru|181|2024-07-25|отказ|бюджет
2147|27|Козлов Денис Андреевич|6347 313838|+79338792222|kozlov847@mail.ru|189|2024-07-20|отказ|контракт
2148|27|Фёдоров Дмитрий Алексеевич|7404 157269|+79128103586|fedorov300@mail.ru|161|2024-06-13|отказ|бюджет
2149|27|Иванова Екатерина Кирилловна|1092 875755|+79595744332|ivanova391@mail.ru|158|2024-06-04|отказ|контракт
2150|27|Андреева Татьяна Ильинична|9493 494342|+79032182240|andreeva208@mail.ru|207|2024-06-22|зачислен|контракт
2151|27|Волков Сергей Романович|8984 980858|+79230720402|volkov590@mail.ru|201|2024-06-02|отказ|бюджет
2152|27|Кузнецов Илья Кириллович|7977 126212|+79991656986|kuznecov255@mail.ru|216|2024-07-08|отказ|бюджет
2153|27|Павлов Андрей Максимович|1301 249575|+79715493930|pavlov951@mail.ru|154|2024-07-13|отозвано|бюджет
2154|27|Новиков Максим Андреевич|7180 563135|+79993620530|novikov477@mail.ru|214|2024-07-05|отказ|бюджет
2155|27|Смирнова Полина Андреевна|8290 368754|+79962886033|smirnova358@mail.ru|184|2024-06-14|подано|бюджет
2156|27|Фёдоров Дмитрий Романович|5362 986929|+79471696848|fedorov201@mail.ru|156|2024-06-07|отказ|бюджет
2157|27|Павлов Иван Михайлович|3219 955421|+79089198321|pavlov758@mail.ru|199|2024-06-19|зачислен|бюджет
2158|27|Павлов Никита Сергеевич|2069 588764|+79997262852|pavlov404@mail.ru|202|2024-07-13|зачислен|контракт
2159|27|Морозов Александр Сергеевич|6227 108143|+79201148491|morozov449@mail.ru|194|2024-07-16|подано|бюджет
2160|27|Фёдорова Марина Александровна|2719 724571|+79827817434|fedorova784@mail.ru|213|2024-06-09|зачислен|бюджет
2161|27|Петрова Екатерина Михайловна|3039 867508|+79132869733|petrova447@mail.ru|214|2024-06-15|отказ|бюджет
2162|27|Новикова Полина Михайловна|3391 427323|+79170545775|novikova428@mail.ru|220|2024-07-09|отказ|бюджет
2163|27|Алексеев Кирилл Алексеевич|1505 988284|+79845133254|alekseev339@mail.ru|237|2024-07-18|зачислен|бюджет
2164|27|Новиков Роман Дмитриевич|2196 771871|+79798018314|novikov182@mail.ru|207|2024-06-15|отказ|контракт
2165|27|Павлов Роман Ильич|7487 289896|+79824509208|pavlov296@mail.ru|205|2024-06-10|подано|бюджет
2166|27|Петров Матвей Иванович|4620 871909|+79035913640|petrov192@mail.ru|219|2024-07-17|отозвано|бюджет
2167|27|Фёдорова Дарья Романовна|9272 423907|+79729444130|fedorova294@mail.ru|148|2024-07-02|отказ|бюджет
2168|27|Николаев Илья Алексеевич|7337 387979|+79322234640|nikolaev176@mail.ru|154|2024-07-21|зачислен|бюджет
2169|27|Егоров Егор Иванович|7292 138686|+79650218353|egorov507@mail.ru|246|2024-06-12|отказ|бюджет
2170|27|Иванов Дмитрий Алексеевич|9328 560538|+79524167136|ivanov501@mail.ru|231|2024-07-22|зачислен|контракт
2171|27|Волкова Дарья Артёмовна|3091 275971|+79114684292|volkova590@mail.ru|214|2024-07-04|подано|бюджет
2172|27|Михайлова Ксения Дмитриевна|5163 625729|+79696126137|mihaylova658@mail.ru|178|2024-07-07|отказ|контракт
2173|28|Николаева Полина Алексеевна|4564 187774|+79675898420|nikolaeva819@mail.ru|259|2024-07-15|отказ|бюджет
2174|28|Кузнецова Юлия Артёмовна|5008 609352|+79280333555|kuznecova775@mail.ru|270|2024-07-09|отказ|бюджет
2175|28|Николаев Максим Ильич|4471 420566|+79493216365|nikolaev672@mail.ru|257|2024-06-18|подано|контракт
2176|28|Николаева Полина Максимовна|2893 512359|+79573723880|nikolaeva471@mail.ru|242|2024-06-10|отказ|бюджет
2177|28|Павлов Александр Ильич|7411 141330|+79096682152|pavlov620@mail.ru|230|2024-07-14|отказ|контракт
2178|28|Соколов Илья Романович|6446 933458|+79487604396|sokolov593@mail.ru|214|2024-07-07|зачислен|контракт
2179|28|Степанова Дарья Михайловна|1158 540554|+79712785330|stepanova517@mail.ru|282|2024-07-02|отказ|бюджет
2180|28|Лебедева Ксения Артёмовна|2396 209620|+79099289341|lebedeva589@mail.ru|224|2024-06-08|зачислен|бюджет
2181|28|Кузнецов Роман Кириллович|6538 249198|+79648133935|kuznecov231@mail.ru|224|2024-06-18|зачислен|бюджет
2182|28|Семёнов Кирилл Сергеевич|9900 985991|+79770860474|semenov538@mail.ru|258|2024-06-13|зачислен|бюджет
2183|28|Кузнецова Екатерина Сергеевна|7761 904961|+79816887106|kuznecova242@mail.ru|187|2024-07-03|зачислен|бюджет
2184|28|Павлова Анастасия Романовна|9459 215625|+79350902654|pavlova405@mail.ru|252|2024-06-01|отказ|бюджет
2185|28|Петров Арсений Александрович|9339 924333|+79424463791|petrov496@mail.ru|289|2024-07-06|отказ|бюджет
2186|28|Павлов Михаил Максимович|4904 899725|+79999434450|pavlov689@mail.ru|247|2024-07-15|зачислен|бюджет
2187|28|Волкова Елизавета Максимовна|5869 446785|+79174988438|volkova151@mail.ru|205|2024-06-06|отозвано|бюджет
2188|28|Иванов Роман Андреевич|6612 260959|+79372225365|ivanov583@mail.ru|281|2024-06-15|отозвано|бюджет
2189|28|Иванов Кирилл Михайлович|5366 461270|+79533794952|ivanov523@mail.ru|213|2024-06-04|отказ|бюджет
2190|28|Степанов Денис Александрович|7379 426392|+79579470171|stepanov670@mail.ru|211|2024-07-05|подано|бюджет
2191|28|Козлова Дарья Артёмовна|5998 846977|+79915905268|kozlova902@mail.ru|248|2024-07-13|отозвано|бюджет
2192|28|Андреев Арсений Дмитриевич|1805 180114|+79170932055|andreev700@mail.ru|290|2024-07-23|отказ|контракт
2193|28|Егоров Арсений Максимович|1002 246745|+79552920969|egorov267@mail.ru|233|2024-07-08|отказ|бюджет
2194|28|Фёдоров Денис Михайлович|5472 992536|+79881470174|fedorov493@mail.ru|216|2024-06-15|отказ|бюджет
2195|28|Степанов Иван Кириллович|1119 130705|+79519932169|stepanov472@mail.ru|263|2024-07-24|зачислен|контракт
2196|28|Новиков Денис Михайлович|6880 462514|+79632078479|novikov615@mail.ru|283|2024-07-16|зачислен|контракт
2197|28|Андреева Екатерина Ильинична|3766 111661|+79103919679|andreeva465@mail.ru|227|2024-07-03|зачислен|бюджет
2198|28|Васильева София Сергеевна|6218 642729|+79294442348|vasileva297@mail.ru|250|2024-06-23|отказ|бюджет
2199|28|Андреева Екатерина Ильинична|1104 849802|+79766394971|andreeva884@mail.ru|220|2024-06-17|зачислен|контракт
2200|28|Морозов Роман Романович|1366 796059|+79754918917|morozov865@mail.ru|273|2024-06-17|отказ|бюджет
2201|28|Никитин Сергей Иванович|3563 150828|+79492535160|nikitin226@mail.ru|227|2024-06-13|зачислен|контракт
2202|28|Морозов Арсений Михайлович|6405 284271|+79803539712|morozov343@mail.ru|223|2024-07-08|отказ|контракт
2203|28|Волков Иван Михайлович|3463 974085|+79186402891|volkov702@mail.ru|280|2024-07-13|отказ|бюджет
2204|28|Николаева Анастасия Сергеевна|5088 344376|+79355470793|nikolaeva784@mail.ru|246|2024-06-07|зачислен|бюджет
2205|28|Алексеев Артём Александрович|4097 302156|+79415296205|alekseev946@mail.ru|228|2024-07-18|отказ|контракт
2206|28|Лебедев Артём Александрович|5380 408718|+79710081458|lebedev916@mail.ru|241|2024-06-23|зачислен|контракт
2207|28|Петров Алексей Артёмович|3890 695974|+79268470718|petrov461@mail.ru|229|2024-07-22|подано|бюджет
2208|28|Волкова Екатерина Ильинична|3661 476807|+79790448520|volkova414@mail.ru|260|2024-06-19|отказ|бюджет
2209|28|Андреева Елизавета Михайловна|8446 647215|+79104501167|andreeva651@mail.ru|287|2024-06-20|отозвано|бюджет
2210|28|Попов Александр Максимович|2442 913951|+79900325740|popov993@mail.ru|253|2024-07-09|отказ|бюджет
2211|28|Волков Александр Михайлович|5515 558920|+79892903184|volkov334@mail.ru|234|2024-07-22|отказ|контракт
2212|28|Волкова София Романовна|4759 644121|+79111387822|volkova898@mail.ru|236|2024-07-09|подано|бюджет
2213|28|Смирнова Виктория Ивановна|4181 487151|+79890817997|smirnova729@mail.ru|294|2024-06-23|отказ|бюджет
2214|28|Фёдорова Елизавета Александровна|6836 317425|+79747117260|fedorova588@mail.ru|193|2024-06-22|зачислен|бюджет
2215|28|Алексеев Илья Артёмович|3637 864372|+79201460151|alekseev165@mail.ru|251|2024-07-11|зачислен|бюджет
2216|28|Макарова Мария Артёмовна|8952 201502|+79071450225|makarova374@mail.ru|213|2024-07-18|зачислен|бюджет
2217|28|Фёдорова София Сергеевна|4423 732904|+79842234820|fedorova826@mail.ru|288|2024-06-04|зачислен|контракт
2218|28|Лебедева Алиса Романовна|3744 645378|+79623980737|lebedeva194@mail.ru|259|2024-07-25|отозвано|бюджет
2219|28|Михайлов Егор Максимович|9830 991494|+79174559234|mihaylov289@mail.ru|238|2024-06-20|зачислен|бюджет
2220|28|Никитин Илья Максимович|5568 336694|+79013806800|nikitin179@mail.ru|273|2024-06-07|отозвано|контракт
2221|28|Егоров Сергей Андреевич|1930 209314|+79730231520|egorov122@mail.ru|235|2024-06-19|зачислен|бюджет
2222|28|Николаев Илья Романович|4594 649797|+79468263486|nikolaev907@mail.ru|234|2024-07-20|подано|контракт
2223|28|Павлова Елизавета Сергеевна|1772 298128|+79656933940|pavlova373@mail.ru|242|2024-06-20|отказ|бюджет
2224|28|Павлова Дарья Ильинична|7404 369872|+79066728925|pavlova366@mail.ru|228|2024-06-01|отказ|бюджет
2225|28|Макарова Виктория Романовна|5411 896365|+79687482339|makarova770@mail.ru|249|2024-07-22|зачислен|бюджет
2226|28|Орлов Дмитрий Сергеевич|5673 413068|+79936569720|orlov818@mail.ru|296|2024-07-13|отказ|бюджет
2227|28|Егоров Дмитрий Максимович|1448 625557|+79834281287|egorov879@mail.ru|248|2024-07-16|зачислен|бюджет
2228|28|Новиков Сергей Артёмович|4330 963374|+79317268139|novikov953@mail.ru|233|2024-06-14|отозвано|бюджет
2229|28|Морозова Ольга Михайловна|9697 742561|+79542122564|morozova714@mail.ru|236|2024-07-09|отказ|бюджет
2230|28|Михайлов Арсений Алексеевич|3170 511278|+79835501004|mihaylov595@mail.ru|239|2024-07-13|отказ|контракт
2231|28|Новиков Александр Артёмович|3587 158588|+79785787864|novikov864@mail.ru|280|2024-07-06|зачислен|бюджет
2232|28|Павлов Артём Романович|5107 406351|+79365230155|pavlov683@mail.ru|267|2024-07-03|отозвано|бюджет
2233|28|Степанова София Артёмовна|9004 889706|+79987135167|stepanova922@mail.ru|267|2024-07-03|отказ|бюджет
2234|28|Попова Ксения Ивановна|1067 386538|+79192163299|popova867@mail.ru|235|2024-06-11|подано|контракт
2235|28|Лебедев Максим Михайлович|9641 664767|+79503501234|lebedev838@mail.ru|218|2024-06-24|отказ|контракт
2236|28|Петрова Анастасия Ильинична|5998 185753|+79712443623|petrova346@mail.ru|272|2024-07-12|отказ|бюджет
2237|28|Морозов Дмитрий Максимович|8176 633673|+79488477612|morozov809@mail.ru|180|2024-07-12|отказ|контракт
2238|28|Николаева Анастасия Сергеевна|9777 859529|+79782070704|nikolaeva656@mail.ru|205|2024-06-02|подано|контракт
2239|28|Андреев Алексей Максимович|3218 865786|+79669943481|andreev248@mail.ru|255|2024-07-19|зачислен|бюджет
2240|28|Семёнова Ксения Андреевна|5925 256632|+79943716133|semenova206@mail.ru|280|2024-07-20|отказ|бюджет
2241|28|Алексеев Михаил Михайлович|5292 953847|+79111108785|alekseev344@mail.ru|293|2024-06-11|отказ|бюджет
2242|28|Смирнов Максим Артёмович|3293 681936|+79031554329|smirnov726@mail.ru|199|2024-06-17|отказ|бюджет
2243|28|Морозов Максим Максимович|6394 428221|+79746763531|morozov259@mail.ru|215|2024-07-21|отозвано|контракт
2244|28|Михайлов Егор Кириллович|5720 320969|+79230582653|mihaylov187@mail.ru|282|2024-06-21|отказ|контракт
2245|28|Николаева Ксения Ильинична|1651 675408|+79023346309|nikolaeva695@mail.ru|300|2024-06-22|зачислен|бюджет
2246|28|Фёдоров Роман Романович|8267 872260|+79379138535|fedorov650@mail.ru|236|2024-06-18|подано|контракт
2247|28|Козлов Иван Михайлович|7019 750520|+79861830762|kozlov689@mail.ru|246|2024-07-07|отозвано|бюджет
2248|28|Алексеева Алиса Дмитриевна|4116 432761|+79468821535|alekseeva564@mail.ru|265|2024-06-11|отказ|бюджет
2249|28|Орлова Елизавета Максимовна|3526 326584|+79472754194|orlova793@mail.ru|299|2024-06-16|зачислен|контракт
2250|28|Смирнов Кирилл Кириллович|7123 654652|+79368441270|smirnov237@mail.ru|254|2024-07-07|отказ|бюджет
2251|28|Кузнецов Кирилл Алексеевич|9278 927961|+79123344314|kuznecov875@mail.ru|235|2024-07-03|отказ|контракт
2252|28|Семёнова Виктория Александровна|7398 743556|+79143563820|semenova135@mail.ru|300|2024-06-20|отказ|бюджет
2253|28|Егорова Татьяна Романовна|9579 932173|+79022022875|egorova337@mail.ru|237|2024-06-19|отказ|бюджет
2254|28|Андреев Алексей Максимович|7362 606697|+79132690070|andreev180@mail.ru|283|2024-06-22|зачислен|бюджет
2255|28|Орлова Анастасия Максимовна|9469 795277|+79218968432|orlova353@mail.ru|246|2024-06-15|отказ|бюджет
2256|28|Семёнова Ольга Сергеевна|2501 550041|+79499277915|semenova713@mail.ru|238|2024-07-16|подано|бюджет
2257|28|Алексеев Андрей Сергеевич|6032 305830|+79938139404|alekseev461@mail.ru|245|2024-06-16|подано|бюджет
2258|28|Попов Алексей Дмитриевич|6661 836400|+79768840531|popov396@mail.ru|199|2024-06-04|отозвано|бюджет
2259|29|Васильев Егор Ильич|5812 509169|+79023222633|vasilev258@mail.ru|242|2024-06-23|отказ|бюджет
2260|29|Макарова Полина Артёмовна|2625 766754|+79415963800|makarova742@mail.ru|233|2024-06-15|отозвано|бюджет
2261|29|Козлов Михаил Ильич|9829 906207|+79133275900|kozlov605@mail.ru|243|2024-06-02|подано|бюджет
2262|29|Макарова Ксения Романовна|4789 871525|+79048698411|makarova684@mail.ru|182|2024-06-13|отказ|контракт
2263|29|Орлова Анна Романовна|6268 652190|+79852616328|orlova731@mail.ru|240|2024-06-15|зачислен|бюджет
2264|29|Лебедева Дарья Ильинична|3809 675389|+79754926528|lebedeva569@mail.ru|213|2024-07-20|подано|контракт
2265|29|Семёнова Полина Алексеевна|6547 331395|+79302408047|semenova640@mail.ru|194|2024-06-18|зачислен|контракт
2266|29|Николаев Алексей Романович|2452 143346|+79884174267|nikolaev610@mail.ru|245|2024-07-15|отказ|бюджет
2267|29|Семёнова Ольга Ильинична|9471 554433|+79178334329|semenova803@mail.ru|208|2024-07-04|отказ|контракт
2268|29|Смирнова Полина Кирилловна|8286 395773|+79264066316|smirnova230@mail.ru|223|2024-07-07|зачислен|бюджет
2269|29|Николаева Анна Романовна|2092 171524|+79064103835|nikolaeva899@mail.ru|181|2024-07-21|отказ|контракт
2270|29|Волков Иван Андреевич|3132 861706|+79336908591|volkov469@mail.ru|273|2024-06-08|отказ|контракт
2271|29|Михайлов Артём Иванович|5435 679501|+79498604290|mihaylov848@mail.ru|260|2024-07-17|отказ|бюджет
2272|29|Михайлов Роман Максимович|3518 252692|+79485365323|mihaylov742@mail.ru|219|2024-07-23|зачислен|бюджет
2273|29|Николаев Матвей Артёмович|6028 463070|+79416833859|nikolaev994@mail.ru|257|2024-07-23|отказ|бюджет
2274|29|Попов Сергей Кириллович|3375 959296|+79343770429|popov554@mail.ru|184|2024-06-20|отказ|бюджет
2275|29|Степанов Егор Иванович|8029 540780|+79204226338|stepanov760@mail.ru|260|2024-07-18|отказ|бюджет
2276|29|Андреева Татьяна Андреевна|6599 627653|+79131007753|andreeva612@mail.ru|197|2024-06-11|отказ|бюджет
2277|29|Новиков Илья Александрович|5479 829268|+79376606673|novikov741@mail.ru|209|2024-07-02|отказ|бюджет
2278|29|Фёдорова Полина Александровна|8057 834413|+79260941867|fedorova948@mail.ru|218|2024-06-22|отказ|бюджет
2279|29|Морозова Юлия Романовна|9765 110951|+79309499198|morozova887@mail.ru|232|2024-06-24|отказ|контракт
2280|29|Никитин Кирилл Иванович|3542 466780|+79635683927|nikitin419@mail.ru|214|2024-07-07|отозвано|бюджет
2281|29|Волкова Наталья Романовна|5380 113846|+79297824877|volkova112@mail.ru|223|2024-07-24|отказ|бюджет
2282|29|Семёнов Матвей Ильич|4779 794322|+79023461968|semenov853@mail.ru|217|2024-06-24|отказ|бюджет
2283|29|Новикова Дарья Романовна|2569 345593|+79223421905|novikova409@mail.ru|252|2024-07-02|зачислен|бюджет
2284|29|Кузнецова Анна Алексеевна|2793 315364|+79368266713|kuznecova569@mail.ru|262|2024-07-09|отказ|бюджет
2285|29|Егорова Анастасия Дмитриевна|2136 980050|+79266595841|egorova183@mail.ru|258|2024-07-25|зачислен|бюджет
2286|29|Кузнецова Анастасия Романовна|4068 206226|+79091339059|kuznecova865@mail.ru|200|2024-07-19|отказ|бюджет
2287|29|Попова Виктория Михайловна|9432 918439|+79645697987|popova966@mail.ru|178|2024-06-05|зачислен|бюджет
2288|29|Козлова Анна Кирилловна|8649 655367|+79004971452|kozlova217@mail.ru|241|2024-06-06|отказ|контракт
2289|29|Николаева Наталья Ивановна|4138 630312|+79832447508|nikolaeva173@mail.ru|191|2024-07-23|отказ|бюджет
2290|29|Николаева Анна Кирилловна|5623 673275|+79347844425|nikolaeva825@mail.ru|197|2024-07-01|зачислен|бюджет
2291|29|Попова Мария Алексеевна|6823 601986|+79822264221|popova534@mail.ru|289|2024-07-25|подано|бюджет
2292|29|Лебедев Сергей Андреевич|6643 241817|+79819233596|lebedev776@mail.ru|269|2024-06-01|зачислен|бюджет
2293|29|Семёнова Анастасия Александровна|4510 485494|+79817364263|semenova954@mail.ru|252|2024-07-02|отказ|контракт
2294|29|Петров Александр Алексеевич|4627 637008|+79404133998|petrov127@mail.ru|204|2024-07-08|отказ|бюджет
2295|29|Смирнова Наталья Андреевна|8819 495172|+79919619330|smirnova115@mail.ru|221|2024-07-23|отказ|бюджет
2296|29|Егорова Виктория Ильинична|8656 521540|+79021565819|egorova501@mail.ru|217|2024-06-16|отказ|бюджет
2297|29|Васильев Арсений Ильич|3325 611085|+79816494777|vasilev882@mail.ru|211|2024-07-20|отказ|бюджет
2298|29|Соколова Наталья Ивановна|2784 950486|+79403236842|sokolova107@mail.ru|227|2024-07-16|зачислен|бюджет
2299|29|Соколова Анна Андреевна|1953 450803|+79139114502|sokolova856@mail.ru|196|2024-07-17|отказ|бюджет
2300|29|Орлова Анастасия Максимовна|4715 224947|+79962264137|orlova150@mail.ru|243|2024-07-02|отозвано|бюджет
2301|29|Семёнов Кирилл Сергеевич|4174 129073|+79101433249|semenov961@mail.ru|296|2024-07-14|подано|бюджет
2302|29|Николаева Анна Сергеевна|1441 608399|+79060597859|nikolaeva899@mail.ru|204|2024-07-19|отказ|бюджет
2303|29|Павлова Ксения Романовна|6097 539158|+79603181529|pavlova641@mail.ru|201|2024-06-15|зачислен|контракт
2304|29|Макарова Мария Максимовна|4719 597014|+79645346857|makarova888@mail.ru|210|2024-06-13|подано|бюджет
2305|29|Смирнова Елизавета Ильинична|4359 101992|+79906071824|smirnova720@mail.ru|229|2024-06-13|подано|бюджет
2306|29|Фёдорова Екатерина Кирилловна|8597 463479|+79276058348|fedorova654@mail.ru|248|2024-06-14|отказ|бюджет
2307|30|Лебедева Мария Александровна|3566 592445|+79407654079|lebedeva917@mail.ru|230|2024-07-19|подано|бюджет
2308|30|Фёдорова Дарья Михайловна|6594 746354|+79347548689|fedorova757@mail.ru|209|2024-07-25|подано|бюджет
2309|30|Николаев Никита Ильич|7589 963859|+79437192188|nikolaev666@mail.ru|292|2024-07-20|отозвано|контракт
2310|30|Николаев Арсений Романович|5051 154277|+79210856982|nikolaev815@mail.ru|244|2024-06-20|зачислен|бюджет
2311|30|Попов Дмитрий Михайлович|8764 439439|+79677086726|popov789@mail.ru|225|2024-07-21|зачислен|контракт
2312|30|Павлов Александр Ильич|8342 378586|+79683892284|pavlov391@mail.ru|215|2024-07-02|подано|бюджет
2313|30|Алексеев Андрей Артёмович|5259 696746|+79821653363|alekseev485@mail.ru|242|2024-06-11|отказ|бюджет
2314|30|Морозов Роман Ильич|6306 380816|+79400134205|morozov928@mail.ru|176|2024-07-25|подано|бюджет
2315|30|Орлова София Дмитриевна|6538 909051|+79437009083|orlova262@mail.ru|241|2024-06-08|подано|контракт
2316|30|Попова Татьяна Кирилловна|9987 319103|+79049752908|popova404@mail.ru|246|2024-07-20|зачислен|контракт
2317|30|Смирнов Максим Романович|6288 524632|+79459846141|smirnov702@mail.ru|218|2024-07-05|подано|бюджет
2318|30|Орлова Юлия Алексеевна|4716 932447|+79690637530|orlova195@mail.ru|250|2024-07-23|зачислен|контракт
2319|30|Петрова Елизавета Андреевна|7481 509011|+79840160800|petrova822@mail.ru|186|2024-06-06|отказ|контракт
2320|30|Иванов Арсений Дмитриевич|4956 142497|+79722620282|ivanov759@mail.ru|197|2024-06-25|отказ|бюджет
2321|30|Волкова Алиса Александровна|2446 773539|+79641855674|volkova179@mail.ru|232|2024-06-05|подано|бюджет
2322|30|Николаев Михаил Сергеевич|9756 943641|+79155430806|nikolaev488@mail.ru|215|2024-06-18|отказ|контракт
2323|30|Степанова Екатерина Михайловна|5150 820039|+79838719904|stepanova352@mail.ru|181|2024-06-24|подано|бюджет
2324|30|Алексеев Максим Иванович|9743 882007|+79057967090|alekseev838@mail.ru|210|2024-07-02|отказ|бюджет
2325|30|Андреев Илья Сергеевич|9670 115905|+79335286032|andreev910@mail.ru|250|2024-06-14|отказ|бюджет
2326|30|Козлова Алиса Романовна|2869 864242|+79332479618|kozlova591@mail.ru|219|2024-07-07|отказ|бюджет
2327|30|Васильева Виктория Алексеевна|2283 299718|+79723403394|vasileva954@mail.ru|252|2024-06-17|зачислен|контракт
2328|30|Волков Илья Алексеевич|6037 939247|+79135615004|volkov145@mail.ru|200|2024-07-11|подано|бюджет
2329|30|Егорова Анастасия Романовна|6477 444721|+79906543568|egorova682@mail.ru|184|2024-07-25|отказ|бюджет
2330|30|Алексеев Дмитрий Максимович|2533 587820|+79645720768|alekseev358@mail.ru|209|2024-07-05|отказ|контракт
2331|30|Соколова Мария Алексеевна|1834 770241|+79739376734|sokolova880@mail.ru|256|2024-06-19|подано|контракт
2332|30|Лебедева Ксения Ивановна|9830 725769|+79856878504|lebedeva577@mail.ru|249|2024-07-13|отказ|контракт
2333|30|Николаев Михаил Максимович|6571 918352|+79778920975|nikolaev941@mail.ru|209|2024-06-12|отказ|бюджет
2334|30|Петрова Наталья Романовна|7764 461193|+79020597507|petrova670@mail.ru|200|2024-07-21|зачислен|бюджет
2335|30|Николаев Матвей Ильич|8798 530309|+79000053229|nikolaev232@mail.ru|228|2024-07-18|отказ|бюджет
2336|30|Павлова Дарья Дмитриевна|3259 862241|+79961228971|pavlova344@mail.ru|197|2024-07-11|зачислен|бюджет
2337|30|Морозова Мария Алексеевна|7977 795104|+79594967056|morozova293@mail.ru|266|2024-06-16|отказ|контракт
2338|30|Семёнова Виктория Андреевна|6970 622218|+79930018218|semenova122@mail.ru|222|2024-07-01|отказ|контракт
2339|30|Васильев Максим Романович|2879 510813|+79438680434|vasilev559@mail.ru|258|2024-07-11|отказ|бюджет
2340|30|Соколова Анастасия Ильинична|2213 914310|+79513390675|sokolova474@mail.ru|234|2024-07-06|отказ|бюджет
2341|30|Кузнецова Елизавета Андреевна|5770 973987|+79648202058|kuznecova408@mail.ru|201|2024-07-21|отказ|бюджет
2342|30|Фёдорова Наталья Ивановна|1928 863236|+79455104045|fedorova657@mail.ru|259|2024-06-20|подано|контракт
2343|30|Васильев Илья Михайлович|4743 537210|+79911219190|vasilev454@mail.ru|234|2024-06-02|отказ|бюджет
2344|30|Иванова Мария Романовна|4515 878441|+79924948183|ivanova146@mail.ru|264|2024-07-16|зачислен|бюджет
2345|30|Козлов Артём Ильич|6359 458193|+79226740480|kozlov796@mail.ru|188|2024-06-08|зачислен|бюджет
2346|30|Волкова Екатерина Сергеевна|5976 454420|+79144113350|volkova622@mail.ru|164|2024-07-23|отказ|бюджет
2347|30|Петрова Мария Сергеевна|5761 652943|+79341580050|petrova262@mail.ru|244|2024-06-16|отозвано|бюджет
2348|30|Лебедев Максим Андреевич|8203 823202|+79897821542|lebedev607@mail.ru|271|2024-07-15|отозвано|контракт
2349|30|Петров Илья Ильич|6633 368635|+79504949088|petrov612@mail.ru|215|2024-07-15|подано|бюджет
2350|30|Михайлова Екатерина Андреевна|7991 807154|+79343712817|mihaylova122@mail.ru|252|2024-07-12|отказ|контракт
2351|30|Попова Анна Михайловна|4558 245412|+79447028745|popova338@mail.ru|184|2024-06-14|отказ|бюджет
2352|30|Андреева Дарья Ивановна|6123 936653|+79203556232|andreeva206@mail.ru|183|2024-06-14|зачислен|бюджет
2353|30|Андреева Елизавета Максимовна|4792 493914|+79586640759|andreeva106@mail.ru|283|2024-06-13|отозвано|бюджет
2354|30|Иванова Татьяна Ильинична|8399 846919|+79095669891|ivanova453@mail.ru|217|2024-06-13|отказ|контракт
2355|30|Иванов Андрей Артёмович|5484 843919|+79122626843|ivanov195@mail.ru|200|2024-07-17|подано|бюджет
2356|30|Андреев Андрей Романович|1291 944377|+79796647603|andreev421@mail.ru|219|2024-06-25|подано|бюджет
2357|30|Соколов Андрей Кириллович|3147 399405|+79064972406|sokolov907@mail.ru|210|2024-07-14|подано|бюджет
2358|30|Павлов Илья Ильич|1042 871713|+79678676662|pavlov817@mail.ru|175|2024-06-07|зачислен|бюджет
2359|30|Егорова Виктория Кирилловна|3554 193851|+79244088882|egorova937@mail.ru|213|2024-07-12|отозвано|бюджет
2360|30|Павлов Иван Андреевич|5919 309685|+79394516067|pavlov240@mail.ru|271|2024-06-05|отозвано|контракт
2361|31|Андреева Татьяна Андреевна|1634 306949|+79445896740|andreeva466@mail.ru|168|2024-07-12|отказ|контракт
2362|31|Смирнова Елизавета Андреевна|5013 497525|+79654517100|smirnova839@mail.ru|194|2024-07-19|зачислен|бюджет
2363|31|Козлов Кирилл Артёмович|6548 519739|+79914267973|kozlov488@mail.ru|241|2024-06-02|зачислен|бюджет
2364|31|Иванова Екатерина Кирилловна|2489 109068|+79144822818|ivanova475@mail.ru|168|2024-06-07|зачислен|бюджет
2365|31|Морозова Виктория Артёмовна|4979 700302|+79201632594|morozova422@mail.ru|229|2024-07-18|зачислен|бюджет
2366|31|Степанов Алексей Александрович|8939 441160|+79088377301|stepanov997@mail.ru|203|2024-07-11|подано|бюджет
2367|31|Иванова Татьяна Алексеевна|9179 387377|+79467026651|ivanova746@mail.ru|180|2024-06-14|зачислен|бюджет
2368|31|Николаева Анастасия Михайловна|6123 145897|+79414913189|nikolaeva818@mail.ru|214|2024-07-02|отказ|контракт
2369|31|Никитина Татьяна Алексеевна|5707 164801|+79520557163|nikitina261@mail.ru|216|2024-07-17|отказ|бюджет
2370|31|Фёдоров Кирилл Максимович|1054 863703|+79368906872|fedorov579@mail.ru|210|2024-07-17|отказ|контракт
2371|31|Михайлов Кирилл Кириллович|2155 268947|+79174982557|mihaylov703@mail.ru|203|2024-06-06|отказ|контракт
2372|31|Андреева Елизавета Кирилловна|8258 962165|+79292869170|andreeva949@mail.ru|201|2024-07-03|отказ|бюджет
2373|31|Алексеев Иван Андреевич|8126 644548|+79545747370|alekseev433@mail.ru|173|2024-07-07|подано|контракт
2374|31|Степанова Анна Михайловна|8148 117072|+79608164694|stepanova408@mail.ru|229|2024-06-08|подано|бюджет
2375|31|Никитина Виктория Сергеевна|4753 350596|+79490815029|nikitina851@mail.ru|247|2024-07-23|отказ|бюджет
2376|31|Егорова Ольга Михайловна|3222 199071|+79972287084|egorova520@mail.ru|215|2024-07-14|зачислен|бюджет
2377|31|Михайлов Дмитрий Максимович|4849 718440|+79131176734|mihaylov842@mail.ru|201|2024-06-07|зачислен|бюджет
2378|31|Макарова София Дмитриевна|5314 601384|+79874500904|makarova400@mail.ru|191|2024-07-20|отозвано|бюджет
2379|31|Новикова Ксения Ильинична|7066 852053|+79495228422|novikova744@mail.ru|209|2024-06-16|подано|бюджет
2380|31|Кузнецова Мария Сергеевна|9799 559928|+79589542576|kuznecova612@mail.ru|185|2024-07-23|подано|контракт
2381|31|Волкова Ксения Ильинична|1489 439180|+79924709160|volkova561@mail.ru|229|2024-06-11|отказ|бюджет
2382|31|Макарова Татьяна Артёмовна|6775 809270|+79154134410|makarova677@mail.ru|218|2024-07-13|подано|бюджет
2383|31|Фёдоров Кирилл Романович|3194 716494|+79685700490|fedorov680@mail.ru|263|2024-07-05|отказ|бюджет
2384|31|Макаров Андрей Андреевич|3455 432316|+79087933704|makarov527@mail.ru|181|2024-06-09|зачислен|бюджет
2385|31|Смирнов Алексей Сергеевич|7831 341212|+79166622278|smirnov919@mail.ru|222|2024-06-21|зачислен|бюджет
2386|31|Семёнов Артём Романович|8838 409326|+79018382832|semenov814@mail.ru|185|2024-06-14|подано|бюджет
2387|31|Фёдорова Анастасия Романовна|6624 438204|+79736897450|fedorova265@mail.ru|210|2024-07-09|отказ|бюджет
2388|31|Алексеева Виктория Артёмовна|5182 695067|+79972188137|alekseeva137@mail.ru|164|2024-07-20|подано|контракт
2389|31|Смирнов Егор Михайлович|8698 667753|+79771182573|smirnov441@mail.ru|216|2024-07-08|зачислен|бюджет
2390|31|Кузнецова Екатерина Ильинична|9003 855192|+79731970735|kuznecova276@mail.ru|203|2024-07-20|отказ|бюджет
2391|31|Смирнов Илья Ильич|2549 543423|+79815730393|smirnov715@mail.ru|182|2024-07-22|отказ|бюджет
2392|31|Васильева Анна Алексеевна|6725 919594|+79915735155|vasileva937@mail.ru|194|2024-07-20|отказ|бюджет
2393|31|Лебедев Матвей Иванович|2237 814155|+79132727487|lebedev109@mail.ru|233|2024-07-06|отказ|бюджет
2394|31|Андреев Матвей Алексеевич|5227 412296|+79456004415|andreev903@mail.ru|275|2024-06-01|подано|бюджет
2395|31|Козлов Алексей Сергеевич|8308 687361|+79776332191|kozlov940@mail.ru|188|2024-06-04|отказ|контракт
2396|31|Никитина Полина Алексеевна|5027 201700|+79454696200|nikitina146@mail.ru|220|2024-06-23|отказ|бюджет
2397|31|Морозова Анастасия Артёмовна|2788 120200|+79010072313|morozova740@mail.ru|204|2024-07-24|подано|контракт
2398|31|Кузнецова Татьяна Кирилловна|2635 303045|+79522266307|kuznecova966@mail.ru|214|2024-07-24|отозвано|бюджет
2399|31|Михайлов Егор Александрович|2003 818001|+79580522109|mihaylov618@mail.ru|244|2024-07-21|отказ|бюджет
2400|31|Морозова Анастасия Сергеевна|4860 868466|+79634866310|morozova710@mail.ru|216|2024-07-23|отказ|контракт
2401|31|Кузнецов Матвей Алексеевич|9603 247884|+79020859867|kuznecov186@mail.ru|218|2024-07-02|зачислен|бюджет
2402|31|Егорова Дарья Алексеевна|1249 288056|+79014929894|egorova327@mail.ru|225|2024-07-10|отказ|бюджет
2403|31|Макаров Сергей Андреевич|9847 341075|+79163700331|makarov259@mail.ru|200|2024-07-22|подано|контракт
2404|31|Соколов Илья Максимович|4180 480758|+79687770628|sokolov975@mail.ru|228|2024-07-05|отказ|контракт
2405|31|Лебедев Илья Артёмович|8637 796881|+79149634824|lebedev451@mail.ru|217|2024-06-09|отказ|бюджет
2406|31|Петров Егор Кириллович|1619 272280|+79173859022|petrov425@mail.ru|217|2024-07-05|зачислен|бюджет
2407|31|Егорова Мария Артёмовна|3154 751221|+79612390998|egorova572@mail.ru|149|2024-07-20|подано|контракт
2408|31|Павлова Анна Михайловна|2223 531537|+79699151572|pavlova610@mail.ru|251|2024-07-21|отказ|бюджет
2409|31|Андреева Мария Дмитриевна|6053 668503|+79428514365|andreeva485@mail.ru|213|2024-07-13|отказ|бюджет
2410|31|Соколов Роман Артёмович|4904 332521|+79013735015|sokolov120@mail.ru|190|2024-06-12|зачислен|контракт
2411|31|Лебедева Ксения Михайловна|6107 809120|+79670328496|lebedeva363@mail.ru|185|2024-07-24|зачислен|бюджет
2412|31|Волкова Марина Ивановна|1669 689909|+79022824564|volkova663@mail.ru|185|2024-06-25|зачислен|бюджет
2413|31|Попова Наталья Михайловна|2396 384073|+79313643717|popova536@mail.ru|179|2024-06-18|подано|бюджет
2414|31|Семёнов Артём Сергеевич|2760 852236|+79935768506|semenov549@mail.ru|215|2024-07-14|отказ|бюджет
2415|31|Смирнов Кирилл Андреевич|6712 209152|+79104543602|smirnov890@mail.ru|227|2024-07-21|зачислен|бюджет
2416|31|Андреев Артём Дмитриевич|9654 196766|+79358483773|andreev437@mail.ru|177|2024-06-05|отказ|бюджет
2417|31|Михайлов Иван Алексеевич|6546 415368|+79299048371|mihaylov331@mail.ru|193|2024-06-17|отказ|бюджет
2418|32|Степанов Кирилл Алексеевич|7619 879513|+79917167923|stepanov593@mail.ru|240|2024-06-11|подано|бюджет
2419|32|Иванова Наталья Артёмовна|4793 951352|+79702341876|ivanova717@mail.ru|255|2024-06-11|зачислен|контракт
2420|32|Алексеев Денис Михайлович|2460 310067|+79883048190|alekseev951@mail.ru|237|2024-07-10|зачислен|бюджет
2421|32|Козлов Максим Сергеевич|2524 410720|+79838972333|kozlov402@mail.ru|230|2024-07-16|отказ|контракт
2422|32|Егорова Анна Ивановна|4801 492270|+79429152035|egorova627@mail.ru|256|2024-06-12|отказ|бюджет
2423|32|Петрова Ксения Дмитриевна|2459 790827|+79571396453|petrova656@mail.ru|209|2024-06-11|отказ|бюджет
2424|32|Новиков Михаил Алексеевич|7678 299416|+79764859082|novikov694@mail.ru|243|2024-07-20|зачислен|бюджет
2425|32|Егоров Александр Романович|5630 745385|+79979443066|egorov390@mail.ru|246|2024-06-03|отказ|бюджет
2426|32|Алексеев Егор Михайлович|2952 944739|+79190053068|alekseev435@mail.ru|230|2024-07-24|отказ|бюджет
2427|32|Козлов Максим Артёмович|2945 122382|+79978944197|kozlov643@mail.ru|242|2024-06-01|зачислен|бюджет
2428|32|Иванова Ольга Ивановна|1310 310116|+79673203197|ivanova845@mail.ru|278|2024-06-09|подано|бюджет
2429|32|Волков Иван Александрович|3680 149886|+79754282265|volkov871@mail.ru|198|2024-07-10|отказ|контракт
2430|32|Семёнов Алексей Андреевич|5585 141105|+79246835383|semenov852@mail.ru|238|2024-07-17|отказ|контракт
2431|32|Орлов Арсений Александрович|2923 816166|+79707024044|orlov152@mail.ru|244|2024-07-21|зачислен|контракт
2432|32|Петров Максим Алексеевич|5877 204653|+79257629625|petrov988@mail.ru|237|2024-06-17|отказ|бюджет
2433|32|Попова Полина Александровна|9313 946382|+79198048843|popova904@mail.ru|215|2024-07-11|зачислен|бюджет
2434|32|Михайлов Дмитрий Максимович|9800 458940|+79866095914|mihaylov420@mail.ru|215|2024-07-01|отказ|контракт
2435|32|Егорова Ольга Кирилловна|3638 968707|+79507750015|egorova948@mail.ru|237|2024-06-04|зачислен|бюджет
2436|32|Петрова Елизавета Михайловна|8988 644335|+79863866901|petrova984@mail.ru|244|2024-07-02|отказ|контракт
2437|32|Соколова Екатерина Дмитриевна|9576 644767|+79972794851|sokolova449@mail.ru|259|2024-07-07|зачислен|бюджет
2438|32|Орлова Дарья Ивановна|6830 262363|+79287281148|orlova566@mail.ru|286|2024-06-25|подано|бюджет
2439|32|Смирнов Илья Алексеевич|2380 365579|+79305146761|smirnov281@mail.ru|255|2024-06-24|зачислен|контракт
2440|32|Васильев Роман Михайлович|6920 917105|+79597155619|vasilev566@mail.ru|252|2024-06-22|зачислен|бюджет
2441|32|Николаева Татьяна Михайловна|9351 581901|+79806234796|nikolaeva424@mail.ru|227|2024-07-13|зачислен|бюджет
2442|32|Алексеев Алексей Артёмович|8997 314741|+79652472537|alekseev469@mail.ru|254|2024-07-11|отказ|бюджет
2443|32|Попова Марина Романовна|7956 647632|+79653563070|popova868@mail.ru|254|2024-07-18|отказ|бюджет
2444|32|Иванов Максим Ильич|4610 253017|+79646666755|ivanov808@mail.ru|196|2024-06-03|отказ|бюджет
2445|32|Новикова Анастасия Александровна|9138 409987|+79203404109|novikova743@mail.ru|300|2024-07-20|отозвано|бюджет
2446|32|Новиков Максим Дмитриевич|7376 681296|+79730443589|novikov517@mail.ru|300|2024-07-02|отказ|бюджет
2447|32|Степанов Роман Максимович|9417 485636|+79803684481|stepanov244@mail.ru|240|2024-07-14|отозвано|бюджет
2448|32|Морозова Елизавета Ивановна|7552 748937|+79685849695|morozova676@mail.ru|277|2024-06-03|отказ|бюджет
2449|32|Орлов Илья Кириллович|3529 330599|+79715484088|orlov198@mail.ru|231|2024-06-08|отказ|контракт
2450|32|Степанов Михаил Александрович|7729 113084|+79352697198|stepanov808@mail.ru|256|2024-06-17|подано|бюджет
2451|32|Петров Роман Алексеевич|1910 816973|+79069286767|petrov353@mail.ru|283|2024-07-16|зачислен|бюджет
2452|32|Петров Алексей Иванович|3589 928432|+79047045825|petrov756@mail.ru|258|2024-07-22|зачислен|бюджет
2453|32|Морозова Марина Ильинична|1570 861074|+79242919339|morozova179@mail.ru|247|2024-06-02|зачислен|бюджет
2454|32|Егорова София Михайловна|7336 657900|+79355770289|egorova939@mail.ru|267|2024-06-25|отказ|бюджет
2455|32|Волков Роман Александрович|2925 953866|+79999024546|volkov588@mail.ru|218|2024-07-24|отказ|бюджет
2456|32|Андреева Мария Алексеевна|5348 786013|+79603894175|andreeva989@mail.ru|250|2024-06-11|зачислен|контракт
2457|32|Кузнецова Виктория Алексеевна|1133 291963|+79068644558|kuznecova428@mail.ru|224|2024-07-03|зачислен|контракт
2458|32|Лебедев Матвей Иванович|4695 554474|+79826587157|lebedev830@mail.ru|213|2024-06-06|подано|бюджет
2459|32|Макаров Максим Романович|2149 193107|+79530531489|makarov345@mail.ru|232|2024-06-18|зачислен|контракт
2460|32|Лебедева Анастасия Кирилловна|1143 746632|+79748405208|lebedeva603@mail.ru|228|2024-07-14|зачислен|бюджет
2461|32|Иванова Наталья Максимовна|7494 467569|+79752220900|ivanova660@mail.ru|298|2024-06-19|отказ|бюджет
2462|32|Васильев Максим Кириллович|7981 870580|+79985578970|vasilev924@mail.ru|251|2024-07-22|подано|бюджет
2463|32|Орлов Иван Дмитриевич|7490 179798|+79425790295|orlov467@mail.ru|225|2024-06-23|зачислен|бюджет
2464|32|Петров Максим Дмитриевич|9949 267053|+79057106630|petrov273@mail.ru|300|2024-06-12|отказ|бюджет
2465|32|Соколов Максим Кириллович|7230 607405|+79749114159|sokolov361@mail.ru|206|2024-06-01|зачислен|бюджет
2466|32|Фёдорова Юлия Андреевна|7009 229314|+79365132386|fedorova485@mail.ru|172|2024-06-01|отказ|бюджет
2467|32|Новикова Наталья Кирилловна|6143 662515|+79477451821|novikova283@mail.ru|200|2024-07-16|отказ|контракт
2468|32|Николаева Юлия Максимовна|9533 489030|+79480625705|nikolaeva486@mail.ru|233|2024-07-22|зачислен|контракт
2469|32|Фёдорова Анастасия Максимовна|3794 811441|+79392163860|fedorova528@mail.ru|272|2024-06-18|зачислен|бюджет
2470|32|Волков Максим Михайлович|6239 589552|+79332011729|volkov198@mail.ru|217|2024-07-01|отказ|бюджет
2471|32|Егорова Мария Алексеевна|3255 183812|+79967891232|egorova497@mail.ru|242|2024-06-06|отказ|контракт
2472|32|Смирнов Денис Ильич|9024 365973|+79844714253|smirnov132@mail.ru|232|2024-07-23|отказ|контракт
2473|32|Алексеев Алексей Иванович|7516 409569|+79719433389|alekseev508@mail.ru|221|2024-06-19|отказ|бюджет
2474|32|Алексеев Андрей Артёмович|2586 495423|+79730048513|alekseev326@mail.ru|247|2024-07-25|отказ|бюджет
2475|32|Васильев Иван Романович|3698 231955|+79002779249|vasilev121@mail.ru|232|2024-07-17|отказ|бюджет
2476|32|Николаев Кирилл Дмитриевич|5320 262090|+79393316059|nikolaev272@mail.ru|257|2024-06-16|отказ|бюджет
2477|32|Андреева Дарья Алексеевна|5664 418562|+79182065177|andreeva332@mail.ru|280|2024-06-03|отказ|бюджет
2478|32|Волков Максим Романович|3701 925884|+79514420340|volkov570@mail.ru|207|2024-07-24|подано|бюджет
2479|32|Степанов Артём Романович|8126 971731|+79383299668|stepanov744@mail.ru|254|2024-07-13|отказ|бюджет
2480|32|Степанова Виктория Романовна|3685 783654|+79557287992|stepanova476@mail.ru|248|2024-07-17|отказ|бюджет
2481|32|Фёдорова Юлия Кирилловна|2377 825394|+79047288075|fedorova777@mail.ru|264|2024-07-25|подано|бюджет
2482|32|Орлова София Алексеевна|1667 220765|+79853886334|orlova162@mail.ru|272|2024-06-02|отозвано|бюджет
2483|32|Макаров Матвей Иванович|5747 195698|+79622936124|makarov106@mail.ru|236|2024-07-16|отказ|контракт
2484|32|Васильева Анна Михайловна|4893 967311|+79353845883|vasileva674@mail.ru|246|2024-06-17|зачислен|контракт
2485|32|Новиков Егор Михайлович|6973 878402|+79490045273|novikov762@mail.ru|240|2024-07-08|отказ|бюджет
2486|32|Степанова Анастасия Ивановна|1604 806559|+79679077626|stepanova544@mail.ru|229|2024-07-19|подано|контракт
2487|32|Морозов Арсений Андреевич|2384 221613|+79983771911|morozov463@mail.ru|256|2024-07-19|зачислен|контракт
2488|32|Васильева Екатерина Максимовна|3973 377349|+79038667266|vasileva196@mail.ru|248|2024-07-13|отказ|контракт
2489|32|Макаров Сергей Михайлович|1088 401234|+79707687685|makarov520@mail.ru|227|2024-07-16|отказ|контракт
2490|32|Семёнов Алексей Андреевич|7783 833969|+79003637322|semenov881@mail.ru|196|2024-07-02|отказ|контракт
2491|32|Макаров Матвей Кириллович|1159 233143|+79137804999|makarov666@mail.ru|277|2024-07-05|подано|бюджет
2492|32|Михайлова София Андреевна|7477 529442|+79963770203|mihaylova356@mail.ru|274|2024-07-04|зачислен|бюджет
2493|32|Новикова Юлия Артёмовна|9391 538321|+79564330811|novikova505@mail.ru|206|2024-06-04|отказ|бюджет
2494|32|Макарова Мария Кирилловна|4758 858919|+79842248132|makarova878@mail.ru|192|2024-06-07|отказ|бюджет
2495|32|Андреева Ольга Ильинична|6201 247175|+79064677207|andreeva372@mail.ru|246|2024-07-06|отозвано|бюджет
2496|32|Козлова Анна Максимовна|3416 840047|+79148246383|kozlova429@mail.ru|198|2024-06-09|отказ|контракт
2497|32|Никитина Юлия Сергеевна|9071 247849|+79542844964|nikitina306@mail.ru|266|2024-06-08|подано|контракт
2498|32|Алексеев Егор Артёмович|7524 261580|+79052553961|alekseev920@mail.ru|207|2024-06-04|зачислен|бюджет
2499|32|Соколов Иван Дмитриевич|2760 898308|+79875258831|sokolov561@mail.ru|254|2024-07-25|отозвано|бюджет
2500|33|Егорова Ксения Ильинична|5003 849499|+79607969144|egorova628@mail.ru|232|2024-06-17|зачислен|контракт
2501|33|Иванова Татьяна Ивановна|1906 673551|+79772530317|ivanova590@mail.ru|279|2024-06-08|отказ|бюджет
2502|33|Михайлова Виктория Кирилловна|4933 401886|+79257050209|mihaylova821@mail.ru|171|2024-07-16|подано|контракт
2503|33|Павлов Роман Максимович|6057 891732|+79845239769|pavlov836@mail.ru|283|2024-07-08|отказ|бюджет
2504|33|Козлов Матвей Артёмович|6377 359905|+79110100110|kozlov585@mail.ru|235|2024-07-22|отказ|бюджет
2505|33|Попов Илья Максимович|7635 949269|+79638812293|popov309@mail.ru|207|2024-06-05|отказ|контракт
2506|33|Волкова Виктория Дмитриевна|1745 623790|+79833714903|volkova206@mail.ru|194|2024-07-18|отказ|контракт
2507|33|Козлов Никита Дмитриевич|6091 711298|+79640636034|kozlov446@mail.ru|195|2024-06-22|отказ|бюджет
2508|33|Попова Наталья Сергеевна|6070 422519|+79079770343|popova884@mail.ru|194|2024-07-10|подано|бюджет
2509|33|Лебедев Артём Романович|3360 149940|+79730679338|lebedev392@mail.ru|223|2024-06-06|отказ|бюджет
2510|33|Волкова Анастасия Алексеевна|8932 825042|+79278828729|volkova590@mail.ru|250|2024-06-19|отказ|бюджет
2511|33|Попова Мария Ивановна|5510 901610|+79903458077|popova708@mail.ru|227|2024-06-12|отказ|бюджет
2512|33|Иванова Наталья Алексеевна|2232 217538|+79281880444|ivanova282@mail.ru|184|2024-07-16|отказ|бюджет
2513|33|Волков Дмитрий Алексеевич|8662 688809|+79899976924|volkov925@mail.ru|265|2024-06-18|подано|бюджет
2514|33|Фёдорова Анастасия Ильинична|1271 814495|+79743091010|fedorova392@mail.ru|203|2024-06-11|отозвано|контракт
2515|33|Павлов Максим Иванович|1680 322737|+79020235624|pavlov353@mail.ru|210|2024-07-18|подано|бюджет
2516|33|Соколова Ольга Сергеевна|3487 597892|+79672580830|sokolova848@mail.ru|185|2024-06-07|подано|бюджет
2517|33|Волкова София Артёмовна|6150 551724|+79715161420|volkova396@mail.ru|273|2024-06-10|отозвано|бюджет
2518|33|Алексеев Арсений Максимович|3013 331747|+79660293601|alekseev651@mail.ru|182|2024-07-13|подано|бюджет
2519|33|Лебедев Андрей Максимович|9667 497999|+79643990408|lebedev863@mail.ru|182|2024-06-25|зачислен|контракт
2520|33|Алексеева Татьяна Андреевна|1358 104169|+79271445586|alekseeva136@mail.ru|273|2024-07-12|подано|бюджет
2521|33|Кузнецов Иван Андреевич|6958 672040|+79136269893|kuznecov460@mail.ru|263|2024-06-10|зачислен|бюджет
2522|33|Новикова Дарья Артёмовна|9445 772099|+79831086859|novikova279@mail.ru|203|2024-06-18|зачислен|бюджет
2523|33|Соколова Анастасия Романовна|9679 768354|+79690347976|sokolova691@mail.ru|194|2024-06-01|отказ|контракт
2524|33|Петрова София Дмитриевна|2753 712068|+79943020481|petrova945@mail.ru|233|2024-07-10|отказ|бюджет
2525|33|Макарова Мария Александровна|7153 965627|+79100802623|makarova618@mail.ru|233|2024-06-17|отказ|контракт
2526|33|Фёдоров Сергей Максимович|9281 299242|+79502606966|fedorov218@mail.ru|207|2024-06-24|зачислен|бюджет
2527|33|Михайлова Анастасия Александровна|9947 877742|+79046159739|mihaylova409@mail.ru|203|2024-06-01|подано|бюджет
2528|33|Орлов Андрей Ильич|4310 549065|+79092108200|orlov186@mail.ru|197|2024-07-19|подано|бюджет
2529|33|Алексеева Марина Ильинична|5501 904475|+79487574359|alekseeva731@mail.ru|235|2024-06-12|отказ|бюджет
2530|33|Смирнова Марина Алексеевна|2301 423164|+79246646673|smirnova206@mail.ru|270|2024-07-10|зачислен|бюджет
2531|33|Семёнова Наталья Сергеевна|6431 347395|+79916490643|semenova908@mail.ru|218|2024-07-23|отказ|контракт
2532|33|Морозов Алексей Андреевич|4774 839661|+79450261943|morozov433@mail.ru|220|2024-07-17|отказ|бюджет
2533|33|Козлов Дмитрий Кириллович|9266 925451|+79653449692|kozlov256@mail.ru|223|2024-07-14|зачислен|бюджет
2534|33|Кузнецова Дарья Артёмовна|9405 952226|+79433374700|kuznecova136@mail.ru|224|2024-06-07|отказ|бюджет
2535|33|Козлова Елизавета Михайловна|6147 943561|+79987847374|kozlova864@mail.ru|227|2024-07-20|отказ|бюджет
2536|33|Соколова Юлия Дмитриевна|6148 418560|+79410022200|sokolova738@mail.ru|199|2024-06-04|подано|контракт
2537|33|Васильева Наталья Михайловна|5418 592491|+79228612744|vasileva605@mail.ru|260|2024-06-16|отозвано|бюджет
2538|33|Семёнова Алиса Дмитриевна|7795 972921|+79803544028|semenova772@mail.ru|241|2024-07-07|отказ|бюджет
2539|33|Козлов Сергей Ильич|8628 641522|+79857965577|kozlov678@mail.ru|266|2024-06-24|подано|бюджет
2540|33|Попов Алексей Иванович|1331 454835|+79335276490|popov498@mail.ru|201|2024-06-19|зачислен|бюджет
2541|33|Петров Егор Андреевич|3712 509277|+79982558401|petrov848@mail.ru|229|2024-06-07|отказ|бюджет
2542|33|Егоров Максим Михайлович|6076 987681|+79739271665|egorov676@mail.ru|218|2024-06-16|отказ|бюджет
2543|33|Алексеева Наталья Артёмовна|9183 497060|+79461285856|alekseeva208@mail.ru|205|2024-06-22|отозвано|бюджет
2544|33|Андреев Иван Алексеевич|6132 429062|+79505869404|andreev526@mail.ru|208|2024-07-15|подано|бюджет
2545|33|Козлов Денис Романович|9574 889681|+79979579405|kozlov261@mail.ru|216|2024-07-19|зачислен|бюджет
2546|33|Иванова Мария Сергеевна|9204 486009|+79448299640|ivanova117@mail.ru|224|2024-07-10|отказ|бюджет
2547|33|Васильева Дарья Михайловна|2161 383110|+79042131878|vasileva247@mail.ru|199|2024-06-20|зачислен|контракт
2548|33|Фёдорова Ксения Алексеевна|4227 573571|+79216205585|fedorova832@mail.ru|237|2024-06-13|отказ|контракт
2549|33|Новикова Екатерина Андреевна|7536 518925|+79515665553|novikova578@mail.ru|187|2024-06-19|отказ|бюджет
2550|33|Степанова Анастасия Дмитриевна|2543 776015|+79681545151|stepanova816@mail.ru|177|2024-06-01|зачислен|бюджет
2551|33|Попов Сергей Иванович|5298 609849|+79871960707|popov998@mail.ru|190|2024-06-25|отказ|контракт
2552|33|Орлов Артём Александрович|7903 127021|+79328828847|orlov492@mail.ru|236|2024-07-02|зачислен|бюджет
2553|33|Фёдорова Юлия Ильинична|8256 383786|+79551876604|fedorova436@mail.ru|177|2024-07-13|подано|бюджет
2554|33|Морозова Мария Дмитриевна|9072 694651|+79271700553|morozova102@mail.ru|175|2024-07-12|зачислен|бюджет
2555|33|Алексеев Илья Ильич|4248 689897|+79485615733|alekseev318@mail.ru|199|2024-07-21|зачислен|бюджет
2556|33|Алексеева Дарья Алексеевна|1106 534993|+79183902024|alekseeva610@mail.ru|211|2024-07-03|подано|бюджет
2557|33|Орлов Михаил Ильич|6704 509598|+79101332217|orlov927@mail.ru|213|2024-06-18|отказ|бюджет
2558|33|Степанова Мария Андреевна|2425 424002|+79176870766|stepanova903@mail.ru|213|2024-06-15|отказ|бюджет
2559|33|Новиков Михаил Кириллович|7151 685475|+79968927295|novikov372@mail.ru|212|2024-06-20|отозвано|бюджет
2560|33|Петрова Татьяна Андреевна|1578 434753|+79785003320|petrova417@mail.ru|272|2024-07-04|отказ|контракт
2561|33|Петрова Ольга Ивановна|4959 933532|+79979513212|petrova360@mail.ru|200|2024-07-11|отозвано|контракт
2562|33|Фёдорова Наталья Кирилловна|6443 856418|+79511826702|fedorova129@mail.ru|252|2024-07-10|подано|контракт
2563|33|Попова София Дмитриевна|1143 928465|+79586378291|popova182@mail.ru|203|2024-07-01|отказ|бюджет
2564|33|Степанов Иван Иванович|8107 991518|+79736393412|stepanov612@mail.ru|202|2024-07-12|отказ|контракт
2565|33|Лебедева Ольга Михайловна|6032 630247|+79511308296|lebedeva909@mail.ru|229|2024-07-04|отозвано|бюджет
2566|33|Волков Никита Алексеевич|5858 835596|+79195099063|volkov319@mail.ru|170|2024-07-12|отказ|бюджет
2567|33|Егоров Егор Алексеевич|5721 676669|+79666315930|egorov210@mail.ru|181|2024-07-15|подано|контракт
2568|33|Новикова Алиса Александровна|6290 353857|+79824803111|novikova519@mail.ru|220|2024-06-15|отказ|бюджет
2569|33|Андреева Алиса Дмитриевна|9377 810486|+79932977228|andreeva346@mail.ru|183|2024-06-19|зачислен|бюджет
2570|33|Попова Анна Сергеевна|5314 802321|+79972542468|popova666@mail.ru|201|2024-06-13|подано|контракт
2571|33|Петрова Дарья Ильинична|6946 821797|+79507376809|petrova311@mail.ru|236|2024-07-21|отказ|бюджет
2572|33|Егоров Иван Михайлович|6492 293303|+79814105912|egorov843@mail.ru|185|2024-06-12|зачислен|контракт
2573|33|Егорова Юлия Артёмовна|6327 121430|+79232195742|egorova283@mail.ru|226|2024-07-08|отказ|контракт
2574|33|Михайлова Наталья Михайловна|4352 824493|+79023315458|mihaylova568@mail.ru|196|2024-06-01|отозвано|бюджет
2575|33|Никитин Матвей Кириллович|6808 841553|+79108883852|nikitin201@mail.ru|246|2024-07-06|отказ|контракт
2576|33|Макаров Никита Алексеевич|3152 227896|+79514041013|makarov722@mail.ru|232|2024-06-04|отказ|контракт
2577|33|Никитин Арсений Алексеевич|6337 247181|+79056614740|nikitin899@mail.ru|200|2024-07-19|отказ|бюджет
2578|33|Иванова Юлия Максимовна|4212 163300|+79989764240|ivanova111@mail.ru|201|2024-07-15|отозвано|контракт
2579|33|Егоров Александр Кириллович|5416 672894|+79083434909|egorov959@mail.ru|218|2024-07-17|отказ|бюджет
2580|33|Павлова Ксения Артёмовна|2123 818012|+79651961289|pavlova853@mail.ru|229|2024-07-20|отказ|бюджет
2581|33|Фёдорова Ксения Кирилловна|6671 382396|+79980302160|fedorova593@mail.ru|219|2024-07-01|зачислен|бюджет
2582|33|Николаева Ксения Михайловна|7520 534114|+79454030171|nikolaeva458@mail.ru|260|2024-06-23|отказ|бюджет
2583|33|Никитина Екатерина Артёмовна|4369 978554|+79997431854|nikitina814@mail.ru|200|2024-06-12|зачислен|контракт
2584|33|Иванов Денис Алексеевич|6732 666376|+79419673230|ivanov527@mail.ru|239|2024-06-10|зачислен|бюджет
2585|33|Васильева Анна Ильинична|3342 908103|+79579607289|vasileva390@mail.ru|178|2024-07-06|зачислен|контракт
2586|33|Петров Иван Михайлович|5001 766531|+79785960594|petrov789@mail.ru|254|2024-06-08|подано|бюджет
2587|33|Морозов Роман Кириллович|7810 916239|+79380379144|morozov513@mail.ru|273|2024-07-01|отказ|контракт
2588|33|Николаева Ксения Максимовна|4974 139045|+79330026463|nikolaeva616@mail.ru|187|2024-06-21|подано|контракт
2589|33|Иванов Андрей Сергеевич|9003 920410|+79849508265|ivanov182@mail.ru|207|2024-06-18|зачислен|бюджет
2590|33|Степанов Андрей Сергеевич|8689 432639|+79623063405|stepanov504@mail.ru|201|2024-07-10|отозвано|контракт
2591|33|Петрова Виктория Александровна|6698 143835|+79264494277|petrova605@mail.ru|194|2024-07-21|отказ|бюджет
2592|33|Соколов Матвей Романович|8038 386208|+79770356063|sokolov994@mail.ru|209|2024-06-07|отказ|бюджет
2593|33|Васильева Юлия Дмитриевна|3730 646286|+79427467291|vasileva972@mail.ru|234|2024-07-04|отказ|контракт
2594|33|Лебедев Кирилл Романович|1659 569900|+79751332474|lebedev459@mail.ru|200|2024-06-11|зачислен|бюджет
2595|33|Степанова Марина Артёмовна|9978 666825|+79774032649|stepanova695@mail.ru|188|2024-06-19|подано|бюджет
2596|33|Волков Иван Михайлович|1835 527759|+79544534655|volkov495@mail.ru|185|2024-07-01|отказ|бюджет
2597|33|Новикова Татьяна Алексеевна|7543 150411|+79757289833|novikova608@mail.ru|235|2024-07-17|зачислен|контракт
2598|33|Алексеев Роман Дмитриевич|6947 426831|+79794138725|alekseev646@mail.ru|263|2024-06-22|отказ|бюджет
2599|33|Фёдорова Елизавета Ильинична|8279 412355|+79671508596|fedorova115@mail.ru|199|2024-06-10|отказ|бюджет
2600|33|Егоров Михаил Андреевич|5967 167196|+79077364705|egorov714@mail.ru|240|2024-06-20|отказ|бюджет
2601|33|Волкова Виктория Дмитриевна|3621 922123|+79054557685|volkova338@mail.ru|228|2024-07-16|отказ|бюджет
2602|33|Андреев Дмитрий Артёмович|3899 809798|+79577644394|andreev860@mail.ru|296|2024-07-07|зачислен|бюджет
2603|33|Фёдорова Ксения Александровна|4711 422868|+79443280768|fedorova408@mail.ru|206|2024-07-14|отказ|бюджет
2604|33|Лебедев Кирилл Иванович|5721 703183|+79854210405|lebedev406@mail.ru|215|2024-06-02|отказ|бюджет
2605|33|Соколов Александр Дмитриевич|1388 600765|+79725067363|sokolov656@mail.ru|217|2024-06-21|зачислен|бюджет
2606|33|Новикова София Дмитриевна|3358 399978|+79892150299|novikova323@mail.ru|225|2024-07-11|зачислен|бюджет
2607|33|Алексеева Виктория Сергеевна|7750 559215|+79704216790|alekseeva720@mail.ru|217|2024-07-02|отказ|бюджет
2608|34|Андреев Илья Ильич|2307 191569|+79442542111|andreev661@mail.ru|249|2024-07-07|отказ|бюджет
2609|34|Михайлова Юлия Кирилловна|7201 779839|+79730194868|mihaylova565@mail.ru|201|2024-06-08|зачислен|бюджет
2610|34|Попова Полина Ильинична|6591 656249|+79543765267|popova101@mail.ru|212|2024-06-08|зачислен|контракт
2611|34|Козлов Илья Кириллович|3378 133258|+79009313284|kozlov383@mail.ru|217|2024-07-13|зачислен|бюджет
2612|34|Андреева Полина Алексеевна|9458 227232|+79036613589|andreeva259@mail.ru|193|2024-07-11|отказ|контракт
2613|34|Волкова Ольга Романовна|6878 418540|+79978269299|volkova415@mail.ru|186|2024-06-21|зачислен|бюджет
2614|34|Смирнов Кирилл Александрович|4776 726943|+79720498231|smirnov196@mail.ru|204|2024-06-05|подано|бюджет
2615|34|Никитин Сергей Александрович|6929 256968|+79168000857|nikitin608@mail.ru|197|2024-07-09|отказ|бюджет
2616|34|Кузнецов Максим Алексеевич|2106 177858|+79631359063|kuznecov373@mail.ru|190|2024-07-25|отозвано|бюджет
2617|34|Смирнова Татьяна Дмитриевна|5942 226458|+79330075798|smirnova884@mail.ru|192|2024-06-24|зачислен|контракт
2618|34|Смирнова Алиса Артёмовна|5467 551572|+79867136882|smirnova823@mail.ru|139|2024-07-09|подано|бюджет
2619|34|Лебедева Наталья Кирилловна|9464 247255|+79347416023|lebedeva333@mail.ru|192|2024-07-25|отказ|бюджет
2620|34|Смирнов Кирилл Артёмович|7245 485935|+79989598557|smirnov750@mail.ru|225|2024-06-09|отказ|контракт
2621|34|Макаров Михаил Кириллович|6201 516567|+79048556423|makarov189@mail.ru|189|2024-07-16|зачислен|бюджет
2622|34|Новиков Андрей Артёмович|8200 757711|+79092952937|novikov624@mail.ru|187|2024-06-14|отказ|бюджет
2623|34|Попова Анна Романовна|8415 476966|+79002692612|popova831@mail.ru|151|2024-07-12|отказ|контракт
2624|34|Соколов Матвей Романович|6508 341703|+79226690565|sokolov512@mail.ru|128|2024-07-03|подано|контракт
2625|34|Алексеев Андрей Романович|5661 965911|+79167073018|alekseev125@mail.ru|186|2024-06-12|отказ|бюджет
2626|34|Никитин Сергей Романович|4673 123272|+79195113502|nikitin114@mail.ru|235|2024-07-01|зачислен|контракт
2627|34|Николаева Анастасия Андреевна|1173 633467|+79187459545|nikolaeva617@mail.ru|192|2024-07-08|отказ|бюджет
2628|34|Петрова Марина Дмитриевна|5466 205593|+79304916842|petrova398@mail.ru|171|2024-06-17|отказ|контракт
2629|34|Иванова Мария Дмитриевна|7483 123038|+79673881041|ivanova668@mail.ru|181|2024-07-12|зачислен|бюджет
2630|34|Николаева Анна Ильинична|4238 738946|+79026472293|nikolaeva443@mail.ru|195|2024-07-13|зачислен|бюджет
2631|34|Козлов Сергей Александрович|7115 660392|+79692815673|kozlov954@mail.ru|206|2024-07-08|отказ|бюджет
2632|34|Лебедев Дмитрий Артёмович|1532 506051|+79529625660|lebedev859@mail.ru|199|2024-07-06|зачислен|бюджет
2633|34|Алексеева Алиса Алексеевна|7702 729152|+79226039731|alekseeva224@mail.ru|194|2024-07-17|зачислен|бюджет
2634|34|Семёнова Мария Максимовна|3262 779029|+79961589138|semenova161@mail.ru|171|2024-06-05|отказ|бюджет
2635|34|Новикова Алиса Александровна|9713 155663|+79448838529|novikova319@mail.ru|179|2024-07-12|отказ|бюджет
2636|34|Морозов Кирилл Александрович|8422 329668|+79217910100|morozov515@mail.ru|192|2024-07-23|зачислен|контракт
2637|34|Лебедева Анастасия Артёмовна|9203 214257|+79300562618|lebedeva683@mail.ru|246|2024-06-07|отозвано|бюджет
2638|34|Михайлов Алексей Артёмович|5284 556201|+79538644204|mihaylov716@mail.ru|173|2024-06-22|отказ|контракт
2639|34|Никитина Полина Ивановна|5315 738053|+79295973576|nikitina833@mail.ru|149|2024-06-10|подано|бюджет
2640|34|Морозова Татьяна Алексеевна|2246 832627|+79270064455|morozova411@mail.ru|209|2024-07-03|подано|бюджет
2641|34|Козлова Мария Артёмовна|4700 561966|+79193700740|kozlova395@mail.ru|212|2024-07-02|отказ|бюджет
2642|34|Андреева Мария Андреевна|5256 143666|+79625352973|andreeva986@mail.ru|228|2024-07-21|отказ|бюджет
2643|34|Новиков Кирилл Сергеевич|1212 194415|+79261245707|novikov796@mail.ru|211|2024-07-13|отозвано|бюджет
2644|34|Алексеев Матвей Алексеевич|7720 801635|+79579884610|alekseev249@mail.ru|195|2024-06-06|отказ|бюджет
2645|34|Павлова Виктория Ильинична|4009 297150|+79648218126|pavlova966@mail.ru|167|2024-07-14|отказ|бюджет
2646|34|Попов Арсений Артёмович|9320 471419|+79173051548|popov886@mail.ru|179|2024-07-09|отказ|контракт
2647|34|Лебедева Юлия Ильинична|6577 250143|+79262759960|lebedeva322@mail.ru|206|2024-06-13|подано|контракт
2648|34|Соколов Кирилл Сергеевич|3778 812267|+79167856850|sokolov371@mail.ru|225|2024-06-23|отказ|бюджет
2649|34|Петров Андрей Романович|1144 440640|+79617128997|petrov273@mail.ru|249|2024-06-09|подано|бюджет
2650|34|Кузнецов Александр Максимович|4846 520078|+79724046853|kuznecov252@mail.ru|168|2024-07-23|подано|бюджет
2651|34|Макарова Екатерина Дмитриевна|6948 916602|+79812159224|makarova218@mail.ru|220|2024-07-03|зачислен|бюджет
2652|34|Новиков Денис Иванович|9599 860641|+79910789361|novikov240@mail.ru|214|2024-07-25|зачислен|бюджет
2653|34|Егоров Арсений Алексеевич|8036 175238|+79570267321|egorov856@mail.ru|189|2024-07-21|отказ|контракт
2654|34|Васильев Михаил Ильич|3298 312200|+79246755583|vasilev162@mail.ru|252|2024-06-10|отказ|контракт
2655|34|Михайлов Максим Иванович|7725 347354|+79906562794|mihaylov992@mail.ru|161|2024-07-02|отозвано|бюджет
2656|34|Новиков Иван Максимович|1363 949301|+79015964130|novikov907@mail.ru|190|2024-07-01|зачислен|бюджет
2657|34|Волкова Ксения Кирилловна|1325 518287|+79417313755|volkova972@mail.ru|210|2024-06-03|отказ|бюджет
2658|34|Михайлова Марина Александровна|9813 385484|+79287551871|mihaylova751@mail.ru|197|2024-07-06|зачислен|контракт
2659|34|Попова Анастасия Андреевна|6631 110866|+79243989868|popova637@mail.ru|232|2024-07-25|зачислен|бюджет
2660|34|Новиков Иван Андреевич|4296 161945|+79814348837|novikov514@mail.ru|214|2024-06-21|зачислен|бюджет
2661|34|Соколова Алиса Романовна|1576 547620|+79850003007|sokolova567@mail.ru|223|2024-07-21|зачислен|бюджет
2662|34|Орлова Анна Романовна|8791 163935|+79896992034|orlova236@mail.ru|223|2024-06-21|отказ|бюджет
2663|34|Степанов Арсений Андреевич|8364 587960|+79372235308|stepanov525@mail.ru|170|2024-06-04|зачислен|контракт
2664|34|Иванов Алексей Максимович|6960 121861|+79718987900|ivanov630@mail.ru|198|2024-06-11|отказ|бюджет
2665|34|Орлов Денис Дмитриевич|7744 944128|+79833186151|orlov814@mail.ru|204|2024-07-15|отозвано|бюджет
2666|34|Алексеев Алексей Андреевич|3917 277075|+79431622816|alekseev872@mail.ru|196|2024-06-08|зачислен|бюджет
2667|34|Лебедева Татьяна Михайловна|4182 720470|+79789023131|lebedeva264@mail.ru|264|2024-06-06|зачислен|бюджет
2668|34|Петрова Ольга Ильинична|5276 681233|+79281120137|petrova860@mail.ru|198|2024-06-17|подано|бюджет
2669|34|Смирнова Марина Михайловна|2863 185083|+79920498534|smirnova761@mail.ru|233|2024-06-18|подано|бюджет
2670|34|Павлова Анастасия Ильинична|3126 306382|+79214219695|pavlova419@mail.ru|214|2024-06-03|подано|бюджет
2671|34|Михайлова Наталья Романовна|3319 240865|+79040628980|mihaylova751@mail.ru|166|2024-06-06|зачислен|бюджет
2672|34|Морозова Анастасия Ильинична|1559 975292|+79795025604|morozova953@mail.ru|242|2024-06-16|подано|контракт
2673|34|Смирнов Никита Романович|5035 731137|+79258622369|smirnov776@mail.ru|168|2024-07-04|зачислен|бюджет
2674|34|Морозов Андрей Александрович|9747 267646|+79292078320|morozov569@mail.ru|193|2024-07-16|отозвано|бюджет
2675|34|Петрова Елизавета Романовна|7865 391630|+79577572033|petrova553@mail.ru|223|2024-06-23|зачислен|бюджет
2676|34|Макарова Дарья Михайловна|8842 666263|+79166735835|makarova221@mail.ru|187|2024-06-13|подано|бюджет
2677|34|Попова Алиса Алексеевна|1070 996840|+79056607650|popova609@mail.ru|199|2024-07-14|зачислен|бюджет
2678|34|Семёнов Артём Сергеевич|3648 354680|+79238910769|semenov957@mail.ru|209|2024-06-23|отказ|контракт
2679|34|Волков Никита Дмитриевич|2008 887417|+79147687832|volkov937@mail.ru|220|2024-06-24|отказ|бюджет
2680|34|Кузнецова Ольга Сергеевна|1109 806722|+79393057987|kuznecova174@mail.ru|191|2024-06-11|зачислен|бюджет
2681|34|Макарова София Артёмовна|7620 313497|+79147527320|makarova605@mail.ru|281|2024-06-12|зачислен|бюджет
2682|34|Соколова Полина Ильинична|6475 140384|+79423425535|sokolova685@mail.ru|186|2024-07-16|отозвано|контракт
2683|34|Егорова Полина Ильинична|3458 351439|+79423544222|egorova604@mail.ru|195|2024-06-20|зачислен|бюджет
2684|34|Козлова Юлия Романовна|4287 790499|+79125817592|kozlova534@mail.ru|176|2024-06-04|отказ|бюджет
2685|34|Алексеева Татьяна Михайловна|3425 171447|+79043434772|alekseeva124@mail.ru|195|2024-07-24|отказ|контракт
2686|34|Соколова Екатерина Алексеевна|8725 585926|+79789801697|sokolova290@mail.ru|193|2024-07-11|зачислен|бюджет
2687|34|Павлов Максим Алексеевич|6836 606704|+79583876578|pavlov974@mail.ru|147|2024-07-04|отказ|бюджет
2688|34|Семёнов Андрей Александрович|4027 603044|+79661101527|semenov609@mail.ru|216|2024-07-09|отказ|бюджет
2689|34|Попов Денис Сергеевич|2088 441287|+79717898008|popov945@mail.ru|208|2024-07-21|отказ|бюджет
2690|34|Смирнов Арсений Дмитриевич|8841 226834|+79305702650|smirnov145@mail.ru|183|2024-06-18|отозвано|бюджет
2691|34|Петрова Ксения Андреевна|3353 511968|+79307746216|petrova137@mail.ru|213|2024-07-19|отозвано|бюджет
2692|34|Андреева София Дмитриевна|6707 667100|+79658588307|andreeva357@mail.ru|205|2024-06-03|отказ|бюджет
2693|34|Алексеев Илья Андреевич|7654 274411|+79128055178|alekseev457@mail.ru|164|2024-07-01|отказ|контракт
2694|34|Михайлова Ольга Дмитриевна|3750 611235|+79600951359|mihaylova988@mail.ru|203|2024-06-25|отказ|бюджет
2695|34|Волков Михаил Артёмович|5646 612542|+79349977175|volkov276@mail.ru|137|2024-06-20|зачислен|бюджет
2696|34|Васильев Иван Алексеевич|8273 973076|+79159139959|vasilev670@mail.ru|198|2024-06-11|зачислен|контракт
2697|34|Соколова Анастасия Кирилловна|5352 906962|+79851868120|sokolova186@mail.ru|191|2024-07-04|отказ|бюджет
2698|34|Егоров Денис Кириллович|8471 630023|+79910135753|egorov685@mail.ru|181|2024-06-02|зачислен|контракт
2699|34|Макарова Елизавета Дмитриевна|1733 965186|+79895218009|makarova627@mail.ru|207|2024-07-22|отказ|бюджет
2700|34|Морозова Мария Дмитриевна|1723 696600|+79692685017|morozova924@mail.ru|164|2024-07-13|подано|бюджет
2701|34|Алексеев Роман Кириллович|5092 186653|+79577271159|alekseev203@mail.ru|232|2024-06-02|отказ|бюджет
2702|34|Соколов Арсений Михайлович|9181 170034|+79893612098|sokolov397@mail.ru|209|2024-06-01|отказ|бюджет
2703|34|Фёдоров Денис Дмитриевич|6943 413663|+79547742871|fedorov911@mail.ru|202|2024-06-02|зачислен|контракт
2704|34|Козлов Арсений Михайлович|8180 274581|+79209757644|kozlov316@mail.ru|156|2024-07-04|подано|контракт
2705|34|Иванова Марина Александровна|6518 524120|+79963195639|ivanova904@mail.ru|241|2024-07-10|зачислен|контракт
2706|34|Козлов Егор Романович|3063 195321|+79915076297|kozlov595@mail.ru|200|2024-06-18|зачислен|бюджет
2707|34|Орлов Денис Иванович|4645 957483|+79999231548|orlov171@mail.ru|191|2024-06-23|зачислен|бюджет
2708|34|Орлов Андрей Максимович|2905 258056|+79995014873|orlov216@mail.ru|206|2024-06-18|зачислен|бюджет
2709|34|Никитин Александр Дмитриевич|3746 660746|+79210567897|nikitin709@mail.ru|180|2024-06-14|зачислен|бюджет
2710|34|Петров Максим Александрович|9660 452132|+79609248798|petrov310@mail.ru|196|2024-06-24|зачислен|бюджет
2711|34|Михайлов Максим Михайлович|2204 519590|+79368635521|mihaylov992@mail.ru|212|2024-07-04|подано|бюджет
2712|34|Смирнова Марина Романовна|3351 588934|+79340861532|smirnova734@mail.ru|223|2024-07-17|отказ|бюджет
2713|35|Кузнецова Виктория Кирилловна|8137 716039|+79175706316|kuznecova685@mail.ru|291|2024-07-12|отозвано|бюджет
2714|35|Фёдоров Максим Алексеевич|4405 264642|+79397394012|fedorov750@mail.ru|224|2024-06-04|отказ|бюджет
2715|35|Морозов Дмитрий Кириллович|5384 332842|+79854551120|morozov120@mail.ru|260|2024-07-03|зачислен|бюджет
2716|35|Орлова Алиса Алексеевна|1340 818996|+79043516382|orlova553@mail.ru|283|2024-06-05|подано|бюджет
2717|35|Андреев Илья Максимович|3255 838033|+79013173984|andreev276@mail.ru|235|2024-06-02|отказ|бюджет
2718|35|Волкова Наталья Андреевна|4885 731581|+79510667306|volkova254@mail.ru|221|2024-07-10|отказ|бюджет
2719|35|Иванов Алексей Михайлович|4348 556528|+79221130293|ivanov261@mail.ru|265|2024-07-22|зачислен|бюджет
2720|35|Андреев Артём Максимович|5209 235593|+79251093262|andreev396@mail.ru|271|2024-07-01|отказ|бюджет
2721|35|Орлов Егор Артёмович|9848 853158|+79459602105|orlov529@mail.ru|260|2024-07-04|отказ|контракт
2722|35|Лебедев Артём Артёмович|8566 822911|+79892522130|lebedev431@mail.ru|265|2024-07-25|зачислен|бюджет
2723|35|Лебедев Егор Кириллович|9459 339786|+79560034911|lebedev857@mail.ru|273|2024-06-13|отказ|бюджет
2724|35|Алексеева Дарья Михайловна|6886 122134|+79431759121|alekseeva908@mail.ru|252|2024-06-10|отказ|бюджет
2725|35|Макаров Никита Ильич|5590 680154|+79855133756|makarov535@mail.ru|263|2024-07-12|отозвано|бюджет
2726|35|Павлов Арсений Михайлович|2125 275306|+79498949162|pavlov849@mail.ru|281|2024-07-23|подано|контракт
2727|35|Степанов Максим Андреевич|4978 198233|+79338495005|stepanov327@mail.ru|250|2024-06-22|отозвано|контракт
2728|35|Никитина София Александровна|1472 898348|+79395355868|nikitina311@mail.ru|254|2024-06-25|отказ|бюджет
2729|35|Фёдоров Илья Артёмович|5928 661304|+79080933150|fedorov825@mail.ru|291|2024-07-24|отказ|контракт
2730|35|Николаева София Максимовна|2013 975255|+79764601319|nikolaeva956@mail.ru|280|2024-06-18|отказ|бюджет
2731|35|Алексеева Дарья Кирилловна|7934 723334|+79187410973|alekseeva118@mail.ru|211|2024-07-01|отозвано|контракт
2732|35|Степанова Виктория Кирилловна|4310 523557|+79335958519|stepanova499@mail.ru|245|2024-06-10|отказ|бюджет
2733|35|Васильев Арсений Александрович|7750 676924|+79622008164|vasilev374@mail.ru|227|2024-07-05|подано|бюджет
2734|35|Никитина Алиса Ивановна|8488 678199|+79920049124|nikitina992@mail.ru|231|2024-07-02|отказ|бюджет
2735|35|Алексеева Юлия Романовна|1577 862123|+79941911283|alekseeva359@mail.ru|226|2024-07-18|подано|бюджет
2736|35|Петрова Ксения Ивановна|4998 438731|+79642126996|petrova732@mail.ru|261|2024-07-24|отказ|бюджет
2737|35|Васильев Андрей Алексеевич|8618 827287|+79837141235|vasilev180@mail.ru|239|2024-07-21|подано|бюджет
2738|35|Смирнова София Михайловна|3419 486780|+79935394143|smirnova915@mail.ru|239|2024-06-15|отказ|контракт
2739|35|Никитина Татьяна Сергеевна|5850 215960|+79990242335|nikitina879@mail.ru|225|2024-06-25|зачислен|контракт
2740|35|Егорова Екатерина Ивановна|1805 124658|+79249268961|egorova917@mail.ru|256|2024-07-13|зачислен|контракт
2741|35|Макаров Михаил Александрович|9252 137238|+79602485354|makarov537@mail.ru|232|2024-06-05|подано|контракт
2742|35|Никитина Марина Сергеевна|4677 958556|+79672082293|nikitina639@mail.ru|246|2024-07-25|отказ|бюджет
2743|35|Егорова Анастасия Максимовна|4800 850858|+79116644160|egorova438@mail.ru|277|2024-06-14|отозвано|бюджет
2744|35|Макарова Екатерина Сергеевна|2700 909176|+79537658397|makarova536@mail.ru|243|2024-07-23|отказ|бюджет
2745|35|Петрова Наталья Михайловна|8024 939683|+79571419538|petrova273@mail.ru|241|2024-07-09|зачислен|бюджет
2746|35|Михайлов Роман Артёмович|3072 927393|+79655853379|mihaylov764@mail.ru|232|2024-07-09|отказ|бюджет
2747|35|Попов Егор Романович|4232 167322|+79172138113|popov435@mail.ru|259|2024-07-02|отказ|контракт
2748|35|Козлов Дмитрий Романович|9302 451237|+79976455446|kozlov243@mail.ru|249|2024-06-16|отозвано|контракт
2749|35|Никитина Елизавета Дмитриевна|4146 870686|+79193162058|nikitina728@mail.ru|253|2024-07-06|отказ|контракт
2750|35|Лебедев Сергей Артёмович|4007 449496|+79807774810|lebedev532@mail.ru|252|2024-06-24|подано|контракт
2751|35|Орлов Максим Дмитриевич|8430 862357|+79128164127|orlov677@mail.ru|218|2024-07-05|отказ|контракт
2752|35|Морозова Ольга Артёмовна|4221 367105|+79421664274|morozova554@mail.ru|226|2024-06-08|зачислен|бюджет
2753|35|Морозов Денис Ильич|3762 724135|+79919524158|morozov885@mail.ru|239|2024-06-14|отказ|бюджет
2754|35|Васильева Виктория Романовна|9973 558215|+79659374099|vasileva352@mail.ru|231|2024-06-10|зачислен|бюджет
2755|35|Никитин Александр Михайлович|6906 185728|+79394179560|nikitin870@mail.ru|229|2024-07-16|отказ|бюджет
2756|35|Смирнов Максим Кириллович|6770 682199|+79668885148|smirnov555@mail.ru|260|2024-07-14|отказ|бюджет
2757|35|Алексеев Илья Михайлович|9381 565388|+79028181896|alekseev405@mail.ru|283|2024-06-12|отказ|бюджет
2758|35|Орлова Полина Алексеевна|4101 588053|+79694741476|orlova651@mail.ru|300|2024-06-09|отказ|бюджет
2759|35|Петрова Ольга Кирилловна|7663 252720|+79049716851|petrova209@mail.ru|300|2024-06-17|отказ|бюджет
2760|35|Алексеева София Сергеевна|3397 252792|+79874308918|alekseeva646@mail.ru|273|2024-07-18|зачислен|контракт
2761|35|Павлова Наталья Романовна|7545 594386|+79680714369|pavlova161@mail.ru|279|2024-07-22|зачислен|бюджет
2762|35|Павлова Наталья Андреевна|1771 882216|+79834326231|pavlova380@mail.ru|293|2024-07-01|подано|бюджет
2763|35|Новиков Никита Андреевич|9317 167453|+79705257921|novikov232@mail.ru|226|2024-07-19|отказ|бюджет
2764|35|Петров Дмитрий Андреевич|6231 606315|+79262305758|petrov868@mail.ru|225|2024-06-13|отозвано|контракт
2765|35|Кузнецова Ксения Дмитриевна|4794 567592|+79209473290|kuznecova316@mail.ru|238|2024-07-16|зачислен|бюджет
2766|35|Михайлова Алиса Андреевна|6121 889206|+79633191651|mihaylova299@mail.ru|269|2024-06-23|подано|бюджет
2767|35|Иванова Ксения Ильинична|3741 138979|+79503841558|ivanova332@mail.ru|300|2024-06-21|отказ|бюджет
2768|35|Смирнов Роман Артёмович|8577 518858|+79602018400|smirnov285@mail.ru|213|2024-07-02|отказ|контракт
2769|35|Павлова Виктория Алексеевна|3396 935992|+79040625024|pavlova982@mail.ru|300|2024-07-01|зачислен|бюджет
2770|35|Орлова Ольга Максимовна|9221 482923|+79051578729|orlova363@mail.ru|225|2024-06-04|подано|контракт
2771|35|Смирнова Полина Сергеевна|9592 795525|+79230584904|smirnova524@mail.ru|260|2024-06-23|отказ|бюджет
2772|35|Козлов Артём Александрович|1688 743527|+79148404566|kozlov478@mail.ru|234|2024-06-20|отказ|бюджет
2773|35|Васильев Кирилл Ильич|6250 944262|+79799745512|vasilev453@mail.ru|239|2024-07-23|отказ|бюджет
2774|35|Морозов Кирилл Андреевич|5632 390968|+79493819020|morozov424@mail.ru|300|2024-07-08|отказ|контракт
2775|35|Орлова София Кирилловна|9733 792395|+79031964402|orlova627@mail.ru|252|2024-06-09|зачислен|бюджет
2776|35|Семёнова Мария Артёмовна|8842 677578|+79136988271|semenova128@mail.ru|259|2024-06-15|отказ|контракт
2777|35|Никитина Анна Михайловна|2446 213762|+79388089667|nikitina132@mail.ru|242|2024-06-05|подано|бюджет
2778|35|Кузнецова Ольга Кирилловна|7036 311776|+79845451785|kuznecova989@mail.ru|219|2024-07-22|отказ|контракт
2779|35|Николаева Наталья Ильинична|3637 661584|+79703805596|nikolaeva429@mail.ru|265|2024-06-17|отказ|контракт
2780|35|Петров Арсений Кириллович|7297 184946|+79038184729|petrov520@mail.ru|255|2024-07-18|зачислен|бюджет
2781|35|Андреева Полина Артёмовна|6523 190578|+79227369757|andreeva126@mail.ru|216|2024-07-14|зачислен|бюджет
2782|35|Семёнов Никита Сергеевич|9608 912929|+79708430100|semenov775@mail.ru|232|2024-06-16|отказ|бюджет
2783|35|Морозов Роман Андреевич|6218 841883|+79695796887|morozov806@mail.ru|239|2024-06-24|отказ|бюджет
2784|35|Новиков Денис Романович|5872 864659|+79486119068|novikov719@mail.ru|223|2024-06-23|отозвано|бюджет
2785|35|Степанов Александр Александрович|5459 730686|+79627849262|stepanov652@mail.ru|237|2024-07-14|отказ|бюджет
2786|35|Орлова Ольга Артёмовна|6966 637329|+79173817713|orlova413@mail.ru|257|2024-07-06|отказ|бюджет
2787|35|Андреева Татьяна Александровна|8364 756932|+79290854533|andreeva958@mail.ru|263|2024-06-25|подано|контракт
2788|35|Новиков Матвей Дмитриевич|3549 634001|+79153011070|novikov993@mail.ru|202|2024-06-21|отказ|бюджет
2789|35|Лебедева Ксения Ивановна|9450 364813|+79964632686|lebedeva999@mail.ru|232|2024-07-12|отказ|бюджет
2790|35|Макарова Анна Ивановна|7968 493956|+79544346919|makarova639@mail.ru|263|2024-06-16|зачислен|контракт
2791|35|Соколова Мария Ивановна|1093 106272|+79374768992|sokolova359@mail.ru|228|2024-07-17|подано|бюджет
2792|35|Алексеев Егор Алексеевич|2657 412229|+79127915248|alekseev181@mail.ru|300|2024-07-04|зачислен|контракт
2793|35|Никитина Юлия Михайловна|3764 480082|+79367986488|nikitina928@mail.ru|278|2024-06-20|подано|бюджет
2794|35|Михайлов Илья Романович|9889 740668|+79409561166|mihaylov115@mail.ru|266|2024-06-21|подано|контракт
2795|35|Новикова София Андреевна|3226 497736|+79730458115|novikova661@mail.ru|257|2024-06-18|зачислен|бюджет
2796|35|Иванов Матвей Сергеевич|4983 579759|+79949944921|ivanov949@mail.ru|278|2024-06-16|отказ|бюджет
2797|35|Семёнов Иван Ильич|7208 541019|+79182037509|semenov975@mail.ru|265|2024-06-19|отказ|бюджет
2798|35|Смирнова Виктория Ивановна|6327 331885|+79552860195|smirnova612@mail.ru|287|2024-06-25|отказ|бюджет
2799|35|Фёдоров Денис Алексеевич|2659 838701|+79758340949|fedorov813@mail.ru|224|2024-06-11|отказ|бюджет
2800|35|Кузнецова Елизавета Андреевна|9397 319630|+79471623641|kuznecova344@mail.ru|249|2024-07-11|отказ|бюджет
2801|35|Павлов Илья Андреевич|4568 429257|+79364502618|pavlov808@mail.ru|269|2024-07-13|зачислен|бюджет
2802|35|Соколова Анастасия Артёмовна|5714 141859|+79867119360|sokolova682@mail.ru|209|2024-06-20|зачислен|контракт
2803|35|Новиков Егор Романович|6052 525111|+79311337594|novikov994@mail.ru|255|2024-06-13|отозвано|контракт
2804|35|Орлов Кирилл Максимович|4074 781637|+79768436166|orlov411@mail.ru|279|2024-06-23|зачислен|контракт
2805|35|Козлова Наталья Артёмовна|4313 420406|+79901350894|kozlova323@mail.ru|290|2024-06-23|подано|контракт
2806|36|Фёдоров Михаил Иванович|5071 875575|+79968872120|fedorov639@mail.ru|277|2024-07-21|отказ|бюджет
2807|36|Никитин Никита Иванович|6298 241339|+79605892757|nikitin926@mail.ru|252|2024-07-24|отказ|бюджет
2808|36|Николаев Андрей Максимович|4271 228176|+79311883175|nikolaev494@mail.ru|262|2024-06-21|отозвано|бюджет
2809|36|Волкова Марина Михайловна|4608 186367|+79123229118|volkova870@mail.ru|281|2024-07-17|отказ|бюджет
2810|36|Степанова Ольга Алексеевна|6341 796599|+79649677764|stepanova233@mail.ru|237|2024-07-07|подано|бюджет
2811|36|Михайлова Наталья Александровна|9557 317626|+79012933501|mihaylova394@mail.ru|289|2024-06-23|подано|бюджет
2812|36|Макаров Роман Иванович|3401 556035|+79875256439|makarov324@mail.ru|285|2024-06-20|подано|бюджет
2813|36|Кузнецова Мария Романовна|8543 430349|+79543023630|kuznecova873@mail.ru|268|2024-07-14|отказ|контракт
2814|36|Волков Егор Романович|4169 990121|+79263805786|volkov587@mail.ru|241|2024-07-04|зачислен|бюджет
2815|36|Васильева Наталья Ильинична|3739 444237|+79610329049|vasileva290@mail.ru|288|2024-07-25|отказ|бюджет
2816|36|Козлова Ксения Алексеевна|6694 897471|+79144035758|kozlova168@mail.ru|256|2024-06-02|отказ|бюджет
2817|36|Фёдорова Ольга Артёмовна|2246 110663|+79922876801|fedorova522@mail.ru|300|2024-06-12|подано|бюджет
2818|36|Новикова Полина Андреевна|8565 844440|+79497580923|novikova115@mail.ru|238|2024-06-08|подано|бюджет
2819|36|Никитина Анна Ивановна|3269 536870|+79159285158|nikitina376@mail.ru|260|2024-07-19|отказ|бюджет
2820|36|Фёдорова Виктория Артёмовна|6154 202626|+79492628499|fedorova781@mail.ru|275|2024-07-23|отозвано|контракт
2821|36|Петрова Юлия Михайловна|7248 104743|+79656869582|petrova928@mail.ru|290|2024-07-21|отказ|контракт
2822|36|Соколов Артём Александрович|5424 303652|+79762777366|sokolov394@mail.ru|288|2024-06-10|отозвано|бюджет
2823|36|Никитин Роман Артёмович|9321 922804|+79487946463|nikitin820@mail.ru|239|2024-06-06|подано|бюджет
2824|36|Лебедев Михаил Романович|9887 672054|+79099449012|lebedev724@mail.ru|269|2024-07-07|отказ|бюджет
2825|36|Васильева София Ильинична|6392 610974|+79344137863|vasileva764@mail.ru|293|2024-07-14|отказ|бюджет
2826|36|Попов Дмитрий Романович|4330 817627|+79919001383|popov576@mail.ru|300|2024-06-04|отказ|бюджет
2827|36|Егоров Кирилл Сергеевич|9674 698966|+79527398513|egorov393@mail.ru|272|2024-06-04|отказ|бюджет
2828|36|Николаева Екатерина Ивановна|6003 302447|+79597702066|nikolaeva745@mail.ru|251|2024-07-02|зачислен|контракт
2829|36|Никитин Иван Михайлович|3985 514333|+79832177638|nikitin191@mail.ru|300|2024-06-06|отказ|бюджет
2830|36|Степанов Матвей Кириллович|3625 986683|+79939955082|stepanov454@mail.ru|237|2024-06-03|зачислен|бюджет
2831|36|Андреев Андрей Ильич|8674 706239|+79787940477|andreev179@mail.ru|275|2024-06-18|зачислен|бюджет
2832|36|Макарова Дарья Ильинична|5136 353428|+79787612199|makarova272@mail.ru|271|2024-07-04|отказ|контракт
2833|36|Новикова Мария Артёмовна|3838 634414|+79358718035|novikova956@mail.ru|284|2024-06-03|подано|бюджет
2834|36|Васильев Сергей Иванович|1465 483033|+79630709547|vasilev866@mail.ru|290|2024-07-18|зачислен|контракт
2835|36|Андреева Марина Алексеевна|7026 428595|+79381773197|andreeva619@mail.ru|300|2024-07-21|отказ|контракт
2836|36|Фёдоров Кирилл Ильич|6242 124186|+79329865372|fedorov212@mail.ru|251|2024-06-14|отказ|контракт
2837|36|Николаева Ольга Ивановна|5946 764077|+79540454472|nikolaeva379@mail.ru|250|2024-06-25|отозвано|бюджет
2838|36|Морозова Елизавета Ивановна|2479 404346|+79608592778|morozova632@mail.ru|244|2024-06-05|подано|бюджет
2839|36|Соколова Мария Максимовна|8286 383325|+79687671914|sokolova667@mail.ru|283|2024-06-02|зачислен|бюджет
2840|36|Михайлова Наталья Дмитриевна|1152 958730|+79349540060|mihaylova628@mail.ru|241|2024-06-04|отказ|контракт
2841|36|Смирнова Ксения Александровна|6143 170752|+79226993315|smirnova378@mail.ru|300|2024-07-01|зачислен|контракт
2842|36|Лебедев Иван Ильич|2443 731493|+79102450584|lebedev535@mail.ru|215|2024-06-23|зачислен|бюджет
2843|36|Кузнецова Екатерина Сергеевна|1204 585914|+79225920447|kuznecova522@mail.ru|283|2024-07-11|зачислен|бюджет
2844|36|Новиков Роман Алексеевич|4741 787247|+79406344657|novikov730@mail.ru|296|2024-06-20|отозвано|бюджет
2845|36|Иванова Анна Сергеевна|9098 252842|+79233531614|ivanova491@mail.ru|289|2024-06-07|зачислен|бюджет
2846|36|Алексеев Иван Алексеевич|9826 811560|+79923908793|alekseev548@mail.ru|275|2024-06-16|отказ|бюджет
2847|36|Макарова Виктория Дмитриевна|3697 721990|+79415392944|makarova688@mail.ru|285|2024-07-21|зачислен|бюджет
2848|36|Попов Никита Михайлович|5413 144425|+79175662183|popov670@mail.ru|236|2024-07-05|отказ|контракт
2849|36|Лебедева Марина Кирилловна|8067 318083|+79051078156|lebedeva701@mail.ru|276|2024-07-19|подано|контракт
2850|36|Михайлов Артём Михайлович|4772 520434|+79305681237|mihaylov286@mail.ru|241|2024-07-19|отказ|контракт
2851|36|Иванова Виктория Максимовна|8389 943114|+79054147838|ivanova885@mail.ru|283|2024-07-02|зачислен|бюджет
2852|36|Петров Никита Романович|1200 597689|+79020276355|petrov459@mail.ru|261|2024-06-02|зачислен|контракт
2853|36|Волкова Елизавета Кирилловна|1810 543414|+79975296791|volkova996@mail.ru|274|2024-07-18|отказ|бюджет
2854|36|Никитина Дарья Сергеевна|9156 750668|+79609089590|nikitina200@mail.ru|295|2024-06-09|отозвано|бюджет
2855|36|Егорова Мария Романовна|9787 632140|+79401119904|egorova272@mail.ru|284|2024-06-14|зачислен|бюджет
2856|36|Степанов Кирилл Артёмович|6859 459140|+79008888857|stepanov392@mail.ru|257|2024-07-13|отказ|контракт
2857|37|Фёдорова Марина Андреевна|3864 580995|+79506425312|fedorova247@mail.ru|210|2024-06-24|зачислен|бюджет
2858|37|Кузнецов Алексей Артёмович|5519 980408|+79082949551|kuznecov893@mail.ru|172|2024-07-08|зачислен|бюджет
2859|37|Волков Андрей Дмитриевич|5428 328068|+79180380897|volkov784@mail.ru|179|2024-07-02|отозвано|бюджет
2860|37|Михайлова Алиса Сергеевна|5477 671577|+79526919904|mihaylova495@mail.ru|180|2024-07-01|отказ|бюджет
2861|37|Андреева Виктория Михайловна|9790 693333|+79738563360|andreeva737@mail.ru|245|2024-07-22|отказ|бюджет
2862|37|Смирнова Екатерина Романовна|6159 586439|+79123470424|smirnova523@mail.ru|221|2024-07-14|зачислен|бюджет
2863|37|Фёдоров Андрей Александрович|4752 213262|+79466336572|fedorov494@mail.ru|200|2024-06-11|отказ|бюджет
2864|37|Волков Кирилл Максимович|8514 478891|+79511902102|volkov143@mail.ru|173|2024-06-04|подано|бюджет
2865|37|Новикова Татьяна Александровна|7852 243436|+79059609180|novikova538@mail.ru|189|2024-07-19|подано|бюджет
2866|37|Смирнов Артём Романович|3717 801408|+79137399595|smirnov864@mail.ru|151|2024-07-10|зачислен|бюджет
2867|37|Николаев Егор Ильич|1279 966971|+79822542287|nikolaev756@mail.ru|198|2024-07-11|отозвано|бюджет
2868|37|Соколов Никита Алексеевич|8786 410771|+79246757350|sokolov590@mail.ru|143|2024-07-20|отозвано|контракт
2869|37|Волков Никита Ильич|5367 416765|+79090561184|volkov949@mail.ru|209|2024-07-17|зачислен|контракт
2870|37|Иванов Егор Иванович|6448 532902|+79684693248|ivanov844@mail.ru|198|2024-07-21|зачислен|бюджет
2871|37|Егоров Артём Сергеевич|7706 416938|+79788630920|egorov268@mail.ru|199|2024-06-01|подано|контракт
2872|37|Морозов Сергей Михайлович|9899 664184|+79245239935|morozov592@mail.ru|163|2024-06-03|отказ|контракт
2873|37|Андреева Анастасия Алексеевна|3052 619798|+79506508591|andreeva614@mail.ru|208|2024-06-24|подано|бюджет
2874|37|Иванов Андрей Андреевич|3283 659630|+79671527352|ivanov753@mail.ru|159|2024-07-16|подано|бюджет
2875|37|Попов Максим Сергеевич|4258 635709|+79562525746|popov981@mail.ru|169|2024-07-04|отказ|бюджет
2876|37|Степанов Алексей Алексеевич|7268 579776|+79243658022|stepanov834@mail.ru|203|2024-06-06|подано|бюджет
2877|37|Морозов Михаил Михайлович|4439 179380|+79536721657|morozov665@mail.ru|221|2024-07-20|отказ|бюджет
2878|37|Фёдоров Андрей Александрович|8040 349221|+79749851157|fedorov539@mail.ru|196|2024-07-21|отказ|бюджет
2879|37|Новиков Максим Максимович|9588 924060|+79082546711|novikov159@mail.ru|187|2024-07-08|отказ|бюджет
2880|37|Петрова София Ильинична|5580 403805|+79597174008|petrova673@mail.ru|216|2024-07-17|отозвано|бюджет
2881|37|Новикова Марина Артёмовна|5107 564765|+79366562667|novikova403@mail.ru|165|2024-06-07|отозвано|бюджет
2882|37|Иванова Алиса Ивановна|8837 238927|+79318568140|ivanova918@mail.ru|159|2024-06-12|зачислен|бюджет
2883|37|Иванов Роман Артёмович|7644 364018|+79979671015|ivanov724@mail.ru|224|2024-06-23|зачислен|бюджет
2884|37|Никитин Никита Михайлович|3851 805909|+79904596679|nikitin798@mail.ru|212|2024-06-18|подано|контракт
2885|37|Андреев Матвей Романович|5709 877273|+79585945719|andreev946@mail.ru|213|2024-06-21|подано|бюджет
2886|37|Семёнова Ксения Ивановна|7780 718352|+79702559522|semenova913@mail.ru|168|2024-07-13|подано|контракт
2887|37|Павлова Мария Кирилловна|4890 340489|+79759492620|pavlova950@mail.ru|211|2024-06-21|отказ|бюджет
2888|37|Морозова Виктория Артёмовна|7306 873569|+79380638480|morozova345@mail.ru|198|2024-07-17|отказ|бюджет
2889|37|Морозов Сергей Артёмович|2961 137736|+79057399841|morozov553@mail.ru|197|2024-06-23|отказ|контракт
2890|37|Егоров Сергей Артёмович|7669 551216|+79185509982|egorov307@mail.ru|202|2024-07-06|отказ|бюджет
2891|37|Андреева Ольга Сергеевна|3109 854068|+79468269089|andreeva686@mail.ru|203|2024-07-04|зачислен|контракт
2892|37|Иванов Сергей Михайлович|6465 894306|+79264938207|ivanov497@mail.ru|199|2024-06-21|отозвано|бюджет
2893|37|Николаева Дарья Алексеевна|1092 400728|+79673910430|nikolaeva496@mail.ru|233|2024-07-14|зачислен|бюджет
2894|37|Соколова Елизавета Дмитриевна|8736 115750|+79260447758|sokolova567@mail.ru|169|2024-06-15|зачислен|бюджет
2895|37|Петрова Алиса Ильинична|5133 499034|+79995597195|petrova403@mail.ru|240|2024-07-16|зачислен|контракт
2896|37|Морозова София Артёмовна|2813 530148|+79131411501|morozova445@mail.ru|204|2024-06-08|подано|контракт
2897|37|Степанов Александр Михайлович|7680 521930|+79565830164|stepanov496@mail.ru|202|2024-06-12|отказ|бюджет
2898|37|Михайлов Александр Андреевич|5699 100257|+79444882055|mihaylov434@mail.ru|174|2024-07-11|отказ|бюджет
2899|37|Фёдорова Алиса Ивановна|1354 496447|+79032690760|fedorova942@mail.ru|188|2024-07-06|подано|контракт
2900|37|Волков Артём Максимович|9212 476050|+79914640707|volkov476@mail.ru|202|2024-06-19|отозвано|контракт
2901|37|Андреев Алексей Артёмович|5837 102897|+79253168691|andreev594@mail.ru|181|2024-07-05|отказ|бюджет
2902|37|Михайлов Алексей Андреевич|3071 946052|+79887661820|mihaylov918@mail.ru|176|2024-06-15|отказ|контракт
2903|37|Фёдорова Анастасия Кирилловна|2190 665122|+79600707490|fedorova365@mail.ru|209|2024-07-18|отказ|контракт
2904|37|Алексеева Алиса Кирилловна|2966 137446|+79611490337|alekseeva508@mail.ru|259|2024-07-16|подано|бюджет
2905|37|Андреев Максим Андреевич|6411 496575|+79580577946|andreev355@mail.ru|191|2024-07-08|зачислен|бюджет
2906|37|Никитина Дарья Сергеевна|8507 488545|+79014557273|nikitina993@mail.ru|152|2024-07-09|отказ|бюджет
2907|37|Фёдоров Кирилл Михайлович|3067 838708|+79967699764|fedorov150@mail.ru|182|2024-07-15|зачислен|бюджет
2908|37|Волков Максим Романович|7884 938479|+79443078077|volkov946@mail.ru|195|2024-06-22|зачислен|бюджет
2909|37|Орлова Ольга Ивановна|1528 371880|+79964016508|orlova876@mail.ru|196|2024-06-10|отозвано|контракт
2910|37|Павлов Арсений Артёмович|3460 635616|+79420833216|pavlov494@mail.ru|152|2024-07-05|зачислен|контракт
2911|37|Фёдоров Сергей Дмитриевич|1483 782609|+79299294135|fedorov161@mail.ru|211|2024-07-18|зачислен|бюджет
2912|37|Семёнов Сергей Алексеевич|3951 968352|+79541754800|semenov969@mail.ru|186|2024-06-14|отказ|бюджет
2913|37|Лебедева Татьяна Андреевна|3506 483160|+79624588842|lebedeva852@mail.ru|127|2024-06-06|отказ|контракт
2914|37|Смирнова Анна Сергеевна|8754 452806|+79674812539|smirnova127@mail.ru|175|2024-06-01|подано|контракт
2915|37|Волков Дмитрий Михайлович|5645 961739|+79658018258|volkov357@mail.ru|170|2024-06-02|отозвано|контракт
2916|37|Новиков Алексей Максимович|4472 305293|+79753627276|novikov295@mail.ru|180|2024-06-03|подано|бюджет
2917|37|Кузнецова Анна Ильинична|9312 335326|+79399642965|kuznecova409@mail.ru|188|2024-06-13|зачислен|контракт
2918|37|Волков Алексей Дмитриевич|8785 122181|+79102583564|volkov730@mail.ru|227|2024-06-25|зачислен|бюджет
2919|37|Смирнова Виктория Артёмовна|6485 681771|+79136521579|smirnova856@mail.ru|221|2024-06-06|отказ|бюджет
2920|37|Макаров Арсений Алексеевич|8969 664136|+79021292344|makarov455@mail.ru|195|2024-06-18|подано|бюджет
2921|37|Фёдоров Кирилл Александрович|1003 464516|+79595728426|fedorov426@mail.ru|223|2024-06-05|отказ|контракт
2922|37|Попова Полина Сергеевна|8864 639866|+79662630684|popova412@mail.ru|216|2024-07-07|отозвано|бюджет
2923|37|Васильева Ольга Андреевна|3331 640242|+79043049235|vasileva423@mail.ru|160|2024-07-05|подано|контракт
2924|37|Фёдоров Артём Дмитриевич|2924 363919|+79825918875|fedorov588@mail.ru|220|2024-06-01|подано|контракт
2925|37|Михайлов Кирилл Дмитриевич|2598 418779|+79906750146|mihaylov591@mail.ru|228|2024-06-17|отказ|контракт
2926|37|Павлова Марина Алексеевна|5258 674423|+79054350698|pavlova923@mail.ru|204|2024-07-14|отказ|бюджет
2927|37|Егорова Ксения Ильинична|2405 983125|+79020564753|egorova334@mail.ru|120|2024-06-14|зачислен|контракт
2928|37|Павлова Марина Андреевна|3180 313783|+79932357682|pavlova567@mail.ru|249|2024-07-02|зачислен|бюджет
2929|37|Смирнов Денис Дмитриевич|5253 153153|+79615617972|smirnov941@mail.ru|201|2024-06-07|отозвано|бюджет
2930|37|Егорова Мария Андреевна|6406 171322|+79460057929|egorova721@mail.ru|212|2024-06-25|зачислен|бюджет
2931|37|Семёнова Ксения Артёмовна|5550 169281|+79810319999|semenova576@mail.ru|182|2024-06-06|зачислен|бюджет
2932|37|Никитин Михаил Артёмович|8660 121546|+79933041891|nikitin655@mail.ru|195|2024-07-18|отказ|бюджет
2933|37|Лебедев Андрей Михайлович|8631 628916|+79836083039|lebedev529@mail.ru|187|2024-06-14|отказ|бюджет
2934|37|Лебедев Егор Александрович|5944 574428|+79808263497|lebedev861@mail.ru|211|2024-06-11|отказ|контракт
2935|37|Орлов Максим Романович|5796 613547|+79285382080|orlov433@mail.ru|184|2024-07-21|подано|бюджет
2936|37|Попов Никита Александрович|2588 316097|+79569327668|popov537@mail.ru|173|2024-06-14|зачислен|бюджет
2937|37|Макарова Дарья Александровна|7670 149270|+79148202009|makarova686@mail.ru|235|2024-06-24|отказ|контракт
2938|37|Алексеева Марина Максимовна|2553 263553|+79946621034|alekseeva726@mail.ru|193|2024-06-08|отказ|контракт
2939|37|Макаров Максим Михайлович|6478 251956|+79480265051|makarov695@mail.ru|249|2024-07-16|отозвано|бюджет
2940|37|Семёнов Иван Сергеевич|6907 233969|+79744942959|semenov160@mail.ru|166|2024-06-08|отказ|контракт
2941|37|Волкова Ксения Максимовна|6938 699921|+79267976800|volkova301@mail.ru|237|2024-07-13|отказ|бюджет
2942|37|Николаев Андрей Ильич|7947 412869|+79278325977|nikolaev354@mail.ru|150|2024-06-03|отказ|бюджет
2943|37|Смирнова Анна Александровна|7507 414257|+79280893215|smirnova533@mail.ru|183|2024-06-05|зачислен|бюджет
2944|37|Алексеева Марина Ильинична|3312 881602|+79929024317|alekseeva335@mail.ru|239|2024-06-16|отказ|бюджет
2945|37|Алексеева Татьяна Артёмовна|7928 481133|+79989460112|alekseeva379@mail.ru|163|2024-06-22|зачислен|бюджет
2946|37|Петрова Марина Сергеевна|3173 387294|+79240517734|petrova970@mail.ru|246|2024-06-25|подано|бюджет
2947|38|Фёдоров Михаил Михайлович|2435 603705|+79809234331|fedorov334@mail.ru|276|2024-06-04|отказ|бюджет
2948|38|Никитин Илья Сергеевич|2189 930517|+79342122734|nikitin491@mail.ru|300|2024-06-18|подано|бюджет
2949|38|Васильев Матвей Сергеевич|8619 421564|+79430958689|vasilev720@mail.ru|300|2024-07-12|зачислен|бюджет
2950|38|Кузнецова Ольга Кирилловна|2673 601161|+79007200186|kuznecova848@mail.ru|279|2024-07-06|отказ|бюджет
2951|38|Козлов Роман Романович|5408 450750|+79652653069|kozlov246@mail.ru|300|2024-07-04|отозвано|контракт
2952|38|Павлов Илья Артёмович|6566 141259|+79768096797|pavlov917@mail.ru|243|2024-07-02|зачислен|контракт
2953|38|Морозов Максим Сергеевич|1031 255681|+79470474207|morozov247@mail.ru|300|2024-06-12|отозвано|бюджет
2954|38|Иванова София Андреевна|6935 873257|+79293484370|ivanova105@mail.ru|280|2024-06-24|отказ|контракт
2955|38|Алексеев Михаил Михайлович|6263 268493|+79814577889|alekseev498@mail.ru|280|2024-06-13|зачислен|бюджет
2956|38|Макаров Матвей Алексеевич|3968 141785|+79165104357|makarov964@mail.ru|300|2024-07-13|зачислен|контракт
2957|38|Егоров Дмитрий Романович|1240 622149|+79043642299|egorov286@mail.ru|272|2024-06-06|подано|бюджет
2958|38|Волков Александр Алексеевич|6624 193007|+79107309648|volkov986@mail.ru|288|2024-06-08|подано|контракт
2959|38|Егоров Илья Алексеевич|9497 922405|+79024443376|egorov581@mail.ru|286|2024-07-08|отказ|контракт
2960|38|Никитина Юлия Максимовна|9679 597358|+79081805852|nikitina300@mail.ru|282|2024-07-22|зачислен|контракт
2961|38|Макарова Елизавета Ивановна|7071 728785|+79619395016|makarova617@mail.ru|278|2024-06-19|зачислен|контракт
2962|38|Степанов Кирилл Михайлович|9171 344994|+79971822341|stepanov362@mail.ru|242|2024-06-25|зачислен|бюджет
2963|38|Никитина София Ильинична|1930 136981|+79110899141|nikitina854@mail.ru|226|2024-06-19|зачислен|контракт
2964|38|Степанов Иван Дмитриевич|2613 279297|+79557643127|stepanov696@mail.ru|274|2024-06-12|отказ|контракт
2965|38|Егорова Анастасия Михайловна|9667 846651|+79636469374|egorova364@mail.ru|256|2024-07-24|отказ|контракт
2966|38|Фёдорова Елизавета Андреевна|5323 353769|+79501386576|fedorova367@mail.ru|281|2024-06-07|отказ|бюджет
2967|38|Козлов Арсений Александрович|2114 475711|+79138157014|kozlov913@mail.ru|274|2024-07-07|отказ|контракт
2968|38|Лебедева Ольга Александровна|9903 342485|+79532396892|lebedeva424@mail.ru|271|2024-07-01|подано|бюджет
2969|38|Попов Матвей Михайлович|9488 477901|+79029646560|popov651@mail.ru|300|2024-06-13|подано|контракт
2970|38|Морозова Елизавета Андреевна|3846 751969|+79234250408|morozova833@mail.ru|284|2024-07-03|отказ|бюджет
2971|38|Алексеев Алексей Сергеевич|5999 709821|+79159237641|alekseev653@mail.ru|300|2024-07-09|отказ|контракт
2972|38|Петрова Юлия Максимовна|8233 606336|+79397612222|petrova159@mail.ru|229|2024-06-07|отозвано|контракт
2973|38|Новикова Виктория Романовна|6667 547378|+79109639715|novikova499@mail.ru|242|2024-06-21|отозвано|бюджет
2974|38|Лебедева София Дмитриевна|6506 767847|+79022068183|lebedeva414@mail.ru|300|2024-07-23|зачислен|бюджет
2975|38|Иванова Татьяна Дмитриевна|6232 624360|+79479837627|ivanova594@mail.ru|287|2024-07-14|подано|контракт
2976|38|Михайлова Ольга Ильинична|2001 766482|+79918848964|mihaylova362@mail.ru|279|2024-07-10|подано|бюджет
2977|38|Морозова Полина Ивановна|8525 383776|+79829664717|morozova677@mail.ru|246|2024-07-15|подано|бюджет
2978|38|Морозов Артём Михайлович|9210 533693|+79427484027|morozov109@mail.ru|300|2024-06-13|подано|контракт
2979|38|Никитин Дмитрий Сергеевич|4480 958107|+79995534217|nikitin639@mail.ru|262|2024-07-04|зачислен|контракт
2980|38|Волков Иван Ильич|3895 259597|+79081167504|volkov308@mail.ru|266|2024-06-18|отозвано|бюджет
2981|38|Михайлова Алиса Кирилловна|3529 221595|+79130051807|mihaylova684@mail.ru|296|2024-07-17|зачислен|бюджет
2982|38|Фёдоров Сергей Александрович|7699 907883|+79517830672|fedorov733@mail.ru|237|2024-07-18|отказ|бюджет
2983|38|Павлов Денис Артёмович|3573 459241|+79904220998|pavlov123@mail.ru|263|2024-07-04|подано|бюджет
2984|38|Козлов Денис Александрович|4842 443845|+79946026948|kozlov986@mail.ru|247|2024-07-20|отказ|бюджет
2985|38|Фёдорова Ксения Кирилловна|9441 254086|+79849566951|fedorova677@mail.ru|300|2024-06-01|подано|контракт
2986|38|Павлов Денис Артёмович|8980 960053|+79641282721|pavlov767@mail.ru|283|2024-06-13|отозвано|бюджет
2987|38|Никитина Виктория Ивановна|5801 693304|+79502957700|nikitina332@mail.ru|258|2024-07-07|зачислен|контракт
2988|38|Кузнецова Мария Ильинична|5577 109693|+79720356900|kuznecova873@mail.ru|300|2024-07-20|зачислен|бюджет
2989|38|Степанов Илья Андреевич|3224 975580|+79764535037|stepanov300@mail.ru|263|2024-07-15|зачислен|бюджет
2990|38|Петрова Елизавета Ильинична|1360 314236|+79621305300|petrova758@mail.ru|300|2024-07-20|зачислен|контракт
2991|38|Михайлова София Александровна|2601 997748|+79866466411|mihaylova709@mail.ru|300|2024-07-07|зачислен|бюджет
2992|38|Михайлова Виктория Алексеевна|6483 259708|+79051802430|mihaylova586@mail.ru|281|2024-06-10|отозвано|бюджет
2993|38|Никитин Егор Иванович|1222 507034|+79803810910|nikitin354@mail.ru|249|2024-06-04|отказ|бюджет
2994|38|Никитин Роман Максимович|5335 412404|+79449291128|nikitin631@mail.ru|286|2024-07-04|подано|бюджет
2995|38|Андреев Артём Сергеевич|6240 335644|+79442562866|andreev408@mail.ru|300|2024-06-04|зачислен|бюджет
2996|38|Попова Алиса Дмитриевна|6027 984819|+79244567770|popova521@mail.ru|300|2024-07-08|отказ|контракт
2997|38|Андреева Ольга Михайловна|2488 910404|+79656066299|andreeva368@mail.ru|287|2024-07-07|зачислен|контракт
2998|38|Орлова София Михайловна|5673 432632|+79138068233|orlova147@mail.ru|261|2024-07-08|подано|контракт
2999|38|Попова Ксения Михайловна|7854 846132|+79187574807|popova284@mail.ru|291|2024-07-23|зачислен|контракт
3000|38|Козлов Матвей Ильич|2487 602967|+79665267929|kozlov687@mail.ru|236|2024-07-25|подано|контракт
3001|38|Лебедева Виктория Кирилловна|9117 524116|+79131121720|lebedeva727@mail.ru|248|2024-06-15|отказ|бюджет
3002|38|Кузнецов Андрей Сергеевич|4480 216020|+79029852086|kuznecov293@mail.ru|288|2024-06-04|зачислен|контракт
3003|38|Новиков Артём Иванович|3814 337707|+79438238458|novikov946@mail.ru|300|2024-07-15|отозвано|контракт
3004|38|Андреев Алексей Андреевич|9607 957647|+79237127981|andreev511@mail.ru|289|2024-06-04|зачислен|бюджет
3005|38|Николаев Артём Сергеевич|1606 269944|+79389890038|nikolaev346@mail.ru|255|2024-06-11|отозвано|контракт
3006|38|Фёдоров Сергей Максимович|6595 176553|+79938659144|fedorov602@mail.ru|284|2024-06-24|отказ|бюджет
3007|38|Попова Наталья Александровна|1014 348347|+79833225587|popova888@mail.ru|287|2024-07-02|отказ|бюджет
3008|38|Павлова Анна Максимовна|9073 112369|+79061180124|pavlova563@mail.ru|275|2024-06-18|отказ|бюджет
3009|38|Соколова Анна Дмитриевна|7316 788658|+79660330490|sokolova300@mail.ru|300|2024-07-22|отказ|бюджет
3010|38|Морозов Никита Михайлович|2917 580948|+79705755545|morozov814@mail.ru|268|2024-06-11|отказ|бюджет
3011|38|Семёнов Арсений Кириллович|9846 699031|+79187550483|semenov252@mail.ru|300|2024-06-13|отказ|бюджет
3012|38|Лебедев Максим Артёмович|9939 239618|+79163909966|lebedev725@mail.ru|278|2024-07-08|отказ|бюджет
3013|38|Козлова Анна Ивановна|3456 996698|+79529518994|kozlova513@mail.ru|275|2024-07-15|отказ|бюджет
3014|38|Козлов Максим Александрович|5348 223117|+79594749756|kozlov846@mail.ru|243|2024-07-14|подано|контракт
3015|38|Семёнова Ольга Андреевна|1722 455652|+79153186052|semenova304@mail.ru|226|2024-07-22|отказ|бюджет
3016|38|Алексеева Марина Романовна|3348 371652|+79476796216|alekseeva511@mail.ru|286|2024-06-20|отказ|контракт
3017|38|Васильева Наталья Александровна|1232 228888|+79007394509|vasileva762@mail.ru|292|2024-06-01|отказ|бюджет
3018|38|Васильев Арсений Дмитриевич|1140 357064|+79590119573|vasilev454@mail.ru|273|2024-06-10|отказ|бюджет
3019|38|Кузнецов Александр Михайлович|7314 455427|+79246723803|kuznecov483@mail.ru|276|2024-06-09|отказ|бюджет
3020|38|Морозова Марина Александровна|6360 955078|+79574843537|morozova219@mail.ru|300|2024-06-09|отказ|бюджет
3021|38|Морозов Дмитрий Алексеевич|8923 328485|+79332297816|morozov226@mail.ru|247|2024-06-20|зачислен|контракт
3022|38|Васильев Андрей Сергеевич|2498 670176|+79210910529|vasilev189@mail.ru|300|2024-07-18|зачислен|бюджет
3023|38|Лебедева Мария Алексеевна|8329 683398|+79050201415|lebedeva310@mail.ru|257|2024-07-17|отказ|бюджет
3024|38|Кузнецова Анастасия Александровна|5815 965600|+79390526680|kuznecova932@mail.ru|300|2024-07-13|подано|бюджет
3025|38|Попова Алиса Алексеевна|8443 777935|+79581486699|popova745@mail.ru|256|2024-06-14|зачислен|бюджет
3026|38|Егоров Михаил Дмитриевич|9014 139058|+79113366747|egorov226@mail.ru|300|2024-07-05|отказ|бюджет
3027|38|Алексеев Кирилл Дмитриевич|6457 680864|+79729287278|alekseev326@mail.ru|275|2024-06-05|отказ|контракт
3028|38|Соколов Артём Максимович|4052 142203|+79945742028|sokolov112@mail.ru|265|2024-07-07|отозвано|бюджет
3029|38|Семёнов Михаил Алексеевич|9904 582160|+79315854112|semenov997@mail.ru|266|2024-07-19|отказ|контракт
3030|38|Алексеев Андрей Ильич|5569 579637|+79258063933|alekseev930@mail.ru|251|2024-06-17|подано|бюджет
3031|38|Соколов Кирилл Артёмович|5121 285102|+79476975442|sokolov215@mail.ru|292|2024-06-04|отказ|бюджет
3032|38|Андреев Никита Андреевич|3936 554746|+79550309634|andreev985@mail.ru|242|2024-07-21|отказ|бюджет
3033|38|Степанов Иван Дмитриевич|6219 686322|+79431845236|stepanov196@mail.ru|266|2024-06-05|зачислен|бюджет
3034|38|Новикова Ксения Ильинична|6779 576412|+79144046227|novikova477@mail.ru|244|2024-06-07|отказ|бюджет
3035|38|Алексеева Полина Михайловна|8059 376796|+79742295083|alekseeva831@mail.ru|266|2024-06-02|отказ|бюджет
3036|38|Алексеев Денис Кириллович|6719 756642|+79459237453|alekseev475@mail.ru|300|2024-07-06|отказ|бюджет
3037|38|Морозова Наталья Андреевна|1538 857727|+79954456432|morozova342@mail.ru|294|2024-06-10|подано|бюджет
3038|38|Смирнова Елизавета Романовна|5620 768359|+79375273559|smirnova776@mail.ru|270|2024-06-20|зачислен|контракт
3039|38|Смирнов Алексей Максимович|4829 671363|+79077886099|smirnov201@mail.ru|275|2024-07-05|подано|бюджет
3040|38|Васильева Дарья Алексеевна|6165 729235|+79874697038|vasileva788@mail.ru|270|2024-07-11|отказ|контракт
3041|38|Васильев Андрей Михайлович|9280 496943|+79745007076|vasilev784@mail.ru|271|2024-06-07|отказ|бюджет
3042|38|Попов Иван Александрович|7904 652452|+79554709340|popov480@mail.ru|267|2024-07-16|отказ|контракт
3043|38|Макаров Роман Романович|4696 423657|+79042232043|makarov656@mail.ru|293|2024-07-25|подано|бюджет
3044|38|Морозов Егор Александрович|3812 767461|+79633031246|morozov261@mail.ru|294|2024-07-07|отозвано|бюджет
3045|38|Степанов Артём Сергеевич|6021 484144|+79984431094|stepanov770@mail.ru|266|2024-07-17|зачислен|бюджет
3046|38|Соколова Юлия Дмитриевна|3572 676228|+79961954131|sokolova130@mail.ru|266|2024-07-16|отказ|бюджет
3047|38|Семёнова Алиса Кирилловна|4577 152697|+79292988235|semenova373@mail.ru|300|2024-07-02|зачислен|бюджет
3048|38|Морозова Екатерина Дмитриевна|6545 505653|+79854156821|morozova329@mail.ru|262|2024-06-13|подано|бюджет
3049|39|Фёдорова Мария Максимовна|5163 146374|+79998370671|fedorova783@mail.ru|225|2024-07-23|зачислен|бюджет
3050|39|Андреева Елизавета Сергеевна|1078 409780|+79232558425|andreeva659@mail.ru|177|2024-06-05|отозвано|контракт
3051|39|Макаров Арсений Иванович|3961 449749|+79633920719|makarov229@mail.ru|177|2024-06-21|отказ|бюджет
3052|39|Павлов Михаил Максимович|5617 610213|+79019559375|pavlov156@mail.ru|187|2024-06-22|подано|контракт
3053|39|Михайлов Андрей Ильич|4068 659678|+79487803547|mihaylov552@mail.ru|194|2024-06-25|зачислен|контракт
3054|39|Орлова Марина Михайловна|7718 710624|+79925745553|orlova790@mail.ru|164|2024-06-14|отказ|контракт
3055|39|Лебедев Сергей Дмитриевич|8135 216434|+79974927444|lebedev599@mail.ru|173|2024-07-09|зачислен|бюджет
3056|39|Никитин Алексей Дмитриевич|7521 635898|+79816661073|nikitin987@mail.ru|178|2024-07-02|отказ|контракт
3057|39|Иванов Сергей Сергеевич|3493 777163|+79389590665|ivanov282@mail.ru|155|2024-06-24|отказ|бюджет
3058|39|Кузнецов Арсений Андреевич|8839 570595|+79756242745|kuznecov518@mail.ru|153|2024-06-08|отказ|бюджет
3059|39|Соколова Полина Александровна|7041 388648|+79960495150|sokolova942@mail.ru|242|2024-06-03|отказ|бюджет
3060|39|Степанова Виктория Сергеевна|8810 520109|+79254070256|stepanova622@mail.ru|242|2024-06-16|зачислен|контракт
3061|39|Волкова Татьяна Романовна|9039 451628|+79373067148|volkova402@mail.ru|169|2024-06-22|зачислен|бюджет
3062|39|Орлова Ксения Ивановна|9928 817863|+79237847870|orlova838@mail.ru|214|2024-06-20|подано|бюджет
3063|39|Николаев Денис Романович|4769 537641|+79621495655|nikolaev942@mail.ru|139|2024-06-15|отказ|бюджет
3064|39|Макаров Михаил Кириллович|2594 511451|+79673165727|makarov411@mail.ru|160|2024-07-09|отказ|бюджет
3065|39|Егоров Артём Дмитриевич|8990 690687|+79272271294|egorov744@mail.ru|151|2024-06-08|отказ|контракт
3066|39|Никитин Артём Артёмович|8262 807216|+79254169886|nikitin867@mail.ru|224|2024-06-07|отказ|бюджет
3067|39|Семёнова Ольга Ильинична|3139 941961|+79947094298|semenova145@mail.ru|191|2024-07-25|подано|контракт
3068|39|Петров Арсений Андреевич|1951 337244|+79394754240|petrov991@mail.ru|122|2024-07-19|отказ|контракт
3069|39|Макаров Андрей Дмитриевич|3803 442300|+79879563513|makarov657@mail.ru|152|2024-07-16|отказ|контракт
3070|39|Новиков Алексей Кириллович|8019 840470|+79657777408|novikov920@mail.ru|143|2024-06-19|отказ|бюджет
3071|39|Васильев Александр Ильич|7011 112318|+79536341731|vasilev461@mail.ru|167|2024-06-17|зачислен|бюджет
3072|39|Николаев Роман Артёмович|2779 381110|+79067578820|nikolaev751@mail.ru|223|2024-07-10|отказ|бюджет
3073|39|Волкова Полина Александровна|2449 595897|+79478122033|volkova689@mail.ru|163|2024-07-23|отказ|бюджет
3074|39|Новиков Алексей Ильич|3659 372308|+79542649317|novikov481@mail.ru|218|2024-07-22|отказ|бюджет
3075|39|Иванова Татьяна Ивановна|1258 144195|+79134037504|ivanova830@mail.ru|192|2024-07-11|отказ|бюджет
3076|39|Павлов Артём Артёмович|4184 313972|+79690482794|pavlov163@mail.ru|173|2024-07-18|отказ|контракт
3077|39|Орлова Анна Кирилловна|3266 427174|+79200471885|orlova591@mail.ru|120|2024-06-07|подано|контракт
3078|39|Николаев Максим Михайлович|2413 254667|+79393185076|nikolaev824@mail.ru|194|2024-07-21|отказ|бюджет
3079|39|Макарова Виктория Александровна|9248 778249|+79145472097|makarova795@mail.ru|144|2024-06-07|зачислен|бюджет
3080|39|Павлова Виктория Алексеевна|9180 250038|+79035322088|pavlova929@mail.ru|158|2024-07-21|зачислен|контракт
3081|39|Степанова София Романовна|6160 602408|+79209609858|stepanova651@mail.ru|120|2024-07-22|отказ|бюджет
3082|39|Макарова Дарья Кирилловна|9068 896752|+79508514675|makarova851@mail.ru|161|2024-06-02|подано|бюджет
3083|39|Фёдоров Роман Ильич|3241 935804|+79525042838|fedorov588@mail.ru|183|2024-07-21|отказ|бюджет
3084|39|Иванов Алексей Максимович|5684 222389|+79555666613|ivanov307@mail.ru|176|2024-06-10|отказ|бюджет
3085|39|Попов Егор Иванович|6840 348993|+79845119396|popov131@mail.ru|120|2024-06-14|отказ|бюджет
3086|39|Павлова Анна Михайловна|2821 215301|+79647673657|pavlova380@mail.ru|196|2024-07-14|отозвано|бюджет
3087|39|Иванов Арсений Сергеевич|4166 972268|+79256911858|ivanov706@mail.ru|188|2024-06-24|отказ|бюджет
3088|39|Иванова София Александровна|4157 615900|+79480321407|ivanova576@mail.ru|185|2024-07-17|зачислен|бюджет
3089|39|Васильева Мария Кирилловна|6559 651605|+79596659852|vasileva426@mail.ru|143|2024-07-25|отказ|контракт
3090|39|Лебедева Екатерина Андреевна|9258 898433|+79841090808|lebedeva745@mail.ru|139|2024-06-17|отказ|контракт
3091|39|Павлов Матвей Ильич|2050 231357|+79594582555|pavlov796@mail.ru|188|2024-06-21|отказ|бюджет
3092|39|Семёнова София Дмитриевна|2576 845871|+79066527157|semenova681@mail.ru|183|2024-06-14|отказ|бюджет
3093|39|Никитина Екатерина Ивановна|6885 408982|+79126379542|nikitina820@mail.ru|196|2024-06-20|отказ|бюджет
3094|39|Семёнов Денис Ильич|8307 254397|+79540734219|semenov831@mail.ru|201|2024-07-08|подано|бюджет
3095|39|Попова София Александровна|7444 139426|+79206774117|popova411@mail.ru|167|2024-07-02|зачислен|контракт
3096|39|Алексеева Татьяна Михайловна|9748 870547|+79431499663|alekseeva975@mail.ru|191|2024-07-04|отказ|контракт
3097|39|Смирнова Татьяна Михайловна|5791 187477|+79553149881|smirnova415@mail.ru|187|2024-06-02|подано|бюджет
3098|39|Васильева Марина Ильинична|1357 781700|+79174774802|vasileva936@mail.ru|154|2024-07-25|отказ|бюджет
3099|39|Фёдорова Наталья Романовна|4050 729664|+79311495804|fedorova254@mail.ru|223|2024-06-20|отказ|контракт
3100|39|Морозов Арсений Иванович|1444 311274|+79567596149|morozov610@mail.ru|190|2024-06-13|зачислен|бюджет
3101|39|Попов Алексей Артёмович|3340 207579|+79025630462|popov725@mail.ru|207|2024-06-07|отказ|контракт
3102|39|Орлов Роман Иванович|4061 672155|+79905230909|orlov459@mail.ru|183|2024-06-01|отозвано|бюджет
3103|39|Васильев Сергей Алексеевич|9869 690681|+79188940045|vasilev728@mail.ru|212|2024-06-01|подано|бюджет
3104|39|Орлова Алиса Александровна|3312 335578|+79505817454|orlova740@mail.ru|176|2024-07-13|подано|контракт
3105|39|Андреева Анна Ивановна|9510 107908|+79682765437|andreeva659@mail.ru|174|2024-07-10|отозвано|бюджет
3106|39|Никитина Татьяна Ивановна|6648 708684|+79008138852|nikitina500@mail.ru|138|2024-06-24|подано|контракт
3107|39|Волкова Татьяна Алексеевна|8571 714681|+79030674571|volkova314@mail.ru|199|2024-07-02|отказ|контракт
3108|39|Семёнов Роман Алексеевич|1615 788352|+79920966632|semenov319@mail.ru|195|2024-06-10|отозвано|бюджет
3109|39|Никитин Роман Алексеевич|9657 450452|+79928674844|nikitin265@mail.ru|187|2024-06-02|отказ|контракт
3110|39|Волкова София Алексеевна|5522 671730|+79159194268|volkova922@mail.ru|214|2024-06-22|зачислен|бюджет
3111|39|Морозова Юлия Ильинична|7526 488041|+79158015338|morozova236@mail.ru|190|2024-06-23|отозвано|контракт
3112|39|Васильев Сергей Кириллович|6232 191709|+79364581051|vasilev941@mail.ru|151|2024-07-04|отказ|бюджет
3113|39|Николаева Екатерина Романовна|1002 335245|+79556687478|nikolaeva664@mail.ru|170|2024-07-17|зачислен|контракт
3114|39|Попова Марина Кирилловна|4012 981805|+79676070876|popova522@mail.ru|194|2024-07-10|отказ|контракт
3115|39|Новиков Роман Артёмович|2447 947360|+79800432950|novikov462@mail.ru|186|2024-06-11|отказ|бюджет
3116|39|Попов Дмитрий Ильич|1872 674788|+79389332756|popov839@mail.ru|185|2024-06-06|отказ|бюджет
3117|39|Морозов Андрей Романович|3508 673657|+79136750132|morozov290@mail.ru|206|2024-06-24|отказ|бюджет
3118|39|Попов Матвей Сергеевич|4185 146107|+79000678629|popov396@mail.ru|189|2024-07-16|подано|бюджет
3119|39|Фёдорова Юлия Андреевна|5954 983823|+79136214534|fedorova640@mail.ru|166|2024-06-18|отозвано|контракт
3120|39|Васильева Марина Сергеевна|2698 247101|+79083971192|vasileva882@mail.ru|184|2024-07-11|зачислен|бюджет
3121|39|Степанова Наталья Романовна|8056 193115|+79016618177|stepanova548@mail.ru|192|2024-06-23|зачислен|бюджет
3122|39|Алексеева Ксения Артёмовна|1789 806558|+79166823976|alekseeva119@mail.ru|162|2024-07-17|отказ|бюджет
3123|39|Андреева Юлия Сергеевна|4142 541721|+79975321750|andreeva127@mail.ru|182|2024-06-25|подано|контракт
3124|39|Козлова Екатерина Александровна|4555 588474|+79799228489|kozlova543@mail.ru|216|2024-07-08|зачислен|контракт
3125|39|Лебедева Елизавета Сергеевна|9799 535457|+79563129786|lebedeva586@mail.ru|175|2024-06-01|зачислен|бюджет
3126|39|Соколова Екатерина Сергеевна|4585 885093|+79159104333|sokolova651@mail.ru|206|2024-07-02|подано|бюджет
3127|39|Фёдорова Юлия Дмитриевна|2455 760674|+79501042095|fedorova623@mail.ru|231|2024-06-14|отказ|контракт
3128|39|Макарова Ксения Романовна|5007 261801|+79422773862|makarova687@mail.ru|160|2024-06-12|зачислен|контракт
3129|39|Михайлова Мария Алексеевна|9498 580829|+79230524427|mihaylova207@mail.ru|184|2024-06-07|отозвано|бюджет
3130|40|Николаев Матвей Иванович|8810 651097|+79346792330|nikolaev741@mail.ru|167|2025-06-04|зачислен|бюджет
3131|40|Егорова Дарья Дмитриевна|8543 976382|+79576107204|egorova184@mail.ru|140|2025-07-10|отказ|бюджет
3132|40|Егорова Ксения Ильинична|3379 735437|+79509857045|egorova548@mail.ru|123|2025-06-06|отозвано|бюджет
3133|40|Новикова Дарья Сергеевна|3295 877048|+79474927900|novikova447@mail.ru|194|2025-06-08|зачислен|бюджет
3134|40|Волкова Елизавета Андреевна|7840 509380|+79200916504|volkova382@mail.ru|152|2025-07-24|отказ|бюджет
3135|40|Козлов Андрей Алексеевич|9760 191780|+79580840919|kozlov484@mail.ru|210|2025-06-20|подано|бюджет
3136|40|Волкова Юлия Ивановна|4629 723501|+79244693057|volkova321@mail.ru|199|2025-06-01|зачислен|бюджет
3137|40|Васильев Сергей Сергеевич|1659 313042|+79942729797|vasilev426@mail.ru|167|2025-06-10|подано|бюджет
3138|40|Степанов Илья Максимович|2984 877206|+79390647570|stepanov475@mail.ru|185|2025-07-16|отказ|бюджет
3139|40|Морозов Арсений Романович|6820 488967|+79662595415|morozov532@mail.ru|189|2025-07-22|подано|контракт
3140|40|Макаров Андрей Иванович|3130 730506|+79866598774|makarov859@mail.ru|184|2025-06-07|отказ|контракт
3141|40|Семёнова Юлия Алексеевна|9141 144901|+79928320937|semenova390@mail.ru|153|2025-07-04|отказ|бюджет
3142|40|Попов Илья Алексеевич|2049 108977|+79188763421|popov297@mail.ru|202|2025-07-04|отказ|бюджет
3143|40|Морозов Никита Александрович|3696 259535|+79816733899|morozov359@mail.ru|135|2025-07-01|отозвано|бюджет
3144|40|Петрова Татьяна Алексеевна|9858 533580|+79349891624|petrova299@mail.ru|161|2025-07-02|отказ|бюджет
3145|40|Николаева Анна Дмитриевна|1493 109229|+79814266780|nikolaeva363@mail.ru|170|2025-07-15|отказ|бюджет
3146|40|Орлов Денис Сергеевич|5059 147427|+79895928377|orlov503@mail.ru|135|2025-07-22|отказ|контракт
3147|40|Семёнов Андрей Александрович|1857 903552|+79887010481|semenov924@mail.ru|180|2025-07-07|подано|бюджет
3148|40|Степанова Полина Михайловна|7119 693890|+79479184318|stepanova235@mail.ru|163|2025-07-14|подано|контракт
3149|40|Васильев Никита Ильич|3495 373103|+79811796772|vasilev105@mail.ru|163|2025-07-06|зачислен|контракт
3150|40|Иванова Анастасия Ильинична|8700 230177|+79387754314|ivanova193@mail.ru|193|2025-07-14|подано|контракт
3151|40|Морозов Денис Сергеевич|8482 724175|+79637150411|morozov220@mail.ru|222|2025-07-19|подано|бюджет
3152|40|Фёдорова Анастасия Алексеевна|2275 713382|+79839697036|fedorova600@mail.ru|204|2025-07-21|зачислен|бюджет
3153|40|Лебедев Матвей Иванович|5991 814502|+79490163248|lebedev900@mail.ru|168|2025-06-09|подано|контракт
3154|40|Степанов Илья Кириллович|9611 767223|+79356307829|stepanov456@mail.ru|154|2025-06-07|отозвано|бюджет
3155|40|Степанова Дарья Романовна|2681 653017|+79725605276|stepanova718@mail.ru|137|2025-07-03|подано|бюджет
3156|40|Новиков Арсений Артёмович|9210 460140|+79512135134|novikov414@mail.ru|136|2025-07-24|подано|бюджет
3157|40|Степанова Виктория Романовна|9778 201296|+79480738843|stepanova577@mail.ru|221|2025-07-16|зачислен|бюджет
3158|40|Васильев Максим Ильич|5608 692341|+79324816160|vasilev237@mail.ru|209|2025-06-17|отказ|бюджет
3159|40|Степанова Ольга Дмитриевна|6389 954278|+79771578731|stepanova105@mail.ru|145|2025-07-22|отказ|бюджет
3160|40|Егорова Алиса Дмитриевна|3160 588726|+79376698880|egorova832@mail.ru|194|2025-07-02|отказ|бюджет
3161|40|Михайлов Иван Александрович|6341 323631|+79401866996|mihaylov365@mail.ru|153|2025-07-20|отказ|контракт
3162|40|Никитина Юлия Артёмовна|9561 880931|+79523934124|nikitina693@mail.ru|125|2025-07-24|зачислен|бюджет
3163|40|Андреева Алиса Ивановна|2126 708352|+79789909468|andreeva808@mail.ru|206|2025-07-09|отозвано|бюджет
3164|40|Фёдоров Михаил Максимович|6680 322755|+79228257815|fedorov386@mail.ru|178|2025-07-15|отказ|бюджет
3165|40|Михайлова Юлия Артёмовна|3190 763417|+79243722518|mihaylova573@mail.ru|170|2025-06-10|отказ|бюджет
3166|40|Васильев Егор Михайлович|4980 306217|+79737477071|vasilev266@mail.ru|171|2025-06-09|зачислен|бюджет
3167|40|Волков Алексей Андреевич|8671 935673|+79092028756|volkov771@mail.ru|166|2025-07-07|зачислен|бюджет
3168|40|Кузнецов Иван Андреевич|5364 842638|+79382724085|kuznecov156@mail.ru|147|2025-06-01|подано|бюджет
3169|40|Иванов Андрей Иванович|7575 955441|+79990340139|ivanov280@mail.ru|177|2025-06-12|отозвано|контракт
3170|40|Алексеев Матвей Дмитриевич|9935 698382|+79966204550|alekseev825@mail.ru|215|2025-06-16|зачислен|бюджет
3171|40|Павлова Анастасия Сергеевна|6509 333593|+79932690840|pavlova161@mail.ru|185|2025-06-06|подано|контракт
3172|40|Семёнов Матвей Сергеевич|6477 840961|+79366355719|semenov631@mail.ru|201|2025-07-20|зачислен|бюджет
3173|40|Соколова Татьяна Романовна|6358 728982|+79999328831|sokolova970@mail.ru|191|2025-06-14|отказ|бюджет
3174|40|Лебедева Юлия Михайловна|8539 700631|+79640630830|lebedeva479@mail.ru|159|2025-06-01|отказ|бюджет
3175|40|Морозова Марина Дмитриевна|8207 353615|+79932506876|morozova862@mail.ru|185|2025-07-19|отказ|бюджет
3176|40|Фёдорова Анна Максимовна|1085 964527|+79450590092|fedorova214@mail.ru|131|2025-07-16|зачислен|бюджет
3177|40|Соколов Андрей Алексеевич|2063 190597|+79090979680|sokolov279@mail.ru|177|2025-07-03|зачислен|бюджет
3178|40|Павлов Сергей Иванович|4260 574491|+79800370215|pavlov885@mail.ru|192|2025-07-13|отказ|бюджет
3179|40|Козлова Татьяна Михайловна|2702 758857|+79583910383|kozlova888@mail.ru|128|2025-07-17|подано|бюджет
3180|40|Морозова Наталья Артёмовна|4216 864307|+79005552312|morozova946@mail.ru|199|2025-06-22|отказ|контракт
3181|40|Козлов Андрей Иванович|7413 871209|+79559032054|kozlov139@mail.ru|120|2025-07-12|отказ|бюджет
3182|40|Козлов Илья Михайлович|4933 654755|+79177784272|kozlov629@mail.ru|156|2025-06-13|отозвано|бюджет
3183|40|Орлова Ксения Сергеевна|7420 926452|+79934917983|orlova925@mail.ru|178|2025-07-06|подано|бюджет
3184|40|Семёнова Алиса Ильинична|6846 826699|+79308120860|semenova845@mail.ru|156|2025-06-16|зачислен|бюджет
3185|40|Кузнецова Алиса Кирилловна|2088 744404|+79564674249|kuznecova756@mail.ru|242|2025-07-10|отказ|бюджет
3186|40|Иванова Ольга Ивановна|7736 611432|+79243196367|ivanova927@mail.ru|188|2025-06-07|отказ|бюджет
3187|40|Кузнецова Виктория Романовна|9151 608769|+79032288850|kuznecova709@mail.ru|177|2025-06-17|подано|контракт
3188|40|Алексеева Виктория Ивановна|4306 687223|+79787219897|alekseeva405@mail.ru|239|2025-06-13|отказ|бюджет
3189|40|Кузнецова Елизавета Дмитриевна|3021 643317|+79957884092|kuznecova202@mail.ru|155|2025-07-06|отказ|контракт
3190|40|Волков Никита Андреевич|5452 446211|+79111288660|volkov260@mail.ru|252|2025-07-09|зачислен|бюджет
3191|40|Смирнов Дмитрий Михайлович|2456 373077|+79086234014|smirnov962@mail.ru|176|2025-07-07|подано|бюджет
3192|40|Павлов Илья Андреевич|1408 285801|+79703271411|pavlov953@mail.ru|177|2025-06-01|отозвано|контракт
3193|40|Орлов Илья Максимович|2576 359038|+79346768337|orlov449@mail.ru|213|2025-07-07|зачислен|бюджет
3194|40|Михайлов Дмитрий Романович|6024 371060|+79194147860|mihaylov544@mail.ru|192|2025-06-20|отказ|бюджет
3195|40|Васильева Марина Андреевна|3307 938773|+79461948723|vasileva654@mail.ru|189|2025-07-16|подано|бюджет
3196|40|Никитина Юлия Дмитриевна|2203 219543|+79383612944|nikitina561@mail.ru|197|2025-06-09|зачислен|контракт
3197|40|Морозов Роман Ильич|2768 991725|+79804980048|morozov492@mail.ru|228|2025-07-18|отказ|контракт
3198|40|Фёдорова Виктория Кирилловна|9072 660064|+79310166539|fedorova409@mail.ru|211|2025-06-08|отозвано|бюджет
3199|40|Попова Анастасия Сергеевна|8642 293249|+79382891651|popova264@mail.ru|244|2025-07-24|отказ|бюджет
3200|40|Семёнова Татьяна Сергеевна|9913 152946|+79051929487|semenova698@mail.ru|167|2025-07-23|зачислен|контракт
3201|40|Фёдорова Марина Сергеевна|9926 997087|+79244439726|fedorova772@mail.ru|161|2025-06-03|зачислен|бюджет
3202|40|Степанов Денис Артёмович|7800 625938|+79925803025|stepanov886@mail.ru|154|2025-07-11|отказ|бюджет
3203|40|Павлова Анастасия Александровна|1305 619051|+79179075637|pavlova597@mail.ru|169|2025-07-16|подано|контракт
3204|40|Павлова Анна Михайловна|7045 703745|+79121899989|pavlova260@mail.ru|212|2025-06-03|зачислен|бюджет
3205|40|Петров Роман Кириллович|9534 216090|+79082799812|petrov983@mail.ru|163|2025-06-17|зачислен|бюджет
3206|40|Андреев Никита Сергеевич|6658 775374|+79654394499|andreev473@mail.ru|203|2025-06-12|отказ|бюджет
3207|40|Волков Денис Дмитриевич|6780 899850|+79089430777|volkov128@mail.ru|187|2025-07-18|отказ|бюджет
3208|40|Козлова Виктория Михайловна|7304 249098|+79984613234|kozlova145@mail.ru|128|2025-07-24|отказ|бюджет
3209|40|Орлов Матвей Ильич|6669 998958|+79898141451|orlov428@mail.ru|156|2025-06-23|подано|контракт
3210|40|Кузнецова Алиса Алексеевна|7252 497222|+79572094654|kuznecova394@mail.ru|126|2025-06-17|отказ|бюджет
3211|40|Егоров Александр Сергеевич|3054 566230|+79834502954|egorov912@mail.ru|205|2025-06-11|отказ|контракт
3212|40|Смирнов Андрей Максимович|1912 209507|+79687458609|smirnov921@mail.ru|211|2025-06-19|отозвано|бюджет
3213|40|Макарова Виктория Сергеевна|6570 953917|+79768088276|makarova970@mail.ru|123|2025-06-16|подано|бюджет
3214|40|Орлов Дмитрий Максимович|1481 884790|+79559652319|orlov262@mail.ru|218|2025-07-02|отказ|контракт
3215|40|Семёнова Татьяна Артёмовна|8185 773135|+79339910980|semenova141@mail.ru|139|2025-06-23|подано|контракт
3216|40|Новиков Максим Ильич|4281 434236|+79465911003|novikov628@mail.ru|220|2025-06-14|отозвано|контракт
3217|40|Иванов Алексей Кириллович|2318 673595|+79733165196|ivanov374@mail.ru|164|2025-06-10|отказ|контракт
3218|40|Лебедев Роман Алексеевич|7474 751491|+79158193483|lebedev565@mail.ru|130|2025-07-11|отказ|бюджет
3219|40|Попов Денис Андреевич|4003 501303|+79746200411|popov633@mail.ru|173|2025-06-12|отказ|бюджет
3220|40|Петров Максим Ильич|1732 947561|+79386539407|petrov263@mail.ru|160|2025-07-11|подано|бюджет
3221|40|Новикова Марина Михайловна|2764 939350|+79914338225|novikova894@mail.ru|163|2025-06-25|отказ|бюджет
3222|40|Козлов Александр Дмитриевич|6451 348921|+79118417206|kozlov788@mail.ru|174|2025-06-22|отказ|бюджет
3223|40|Николаев Кирилл Михайлович|1592 610134|+79080994472|nikolaev232@mail.ru|150|2025-06-24|подано|контракт
3224|40|Павлов Никита Иванович|5421 178672|+79268786161|pavlov177@mail.ru|188|2025-07-24|зачислен|бюджет
3225|40|Соколов Андрей Максимович|2732 273101|+79993312956|sokolov837@mail.ru|202|2025-06-12|отказ|бюджет
3226|40|Николаев Егор Максимович|2766 806664|+79059365058|nikolaev111@mail.ru|224|2025-06-18|отказ|бюджет
3227|40|Соколов Илья Алексеевич|8299 742119|+79423490715|sokolov128@mail.ru|174|2025-07-05|отозвано|бюджет
3228|40|Макаров Арсений Максимович|8885 912856|+79648156773|makarov107@mail.ru|146|2025-06-18|подано|бюджет
3229|40|Николаев Михаил Романович|8496 993410|+79037424594|nikolaev483@mail.ru|126|2025-06-01|отказ|бюджет
3230|40|Васильева Анастасия Романовна|5442 456277|+79683631590|vasileva371@mail.ru|215|2025-07-13|отозвано|контракт
3231|40|Морозов Илья Александрович|2250 425991|+79301177331|morozov397@mail.ru|176|2025-07-17|подано|бюджет
3232|40|Егорова Мария Артёмовна|6819 608729|+79036102466|egorova122@mail.ru|138|2025-07-18|подано|бюджет
3233|41|Андреева Ольга Алексеевна|4558 199140|+79714506923|andreeva179@mail.ru|258|2025-06-01|зачислен|контракт
3234|41|Соколова Екатерина Алексеевна|2541 783133|+79423819543|sokolova506@mail.ru|226|2025-06-14|зачислен|бюджет
3235|41|Иванов Сергей Кириллович|8239 577933|+79339286294|ivanov218@mail.ru|298|2025-06-09|отозвано|контракт
3236|41|Макаров Илья Максимович|6936 558242|+79295284724|makarov586@mail.ru|240|2025-06-09|подано|бюджет
3237|41|Волкова Анна Сергеевна|6155 464555|+79864839311|volkova161@mail.ru|258|2025-07-07|зачислен|бюджет
3238|41|Николаева Мария Андреевна|8176 832925|+79106915473|nikolaeva520@mail.ru|267|2025-06-25|отказ|бюджет
3239|41|Орлова Мария Кирилловна|8028 523844|+79657068434|orlova133@mail.ru|225|2025-07-04|отказ|контракт
3240|41|Алексеев Артём Сергеевич|3810 191526|+79764401066|alekseev990@mail.ru|260|2025-07-12|отказ|контракт
3241|41|Алексеева Анастасия Романовна|5290 937660|+79682300283|alekseeva439@mail.ru|275|2025-06-17|отказ|бюджет
3242|41|Орлов Андрей Артёмович|3611 378447|+79834464462|orlov412@mail.ru|300|2025-07-05|отказ|контракт
3243|41|Иванова Дарья Артёмовна|3716 763168|+79839470240|ivanova175@mail.ru|236|2025-07-11|подано|бюджет
3244|41|Никитина Ольга Ивановна|3737 465138|+79628940776|nikitina579@mail.ru|202|2025-06-24|зачислен|контракт
3245|41|Николаева Марина Михайловна|8577 337873|+79646190349|nikolaeva710@mail.ru|203|2025-07-20|зачислен|бюджет
3246|41|Новиков Артём Алексеевич|7851 128550|+79857680185|novikov878@mail.ru|300|2025-06-24|зачислен|бюджет
3247|41|Лебедев Илья Дмитриевич|6035 602370|+79833338173|lebedev571@mail.ru|294|2025-07-22|зачислен|контракт
3248|41|Фёдоров Иван Максимович|8046 119073|+79108357191|fedorov441@mail.ru|266|2025-07-25|зачислен|бюджет
3249|41|Семёнова Екатерина Андреевна|1289 304838|+79196803458|semenova661@mail.ru|215|2025-07-20|подано|бюджет
3250|41|Петрова София Романовна|5327 575384|+79366509936|petrova983@mail.ru|283|2025-07-18|отказ|бюджет
3251|41|Волкова Виктория Ильинична|1038 382793|+79404603650|volkova769@mail.ru|261|2025-07-04|отозвано|контракт
3252|41|Степанов Роман Артёмович|5337 330650|+79183402507|stepanov188@mail.ru|283|2025-07-09|зачислен|бюджет
3253|41|Иванов Александр Кириллович|2235 321597|+79168745629|ivanov149@mail.ru|255|2025-07-18|отказ|контракт
3254|41|Козлов Никита Андреевич|1826 896721|+79589739343|kozlov572@mail.ru|286|2025-07-06|отозвано|бюджет
3255|41|Егоров Александр Сергеевич|6062 283391|+79207863402|egorov618@mail.ru|249|2025-06-24|отозвано|бюджет
3256|41|Семёнова Анастасия Михайловна|6295 681249|+79895727169|semenova347@mail.ru|253|2025-06-16|подано|бюджет
3257|41|Волкова Анастасия Артёмовна|4808 268655|+79673794767|volkova400@mail.ru|218|2025-06-19|зачислен|контракт
3258|41|Фёдоров Максим Ильич|4701 697882|+79882237915|fedorov469@mail.ru|223|2025-06-02|зачислен|бюджет
3259|41|Алексеев Илья Дмитриевич|3012 169902|+79719069668|alekseev861@mail.ru|207|2025-07-20|зачислен|контракт
3260|41|Васильев Роман Алексеевич|8335 114808|+79307721221|vasilev329@mail.ru|287|2025-06-24|отказ|бюджет
3261|41|Новиков Андрей Алексеевич|1321 888409|+79197211766|novikov601@mail.ru|220|2025-06-09|отказ|бюджет
3262|41|Новиков Андрей Михайлович|2638 341221|+79176418505|novikov872@mail.ru|267|2025-06-16|отказ|бюджет
3263|41|Никитина Екатерина Ильинична|5404 300921|+79555776747|nikitina571@mail.ru|254|2025-07-24|отказ|бюджет
3264|41|Семёнова Ксения Михайловна|2448 116851|+79269524973|semenova400@mail.ru|248|2025-06-18|отказ|контракт
3265|41|Козлова Ксения Андреевна|6453 221800|+79177501888|kozlova553@mail.ru|266|2025-06-08|подано|бюджет
3266|41|Новикова София Кирилловна|3555 143062|+79402672367|novikova284@mail.ru|235|2025-06-05|зачислен|бюджет
3267|41|Петров Андрей Андреевич|8753 711006|+79094317154|petrov404@mail.ru|267|2025-06-22|зачислен|бюджет
3268|41|Орлова Алиса Ильинична|2242 646708|+79027326149|orlova693@mail.ru|259|2025-07-14|подано|бюджет
3269|41|Смирнова Ольга Кирилловна|5780 688320|+79361864773|smirnova121@mail.ru|223|2025-06-02|зачислен|бюджет
3270|41|Никитина Ксения Артёмовна|3730 594098|+79421906543|nikitina211@mail.ru|203|2025-07-20|отказ|контракт
3271|41|Козлов Никита Ильич|3563 830568|+79607591128|kozlov359@mail.ru|273|2025-06-01|зачислен|бюджет
3272|41|Попов Денис Романович|6091 198156|+79966915709|popov815@mail.ru|226|2025-06-05|зачислен|контракт
3273|41|Никитина Юлия Ивановна|5913 942676|+79318599170|nikitina396@mail.ru|254|2025-07-21|отказ|контракт
3274|41|Степанова Ксения Алексеевна|2314 175646|+79986065287|stepanova943@mail.ru|231|2025-07-12|отказ|контракт
3275|41|Кузнецова Наталья Кирилловна|7729 625136|+79761630026|kuznecova206@mail.ru|261|2025-07-03|зачислен|бюджет
3276|41|Никитин Артём Михайлович|5518 792872|+79661795440|nikitin698@mail.ru|261|2025-07-07|отказ|бюджет
3277|41|Алексеева Ксения Артёмовна|2979 404756|+79639725036|alekseeva725@mail.ru|281|2025-06-09|отказ|бюджет
3278|41|Лебедева Анна Алексеевна|5761 923571|+79761407662|lebedeva545@mail.ru|245|2025-07-16|подано|бюджет
3279|41|Макарова Ольга Алексеевна|2879 636931|+79391242006|makarova632@mail.ru|277|2025-06-22|зачислен|бюджет
3280|41|Михайлов Роман Ильич|7520 211345|+79210243296|mihaylov355@mail.ru|300|2025-07-05|подано|бюджет
3281|41|Новикова Анна Кирилловна|6117 841882|+79951370001|novikova244@mail.ru|255|2025-07-14|отказ|контракт
3282|41|Андреев Иван Михайлович|9079 908411|+79157185035|andreev423@mail.ru|242|2025-06-18|отказ|бюджет
3283|41|Васильев Арсений Романович|3901 246748|+79908794452|vasilev581@mail.ru|225|2025-07-06|зачислен|контракт
3284|41|Орлова Юлия Алексеевна|3750 154971|+79417677717|orlova957@mail.ru|227|2025-07-06|отказ|бюджет
3285|42|Иванова София Дмитриевна|7150 240853|+79637640451|ivanova492@mail.ru|277|2025-06-08|зачислен|контракт
3286|42|Попова Дарья Кирилловна|1987 720723|+79160105016|popova302@mail.ru|271|2025-06-10|отозвано|бюджет
3287|42|Павлов Егор Андреевич|3879 269333|+79030819210|pavlov662@mail.ru|273|2025-07-25|подано|бюджет
3288|42|Михайлова Полина Ивановна|3567 450005|+79273734314|mihaylova366@mail.ru|251|2025-06-15|зачислен|бюджет
3289|42|Морозов Никита Михайлович|1597 761985|+79424127861|morozov101@mail.ru|234|2025-06-17|отказ|бюджет
3290|42|Иванова Елизавета Андреевна|3953 761812|+79199788848|ivanova314@mail.ru|300|2025-07-09|зачислен|бюджет
3291|42|Алексеева Дарья Андреевна|9092 638856|+79132444265|alekseeva921@mail.ru|253|2025-07-15|зачислен|бюджет
3292|42|Волков Илья Иванович|1101 232743|+79810471551|volkov632@mail.ru|263|2025-07-19|отозвано|бюджет
3293|42|Фёдоров Дмитрий Андреевич|9277 108074|+79190610250|fedorov417@mail.ru|203|2025-06-25|отказ|бюджет
3294|42|Петрова Полина Сергеевна|4146 448640|+79571057604|petrova206@mail.ru|217|2025-06-21|подано|контракт
3295|42|Васильев Максим Михайлович|8435 916469|+79108374442|vasilev353@mail.ru|266|2025-07-17|зачислен|бюджет
3296|42|Алексеева Елизавета Сергеевна|7702 759317|+79374594504|alekseeva510@mail.ru|278|2025-06-11|подано|контракт
3297|42|Смирнов Илья Ильич|2335 206122|+79890682671|smirnov525@mail.ru|259|2025-06-04|зачислен|контракт
3298|42|Соколов Арсений Кириллович|3312 664687|+79057708467|sokolov730@mail.ru|283|2025-07-25|подано|контракт
3299|42|Новикова Анастасия Сергеевна|1381 347648|+79243041747|novikova609@mail.ru|294|2025-07-14|зачислен|контракт
3300|42|Петрова Полина Михайловна|1084 314508|+79302768748|petrova623@mail.ru|264|2025-06-19|отказ|контракт
3301|42|Морозов Максим Максимович|8013 906037|+79669661009|morozov234@mail.ru|205|2025-07-07|отказ|контракт
3302|42|Михайлов Александр Иванович|5085 533680|+79096902095|mihaylov101@mail.ru|169|2025-06-11|зачислен|бюджет
3303|42|Васильев Арсений Сергеевич|8452 991395|+79556736856|vasilev849@mail.ru|281|2025-07-19|отозвано|бюджет
3304|42|Лебедева Анна Артёмовна|2711 249086|+79119222539|lebedeva592@mail.ru|295|2025-07-22|отказ|бюджет
3305|42|Соколов Михаил Ильич|3860 668410|+79560903868|sokolov536@mail.ru|233|2025-06-08|зачислен|бюджет
3306|42|Семёнов Иван Дмитриевич|6869 915026|+79369248603|semenov436@mail.ru|293|2025-06-05|отказ|бюджет
3307|42|Макарова Полина Артёмовна|6376 982257|+79156674141|makarova378@mail.ru|290|2025-06-14|зачислен|бюджет
3308|42|Фёдоров Максим Иванович|4442 396233|+79500008896|fedorov415@mail.ru|255|2025-06-04|отозвано|контракт
3309|42|Фёдоров Арсений Андреевич|8006 603263|+79811626525|fedorov755@mail.ru|228|2025-07-03|отказ|бюджет
3310|42|Никитина Ксения Сергеевна|7181 262209|+79542736600|nikitina530@mail.ru|243|2025-06-25|отозвано|бюджет
3311|42|Павлова Екатерина Андреевна|2230 662556|+79656009958|pavlova623@mail.ru|222|2025-06-13|подано|контракт
3312|42|Волков Артём Михайлович|6594 889429|+79559357991|volkov392@mail.ru|248|2025-07-08|отказ|бюджет
3313|42|Михайлов Илья Сергеевич|8784 431784|+79845426460|mihaylov869@mail.ru|206|2025-06-10|отказ|бюджет
3314|42|Попова Татьяна Михайловна|5340 981765|+79683889799|popova651@mail.ru|202|2025-06-15|подано|контракт
3315|42|Андреев Сергей Артёмович|5765 723045|+79014123570|andreev510@mail.ru|183|2025-07-21|подано|бюджет
3316|42|Семёнов Никита Артёмович|3517 605752|+79892550238|semenov891@mail.ru|238|2025-06-25|зачислен|бюджет
3317|42|Андреева Мария Андреевна|4446 234787|+79989167718|andreeva475@mail.ru|219|2025-07-24|отказ|бюджет
3318|42|Иванова Анна Кирилловна|7341 546819|+79005986780|ivanova898@mail.ru|226|2025-07-25|отозвано|контракт
3319|42|Лебедева Наталья Андреевна|6814 849448|+79671225647|lebedeva564@mail.ru|260|2025-07-08|зачислен|бюджет
3320|42|Смирнова Алиса Ильинична|6399 498141|+79447272108|smirnova148@mail.ru|236|2025-06-05|отказ|бюджет
3321|42|Петров Илья Михайлович|2110 334060|+79581165452|petrov770@mail.ru|251|2025-06-07|зачислен|контракт
3322|42|Волкова Екатерина Артёмовна|3717 558539|+79019338620|volkova837@mail.ru|300|2025-07-14|подано|бюджет
3323|42|Смирнова Юлия Александровна|3393 176207|+79117134946|smirnova629@mail.ru|264|2025-06-07|отозвано|бюджет
3324|42|Николаев Илья Андреевич|9065 287202|+79314305789|nikolaev412@mail.ru|209|2025-06-16|подано|контракт
3325|42|Фёдорова Дарья Андреевна|5239 741384|+79318968856|fedorova205@mail.ru|223|2025-06-17|зачислен|бюджет
3326|42|Иванова Татьяна Артёмовна|5716 981838|+79658601607|ivanova616@mail.ru|262|2025-07-21|отказ|контракт
3327|42|Новиков Сергей Романович|1415 216261|+79354529436|novikov254@mail.ru|241|2025-07-07|подано|бюджет
3328|42|Волков Сергей Сергеевич|1355 148589|+79091326114|volkov114@mail.ru|209|2025-06-25|отказ|бюджет
3329|42|Павлова Екатерина Артёмовна|9530 194868|+79021187921|pavlova688@mail.ru|234|2025-07-11|отказ|бюджет
3330|42|Волкова Ксения Александровна|7339 280354|+79222569996|volkova474@mail.ru|219|2025-07-13|отозвано|бюджет
3331|42|Волкова Дарья Кирилловна|4100 693142|+79062300668|volkova547@mail.ru|286|2025-07-11|зачислен|бюджет
3332|42|Иванова Ксения Андреевна|7198 384128|+79125858961|ivanova971@mail.ru|291|2025-07-11|отказ|бюджет
3333|42|Никитин Александр Михайлович|7102 513829|+79320507339|nikitin559@mail.ru|261|2025-06-01|отказ|бюджет
3334|42|Кузнецова Анастасия Ивановна|6025 503308|+79954334437|kuznecova884@mail.ru|246|2025-06-06|зачислен|контракт
3335|42|Никитин Денис Иванович|7002 727577|+79470846143|nikitin763@mail.ru|268|2025-07-11|зачислен|контракт
3336|42|Иванова Елизавета Ивановна|1093 262171|+79050678421|ivanova329@mail.ru|263|2025-07-21|зачислен|контракт
3337|42|Алексеев Иван Максимович|3874 944732|+79074192280|alekseev824@mail.ru|275|2025-06-05|отказ|бюджет
3338|42|Михайлов Никита Максимович|3669 752511|+79438151367|mihaylov124@mail.ru|233|2025-07-14|отказ|бюджет
3339|43|Егоров Илья Романович|7168 789416|+79504730083|egorov955@mail.ru|183|2025-06-13|зачислен|бюджет
3340|43|Степанова Ольга Артёмовна|2157 818894|+79277609468|stepanova888@mail.ru|200|2025-07-12|отозвано|контракт
3341|43|Николаев Илья Кириллович|3481 936475|+79491555609|nikolaev759@mail.ru|200|2025-07-13|отказ|бюджет
3342|43|Павлова Ксения Ивановна|3493 494811|+79044743274|pavlova787@mail.ru|197|2025-07-06|подано|контракт
3343|43|Иванова Ксения Кирилловна|5952 707104|+79259310646|ivanova253@mail.ru|163|2025-07-21|отказ|контракт
3344|43|Алексеева Татьяна Андреевна|9915 139520|+79432093772|alekseeva229@mail.ru|175|2025-06-07|отказ|контракт
3345|43|Козлов Сергей Артёмович|6784 257111|+79272711982|kozlov550@mail.ru|176|2025-07-09|зачислен|бюджет
3346|43|Семёнов Артём Александрович|5039 528284|+79339910302|semenov382@mail.ru|199|2025-07-08|подано|бюджет
3347|43|Степанова Виктория Ивановна|6354 680416|+79956908722|stepanova647@mail.ru|192|2025-06-24|зачислен|бюджет
3348|43|Кузнецов Михаил Романович|1457 498953|+79824814397|kuznecov277@mail.ru|252|2025-06-21|отказ|бюджет
3349|43|Смирнов Денис Ильич|3242 831924|+79146850488|smirnov181@mail.ru|226|2025-06-23|подано|контракт
3350|43|Макарова Виктория Андреевна|4221 971380|+79052001862|makarova119@mail.ru|248|2025-06-24|отказ|бюджет
3351|43|Егорова Марина Ивановна|2871 768049|+79219028356|egorova784@mail.ru|216|2025-06-15|отказ|бюджет
3352|43|Степанов Кирилл Сергеевич|6984 574600|+79451625647|stepanov451@mail.ru|194|2025-06-12|отказ|бюджет
3353|43|Новикова Юлия Дмитриевна|2370 378657|+79921244593|novikova588@mail.ru|182|2025-07-21|подано|бюджет
3354|43|Алексеева Марина Михайловна|1965 353774|+79657059042|alekseeva455@mail.ru|165|2025-07-21|подано|бюджет
3355|43|Семёнова Анастасия Андреевна|2587 858376|+79421384815|semenova946@mail.ru|192|2025-06-09|отказ|бюджет
3356|43|Попова Марина Романовна|6190 194282|+79681117092|popova159@mail.ru|208|2025-06-12|отказ|контракт
3357|43|Морозов Егор Романович|5072 281193|+79564483294|morozov284@mail.ru|186|2025-07-03|отказ|контракт
3358|43|Николаев Михаил Ильич|7484 200728|+79412620923|nikolaev743@mail.ru|169|2025-07-10|отказ|бюджет
3359|43|Иванова Дарья Ильинична|2049 393236|+79081123992|ivanova661@mail.ru|213|2025-07-12|подано|контракт
3360|43|Попова Ольга Максимовна|9445 930072|+79392068580|popova377@mail.ru|170|2025-06-22|зачислен|контракт
3361|43|Орлов Сергей Александрович|6296 448399|+79774474121|orlov356@mail.ru|197|2025-07-09|зачислен|контракт
3362|43|Степанова Алиса Романовна|3496 746733|+79380483725|stepanova661@mail.ru|190|2025-07-25|отказ|бюджет
3363|43|Алексеева Полина Алексеевна|5265 991990|+79589104561|alekseeva171@mail.ru|187|2025-06-06|отозвано|контракт
3364|43|Кузнецова Алиса Кирилловна|5820 325317|+79251643907|kuznecova677@mail.ru|203|2025-06-03|отказ|бюджет
3365|43|Алексеева Ксения Ильинична|3925 146675|+79613737152|alekseeva606@mail.ru|217|2025-06-09|зачислен|контракт
3366|43|Попов Никита Андреевич|7476 288754|+79376061427|popov943@mail.ru|197|2025-06-08|подано|бюджет
3367|43|Михайлов Арсений Иванович|1666 442825|+79417420645|mihaylov655@mail.ru|167|2025-07-07|отказ|контракт
3368|43|Павлов Егор Дмитриевич|4748 172721|+79695236865|pavlov430@mail.ru|248|2025-06-04|подано|бюджет
3369|43|Павлова Дарья Алексеевна|6271 972733|+79775445598|pavlova985@mail.ru|228|2025-06-06|отозвано|бюджет
3370|43|Степанов Иван Иванович|2502 918441|+79569008085|stepanov496@mail.ru|195|2025-06-18|отозвано|бюджет
3371|43|Николаева Анастасия Дмитриевна|2483 850728|+79431526830|nikolaeva542@mail.ru|191|2025-06-14|отозвано|бюджет
3372|43|Николаева Анастасия Сергеевна|4256 338517|+79672760717|nikolaeva471@mail.ru|205|2025-07-01|отозвано|контракт
3373|43|Михайлова Ксения Артёмовна|5567 398641|+79746814264|mihaylova464@mail.ru|188|2025-06-12|отозвано|бюджет
3374|43|Васильева Полина Михайловна|7804 890017|+79345149580|vasileva572@mail.ru|216|2025-06-23|отозвано|бюджет
3375|43|Степанов Дмитрий Алексеевич|4564 443507|+79983604923|stepanov495@mail.ru|172|2025-06-07|подано|контракт
3376|43|Семёнов Михаил Александрович|6822 591056|+79913611994|semenov135@mail.ru|235|2025-07-10|отказ|бюджет
3377|43|Иванов Матвей Романович|4356 330430|+79624039423|ivanov270@mail.ru|206|2025-06-13|зачислен|контракт
3378|43|Павлова Екатерина Ильинична|1967 571789|+79516767747|pavlova252@mail.ru|186|2025-06-08|отказ|бюджет
3379|43|Кузнецов Кирилл Андреевич|2699 509561|+79161985960|kuznecov776@mail.ru|175|2025-06-05|отказ|бюджет
3380|43|Кузнецов Егор Михайлович|8032 931989|+79921655363|kuznecov603@mail.ru|188|2025-07-13|подано|бюджет
3381|43|Николаев Артём Романович|7562 802395|+79522332465|nikolaev440@mail.ru|241|2025-07-19|подано|бюджет
3382|43|Михайлов Сергей Максимович|9975 891561|+79655582996|mihaylov303@mail.ru|120|2025-07-18|зачислен|бюджет
3383|43|Попов Арсений Кириллович|3292 477350|+79366377131|popov945@mail.ru|167|2025-07-17|отказ|контракт
3384|43|Михайлов Дмитрий Артёмович|7241 993171|+79975572560|mihaylov806@mail.ru|219|2025-06-04|отказ|бюджет
3385|43|Новиков Арсений Ильич|3965 675518|+79847554769|novikov734@mail.ru|172|2025-06-25|зачислен|бюджет
3386|43|Михайлов Михаил Андреевич|9088 538847|+79275657797|mihaylov383@mail.ru|209|2025-06-09|отозвано|бюджет
3387|43|Степанов Артём Романович|7641 986415|+79539737384|stepanov162@mail.ru|163|2025-07-17|подано|бюджет
3388|43|Егоров Дмитрий Дмитриевич|1914 427026|+79192146255|egorov987@mail.ru|202|2025-06-22|подано|бюджет
3389|43|Егорова Татьяна Артёмовна|3819 242891|+79969848319|egorova470@mail.ru|205|2025-06-07|подано|бюджет
3390|43|Степанова София Сергеевна|5803 505202|+79429881560|stepanova596@mail.ru|199|2025-06-11|зачислен|бюджет
3391|43|Орлов Денис Михайлович|3414 606656|+79936920720|orlov756@mail.ru|188|2025-07-03|зачислен|бюджет
3392|43|Фёдорова Марина Ивановна|3411 435963|+79890228642|fedorova691@mail.ru|152|2025-06-21|отказ|бюджет
3393|43|Николаев Никита Михайлович|5246 790184|+79140956551|nikolaev715@mail.ru|228|2025-06-13|подано|бюджет
3394|43|Козлов Сергей Сергеевич|7046 161656|+79347622880|kozlov259@mail.ru|195|2025-06-12|отказ|контракт
3395|43|Николаева Анна Кирилловна|1863 807091|+79019302076|nikolaeva281@mail.ru|152|2025-07-13|отказ|бюджет
3396|43|Васильев Максим Дмитриевич|7595 432758|+79019568469|vasilev507@mail.ru|179|2025-07-21|зачислен|бюджет
3397|43|Новиков Кирилл Романович|2399 500731|+79513399062|novikov760@mail.ru|169|2025-07-17|подано|бюджет
3398|43|Семёнова Екатерина Ильинична|6637 108603|+79896817119|semenova358@mail.ru|230|2025-07-18|подано|бюджет
3399|43|Фёдоров Денис Андреевич|1114 221891|+79802914246|fedorov546@mail.ru|223|2025-06-15|зачислен|бюджет
3400|43|Орлов Дмитрий Максимович|6639 120527|+79580164191|orlov223@mail.ru|223|2025-06-20|отказ|бюджет
3401|43|Иванов Дмитрий Иванович|7777 862610|+79325878454|ivanov534@mail.ru|227|2025-06-22|подано|бюджет
3402|43|Алексеева Анна Ильинична|3385 934376|+79680622814|alekseeva412@mail.ru|210|2025-06-22|отказ|бюджет
3403|43|Семёнов Роман Максимович|2233 499090|+79258893644|semenov415@mail.ru|189|2025-06-15|подано|бюджет
3404|43|Кузнецов Дмитрий Сергеевич|6909 825129|+79996963374|kuznecov438@mail.ru|149|2025-06-08|отказ|контракт
3405|43|Фёдорова Екатерина Ильинична|9121 704906|+79301803207|fedorova525@mail.ru|193|2025-07-05|отказ|контракт
3406|43|Морозов Егор Артёмович|2904 461400|+79586330920|morozov628@mail.ru|199|2025-06-13|отказ|бюджет
3407|43|Андреев Иван Александрович|6274 272350|+79748775493|andreev146@mail.ru|212|2025-07-03|отказ|контракт
3408|43|Иванова Дарья Дмитриевна|9548 462338|+79789750026|ivanova708@mail.ru|164|2025-07-10|зачислен|контракт
3409|44|Смирнов Андрей Дмитриевич|4633 691949|+79592084912|smirnov723@mail.ru|221|2025-07-23|зачислен|бюджет
3410|44|Семёнов Михаил Александрович|5238 459140|+79865894909|semenov316@mail.ru|217|2025-06-14|отозвано|бюджет
3411|44|Лебедев Алексей Дмитриевич|7176 552922|+79595721776|lebedev303@mail.ru|185|2025-07-21|отозвано|контракт
3412|44|Семёнова Екатерина Михайловна|5534 185232|+79203840943|semenova851@mail.ru|227|2025-06-19|отказ|бюджет
3413|44|Волков Александр Александрович|4714 350855|+79694297794|volkov885@mail.ru|188|2025-06-07|зачислен|контракт
3414|44|Кузнецов Сергей Дмитриевич|9312 364253|+79901642826|kuznecov972@mail.ru|250|2025-07-03|подано|бюджет
3415|44|Смирнова Ольга Дмитриевна|1345 514244|+79020947657|smirnova282@mail.ru|261|2025-07-01|зачислен|контракт
3416|44|Лебедев Денис Михайлович|2791 958530|+79450500271|lebedev347@mail.ru|240|2025-06-15|отказ|бюджет
3417|44|Михайлов Максим Алексеевич|1200 519659|+79839323692|mihaylov984@mail.ru|201|2025-07-03|подано|бюджет
3418|44|Волкова Наталья Сергеевна|9290 199221|+79535266860|volkova358@mail.ru|181|2025-06-20|зачислен|контракт
3419|44|Фёдорова Наталья Михайловна|9259 790125|+79467476144|fedorova406@mail.ru|183|2025-06-15|подано|контракт
3420|44|Фёдоров Егор Артёмович|7206 736955|+79820753471|fedorov619@mail.ru|167|2025-07-17|отказ|бюджет
3421|44|Никитин Александр Романович|5766 957789|+79140606779|nikitin263@mail.ru|204|2025-07-09|отказ|бюджет
3422|44|Никитина Ольга Ивановна|5911 423926|+79668050778|nikitina297@mail.ru|211|2025-07-16|отказ|контракт
3423|44|Петрова Анастасия Дмитриевна|9670 729317|+79910883900|petrova392@mail.ru|204|2025-06-09|отозвано|бюджет
3424|44|Смирнова Мария Дмитриевна|4088 122308|+79138139713|smirnova924@mail.ru|205|2025-07-24|зачислен|контракт
3425|44|Орлова София Дмитриевна|2085 228169|+79309847203|orlova969@mail.ru|213|2025-06-22|отозвано|бюджет
3426|44|Орлова Мария Ильинична|4894 518850|+79160270948|orlova342@mail.ru|217|2025-06-20|зачислен|бюджет
3427|44|Никитина Ксения Кирилловна|8315 649769|+79810115165|nikitina904@mail.ru|247|2025-07-20|подано|бюджет
3428|44|Лебедева Юлия Алексеевна|2060 128363|+79026500081|lebedeva779@mail.ru|237|2025-06-23|отказ|контракт
3429|44|Лебедев Сергей Андреевич|1774 727500|+79236778907|lebedev978@mail.ru|215|2025-07-08|отказ|бюджет
3430|44|Смирнов Михаил Ильич|4807 245497|+79091272586|smirnov725@mail.ru|209|2025-07-13|зачислен|контракт
3431|44|Андреева Дарья Ивановна|3987 997321|+79109102544|andreeva316@mail.ru|204|2025-06-16|отозвано|бюджет
3432|44|Михайлов Денис Александрович|3146 802078|+79170100079|mihaylov889@mail.ru|226|2025-07-23|подано|бюджет
3433|44|Васильева Юлия Романовна|8553 101251|+79772708193|vasileva322@mail.ru|193|2025-06-21|подано|бюджет
3434|44|Соколов Алексей Кириллович|8050 343288|+79606611900|sokolov511@mail.ru|200|2025-06-21|отказ|бюджет
3435|44|Соколов Сергей Александрович|3028 877113|+79751111607|sokolov117@mail.ru|200|2025-06-18|подано|бюджет
3436|44|Фёдорова Дарья Сергеевна|1216 188509|+79929249318|fedorova291@mail.ru|273|2025-06-19|зачислен|бюджет
3437|44|Степанова София Кирилловна|5795 263540|+79106069520|stepanova888@mail.ru|218|2025-06-06|отказ|контракт
3438|44|Смирнов Александр Дмитриевич|6152 529309|+79587426146|smirnov805@mail.ru|269|2025-07-05|зачислен|бюджет
3439|44|Попов Алексей Кириллович|3687 726819|+79626663157|popov951@mail.ru|217|2025-06-01|отказ|бюджет
3440|44|Орлова Наталья Кирилловна|2819 637823|+79974382705|orlova792@mail.ru|230|2025-07-02|подано|бюджет
3441|44|Михайлов Александр Кириллович|8313 695074|+79069484251|mihaylov278@mail.ru|186|2025-07-01|отозвано|бюджет
3442|44|Макаров Егор Иванович|7453 137388|+79299042198|makarov336@mail.ru|261|2025-06-09|зачислен|бюджет
3443|44|Орлова Анастасия Сергеевна|3537 489113|+79298946568|orlova446@mail.ru|230|2025-07-23|зачислен|контракт
3444|44|Степанова Мария Максимовна|9021 981207|+79880259043|stepanova250@mail.ru|205|2025-06-20|отозвано|бюджет
3445|44|Петрова Полина Дмитриевна|1222 775276|+79425794053|petrova197@mail.ru|162|2025-07-10|зачислен|контракт
3446|44|Петров Егор Дмитриевич|8425 411650|+79768948015|petrov769@mail.ru|210|2025-06-09|отозвано|контракт
3447|44|Алексеева Полина Ильинична|9752 428247|+79301442516|alekseeva727@mail.ru|209|2025-06-04|зачислен|бюджет
3448|44|Смирнова Юлия Ильинична|8573 570282|+79396117450|smirnova355@mail.ru|233|2025-07-04|отказ|бюджет
3449|44|Семёнова Наталья Александровна|5195 372318|+79942757004|semenova454@mail.ru|213|2025-06-08|отказ|контракт
3450|44|Егоров Егор Романович|5461 570089|+79468790103|egorov130@mail.ru|234|2025-06-21|отозвано|бюджет
3451|44|Орлова Дарья Михайловна|5726 968342|+79818620575|orlova882@mail.ru|203|2025-07-05|зачислен|бюджет
3452|45|Попов Алексей Андреевич|1922 678949|+79635582827|popov486@mail.ru|221|2025-06-13|зачислен|бюджет
3453|45|Павлова Анастасия Артёмовна|4382 278360|+79190550788|pavlova653@mail.ru|147|2025-07-11|отказ|бюджет
3454|45|Попова Виктория Ивановна|3043 234398|+79025311343|popova405@mail.ru|120|2025-07-07|зачислен|контракт
3455|45|Петров Никита Михайлович|3383 692331|+79276835884|petrov688@mail.ru|180|2025-07-19|отказ|бюджет
3456|45|Андреева Полина Алексеевна|2168 318270|+79126193465|andreeva142@mail.ru|215|2025-07-20|отказ|бюджет
3457|45|Макаров Илья Дмитриевич|9654 212161|+79543722826|makarov856@mail.ru|210|2025-06-12|подано|контракт
3458|45|Алексеева Ксения Александровна|1943 346928|+79435685847|alekseeva881@mail.ru|216|2025-06-09|отказ|контракт
3459|45|Николаев Михаил Александрович|7061 492410|+79641679582|nikolaev113@mail.ru|188|2025-06-12|зачислен|контракт
3460|45|Макарова Анастасия Кирилловна|7353 396989|+79845676003|makarova140@mail.ru|204|2025-07-02|подано|бюджет
3461|45|Николаев Дмитрий Романович|4696 679018|+79896892484|nikolaev670@mail.ru|189|2025-06-06|зачислен|бюджет
3462|45|Волкова Татьяна Михайловна|8065 263463|+79230103812|volkova279@mail.ru|125|2025-06-23|зачислен|контракт
3463|45|Степанова Наталья Романовна|4892 649505|+79367521839|stepanova836@mail.ru|219|2025-06-24|отказ|бюджет
3464|45|Андреев Алексей Ильич|5767 161516|+79675218736|andreev728@mail.ru|196|2025-06-23|подано|контракт
3465|45|Павлова Полина Михайловна|6534 962606|+79844024181|pavlova367@mail.ru|206|2025-07-22|отказ|бюджет
3466|45|Павлов Арсений Александрович|2622 696284|+79300196252|pavlov211@mail.ru|163|2025-07-10|зачислен|контракт
3467|45|Кузнецов Никита Алексеевич|4135 445643|+79860278611|kuznecov410@mail.ru|125|2025-07-07|подано|контракт
3468|45|Волкова Дарья Артёмовна|8270 246617|+79494174843|volkova748@mail.ru|179|2025-06-21|отказ|контракт
3469|45|Андреев Александр Андреевич|8339 655281|+79711059475|andreev853@mail.ru|125|2025-06-05|отказ|контракт
3470|45|Степанова Елизавета Максимовна|7332 962397|+79282325085|stepanova585@mail.ru|193|2025-07-10|отказ|бюджет
3471|45|Степанов Роман Сергеевич|6315 500769|+79335292625|stepanov288@mail.ru|128|2025-07-06|зачислен|бюджет
3472|45|Морозова Алиса Дмитриевна|4303 262183|+79686152288|morozova699@mail.ru|171|2025-07-10|зачислен|контракт
3473|45|Козлова Виктория Ивановна|6949 803510|+79273202431|kozlova470@mail.ru|145|2025-07-03|подано|бюджет
3474|45|Орлова Наталья Романовна|7146 366050|+79104629199|orlova884@mail.ru|174|2025-07-07|отказ|бюджет
3475|45|Орлов Максим Артёмович|2530 702769|+79773752507|orlov585@mail.ru|160|2025-07-22|подано|бюджет
3476|45|Семёнов Роман Сергеевич|7432 314499|+79835985833|semenov162@mail.ru|200|2025-06-14|зачислен|контракт
3477|45|Никитина Мария Романовна|4303 390922|+79438122029|nikitina579@mail.ru|127|2025-06-15|отказ|контракт
3478|45|Степанова Полина Ивановна|1669 353689|+79944051197|stepanova238@mail.ru|151|2025-06-04|отказ|бюджет
3479|45|Кузнецов Михаил Максимович|9756 124744|+79138117169|kuznecov237@mail.ru|138|2025-07-20|отказ|бюджет
3480|45|Степанова Полина Максимовна|8686 493085|+79370120461|stepanova933@mail.ru|179|2025-06-19|отозвано|бюджет
3481|45|Иванова Ксения Кирилловна|7773 166475|+79018266764|ivanova995@mail.ru|165|2025-07-01|подано|бюджет
3482|45|Егоров Роман Кириллович|2298 149893|+79423960020|egorov122@mail.ru|197|2025-07-06|отказ|бюджет
3483|45|Смирнов Илья Артёмович|8057 867596|+79483823230|smirnov765@mail.ru|153|2025-07-12|зачислен|контракт
3484|45|Николаев Дмитрий Ильич|8146 710888|+79125131671|nikolaev622@mail.ru|166|2025-06-11|зачислен|бюджет
3485|45|Фёдоров Егор Дмитриевич|8324 651312|+79165434525|fedorov692@mail.ru|197|2025-06-19|отказ|бюджет
3486|45|Андреев Матвей Кириллович|4948 247421|+79265618390|andreev201@mail.ru|165|2025-06-09|зачислен|бюджет
3487|45|Козлова Алиса Ивановна|2638 641670|+79534459489|kozlova730@mail.ru|217|2025-07-15|зачислен|бюджет
3488|45|Попова Марина Артёмовна|7436 282425|+79943882501|popova156@mail.ru|156|2025-07-25|отказ|контракт
3489|45|Смирнова Ксения Дмитриевна|1668 880208|+79360461769|smirnova445@mail.ru|176|2025-07-05|отказ|бюджет
3490|45|Лебедева Юлия Романовна|6459 941905|+79309421835|lebedeva726@mail.ru|198|2025-06-03|зачислен|контракт
3491|45|Волкова Полина Андреевна|7186 375463|+79411609155|volkova587@mail.ru|134|2025-06-23|отказ|бюджет
3492|45|Новикова София Ильинична|4859 471331|+79290016564|novikova223@mail.ru|186|2025-06-07|подано|контракт
3493|45|Иванова Анна Кирилловна|6804 851568|+79168063312|ivanova647@mail.ru|144|2025-07-23|зачислен|бюджет
3494|45|Иванов Егор Алексеевич|4548 976388|+79403760032|ivanov974@mail.ru|184|2025-06-07|отозвано|бюджет
3495|45|Новикова Мария Андреевна|5268 912466|+79928931435|novikova541@mail.ru|149|2025-06-17|отказ|бюджет
3496|45|Соколова Мария Андреевна|5295 689362|+79251696805|sokolova554@mail.ru|195|2025-07-13|отказ|бюджет
3497|45|Алексеева Юлия Ивановна|2900 246567|+79383731840|alekseeva496@mail.ru|170|2025-06-10|зачислен|бюджет
3498|45|Иванов Артём Ильич|7771 970342|+79549688511|ivanov568@mail.ru|185|2025-06-23|подано|бюджет
3499|45|Петров Андрей Артёмович|3586 172729|+79210606859|petrov952@mail.ru|169|2025-06-11|зачислен|бюджет
3500|45|Петров Александр Иванович|1928 784996|+79372768066|petrov579@mail.ru|152|2025-06-02|зачислен|бюджет
3501|45|Попова Елизавета Дмитриевна|7769 293892|+79655818250|popova483@mail.ru|134|2025-06-15|зачислен|бюджет
3502|45|Смирнова Анастасия Кирилловна|5659 111513|+79199109305|smirnova352@mail.ru|145|2025-07-15|отказ|бюджет
3503|45|Павлова Алиса Андреевна|1037 525223|+79228003089|pavlova696@mail.ru|159|2025-06-25|отозвано|контракт
3504|45|Павлова Ксения Кирилловна|8439 235905|+79765516165|pavlova829@mail.ru|167|2025-06-07|отозвано|бюджет
3505|45|Попова Ксения Максимовна|3521 729719|+79542844521|popova871@mail.ru|192|2025-07-22|подано|бюджет
3506|45|Лебедев Матвей Кириллович|3448 593642|+79709515390|lebedev277@mail.ru|199|2025-06-19|отказ|бюджет
3507|45|Васильева Анастасия Андреевна|2770 421600|+79368662227|vasileva987@mail.ru|191|2025-07-03|отказ|контракт
3508|45|Петров Алексей Ильич|7681 173121|+79750840084|petrov786@mail.ru|165|2025-07-22|отказ|бюджет
3509|45|Орлова Татьяна Алексеевна|3852 662825|+79075623824|orlova848@mail.ru|135|2025-06-18|зачислен|бюджет
3510|45|Козлов Артём Андреевич|5175 336147|+79949584240|kozlov578@mail.ru|207|2025-06-09|зачислен|бюджет
3511|45|Новиков Никита Романович|7118 468864|+79555057269|novikov766@mail.ru|146|2025-06-03|зачислен|бюджет
3512|45|Лебедева Ольга Андреевна|1937 515444|+79489836878|lebedeva928@mail.ru|122|2025-07-03|зачислен|контракт
3513|45|Васильева Дарья Алексеевна|4157 614818|+79417590948|vasileva929@mail.ru|195|2025-06-18|отказ|бюджет
3514|46|Кузнецов Денис Сергеевич|2020 643741|+79949512255|kuznecov354@mail.ru|300|2025-06-01|отказ|бюджет
3515|46|Макарова Ксения Сергеевна|2883 951482|+79208282272|makarova757@mail.ru|273|2025-07-24|отказ|бюджет
3516|46|Волкова София Алексеевна|3196 954726|+79035949307|volkova269@mail.ru|258|2025-07-09|отказ|бюджет
3517|46|Лебедева Марина Ивановна|3236 630395|+79204954893|lebedeva420@mail.ru|233|2025-06-22|отказ|бюджет
3518|46|Новикова Мария Сергеевна|3845 842610|+79020399896|novikova410@mail.ru|273|2025-06-23|зачислен|бюджет
3519|46|Алексеев Михаил Ильич|7879 490341|+79860981941|alekseev305@mail.ru|224|2025-06-14|зачислен|бюджет
3520|46|Степанова Анна Артёмовна|9377 104862|+79547380047|stepanova338@mail.ru|300|2025-06-02|отказ|бюджет
3521|46|Попова Татьяна Кирилловна|5231 800149|+79493838178|popova216@mail.ru|245|2025-07-20|подано|контракт
3522|46|Смирнов Андрей Михайлович|6040 856020|+79495872751|smirnov616@mail.ru|292|2025-07-15|подано|бюджет
3523|46|Николаев Егор Сергеевич|2381 921620|+79005982984|nikolaev400@mail.ru|259|2025-06-05|подано|бюджет
3524|46|Макаров Матвей Дмитриевич|2495 925926|+79422788062|makarov199@mail.ru|298|2025-07-14|зачислен|бюджет
3525|46|Морозова Наталья Максимовна|6608 402573|+79702498881|morozova391@mail.ru|249|2025-07-17|подано|контракт
3526|46|Егоров Михаил Сергеевич|7585 476860|+79750836489|egorov219@mail.ru|255|2025-07-12|отказ|бюджет
3527|46|Петров Артём Сергеевич|3281 732631|+79444095663|petrov492@mail.ru|271|2025-06-06|отказ|бюджет
3528|46|Волков Матвей Ильич|2788 364088|+79806588913|volkov733@mail.ru|219|2025-07-19|зачислен|бюджет
3529|46|Иванов Арсений Сергеевич|2236 557430|+79139482813|ivanov283@mail.ru|276|2025-06-16|отозвано|бюджет
3530|46|Фёдорова Ольга Романовна|3509 392954|+79691676822|fedorova516@mail.ru|276|2025-07-04|отказ|контракт
3531|46|Андреева Татьяна Максимовна|6035 213400|+79512528453|andreeva516@mail.ru|288|2025-07-20|подано|контракт
3532|46|Новиков Андрей Сергеевич|1529 695218|+79474096942|novikov856@mail.ru|285|2025-06-21|зачислен|бюджет
3533|46|Волкова Ольга Андреевна|5768 171290|+79014750410|volkova678@mail.ru|253|2025-06-20|отказ|контракт
3534|46|Орлова Татьяна Андреевна|6916 259226|+79550022485|orlova550@mail.ru|300|2025-07-22|зачислен|бюджет
3535|46|Лебедев Михаил Артёмович|2857 338544|+79122347121|lebedev351@mail.ru|254|2025-07-12|подано|бюджет
3536|46|Лебедев Сергей Михайлович|8374 716303|+79963357318|lebedev540@mail.ru|300|2025-07-08|отказ|бюджет
3537|46|Лебедева Мария Михайловна|5644 819370|+79473775458|lebedeva790@mail.ru|300|2025-07-24|отозвано|контракт
3538|46|Петрова Анастасия Максимовна|1011 146861|+79536425725|petrova780@mail.ru|293|2025-06-24|зачислен|бюджет
3539|46|Никитина Елизавета Ивановна|9458 630215|+79380408660|nikitina148@mail.ru|243|2025-06-21|зачислен|контракт
3540|46|Никитин Никита Кириллович|3025 424279|+79666819820|nikitin353@mail.ru|234|2025-06-03|отозвано|бюджет
3541|46|Попов Кирилл Александрович|2397 884501|+79465328551|popov836@mail.ru|208|2025-06-24|подано|бюджет
3542|46|Семёнова Екатерина Алексеевна|5258 409648|+79183573437|semenova223@mail.ru|294|2025-07-18|подано|контракт
3543|46|Орлов Кирилл Алексеевич|8313 731335|+79265078461|orlov663@mail.ru|281|2025-07-05|подано|бюджет
3544|46|Иванов Иван Дмитриевич|7580 212704|+79419493702|ivanov153@mail.ru|259|2025-06-13|отказ|контракт
3545|46|Семёнов Иван Сергеевич|5070 512781|+79206014330|semenov425@mail.ru|289|2025-07-03|отказ|бюджет
3546|46|Морозов Дмитрий Александрович|5359 285276|+79712152111|morozov399@mail.ru|257|2025-06-03|отозвано|бюджет
3547|46|Орлов Александр Дмитриевич|5971 749370|+79678177554|orlov772@mail.ru|291|2025-07-19|отказ|бюджет
3548|46|Морозова Екатерина Алексеевна|6697 511564|+79026639188|morozova475@mail.ru|293|2025-07-23|отказ|бюджет
3549|46|Новиков Матвей Ильич|2350 701609|+79736923319|novikov207@mail.ru|281|2025-06-07|зачислен|контракт
3550|46|Волкова София Ивановна|6411 423732|+79895576013|volkova177@mail.ru|295|2025-06-12|отказ|бюджет
3551|46|Алексеева София Михайловна|4782 720385|+79771199543|alekseeva437@mail.ru|300|2025-06-24|зачислен|бюджет
3552|46|Андреева Ольга Ильинична|4283 139553|+79452312991|andreeva339@mail.ru|269|2025-07-20|отказ|бюджет
3553|46|Васильев Дмитрий Александрович|2160 814704|+79676594270|vasilev375@mail.ru|265|2025-07-05|отказ|контракт
3554|46|Егоров Андрей Андреевич|5753 487430|+79592172808|egorov143@mail.ru|237|2025-06-24|зачислен|контракт
3555|46|Михайлова Ксения Дмитриевна|8336 656503|+79249895492|mihaylova973@mail.ru|216|2025-06-06|зачислен|контракт
3556|46|Соколов Дмитрий Александрович|8196 295601|+79594025805|sokolov964@mail.ru|234|2025-06-25|зачислен|бюджет
3557|46|Смирнова Татьяна Кирилловна|9507 190699|+79547047550|smirnova379@mail.ru|256|2025-07-07|зачислен|бюджет
3558|46|Кузнецов Никита Ильич|3045 169436|+79200452958|kuznecov266@mail.ru|251|2025-07-07|отказ|контракт
3559|46|Алексеев Александр Александрович|8146 597837|+79013230605|alekseev433@mail.ru|300|2025-07-16|зачислен|бюджет
3560|46|Алексеев Матвей Алексеевич|3337 737941|+79275675652|alekseev716@mail.ru|278|2025-06-24|подано|контракт
3561|46|Попова Дарья Ивановна|9663 837302|+79437572800|popova893@mail.ru|268|2025-06-25|отказ|бюджет
3562|46|Петрова Анастасия Максимовна|1911 949395|+79699209540|petrova682@mail.ru|277|2025-07-03|отказ|контракт
3563|46|Андреев Максим Александрович|5495 555874|+79509143040|andreev535@mail.ru|300|2025-06-01|отказ|бюджет
3564|46|Никитина Юлия Ильинична|2825 796218|+79417215879|nikitina264@mail.ru|257|2025-07-10|отказ|бюджет
3565|46|Волкова Виктория Александровна|1038 264978|+79141966394|volkova873@mail.ru|248|2025-07-02|отозвано|контракт
3566|46|Лебедев Алексей Михайлович|8101 113852|+79334849005|lebedev885@mail.ru|252|2025-07-20|отозвано|бюджет
3567|46|Кузнецов Алексей Романович|2259 917325|+79741333326|kuznecov305@mail.ru|269|2025-07-12|подано|контракт
3568|46|Андреева Татьяна Александровна|8504 223161|+79790135725|andreeva730@mail.ru|255|2025-07-05|отозвано|бюджет
3569|46|Степанова Ксения Дмитриевна|9840 537881|+79624585600|stepanova497@mail.ru|237|2025-07-24|отозвано|контракт
3570|46|Степанов Егор Ильич|2661 595617|+79070965226|stepanov797@mail.ru|294|2025-07-09|отказ|контракт
3571|46|Петрова Екатерина Кирилловна|4856 453079|+79192634442|petrova919@mail.ru|216|2025-07-06|отказ|бюджет
3572|46|Кузнецова Анастасия Михайловна|1838 664094|+79938028305|kuznecova822@mail.ru|240|2025-07-01|отказ|бюджет
3573|46|Фёдоров Денис Максимович|6543 493843|+79030414659|fedorov556@mail.ru|300|2025-06-18|зачислен|бюджет
3574|46|Семёнов Дмитрий Дмитриевич|5544 398052|+79798491180|semenov598@mail.ru|300|2025-07-17|отказ|бюджет
3575|46|Иванова Полина Ивановна|1538 581838|+79372883619|ivanova295@mail.ru|272|2025-06-10|отказ|контракт
3576|46|Михайлов Сергей Александрович|5117 242968|+79023703417|mihaylov613@mail.ru|249|2025-07-11|подано|бюджет
3577|46|Павлова Полина Сергеевна|9961 609740|+79414594942|pavlova672@mail.ru|243|2025-07-25|зачислен|контракт
3578|46|Егоров Егор Сергеевич|1403 372281|+79719915806|egorov375@mail.ru|265|2025-07-19|отозвано|контракт
3579|46|Павлова Елизавета Артёмовна|8033 137514|+79707283855|pavlova214@mail.ru|246|2025-07-08|подано|контракт
3580|46|Морозов Иван Сергеевич|4947 472115|+79973497671|morozov247@mail.ru|274|2025-07-01|отказ|бюджет
3581|46|Егорова Ксения Кирилловна|5307 102086|+79327769717|egorova707@mail.ru|291|2025-07-21|отказ|бюджет
3582|46|Васильев Андрей Кириллович|7381 910933|+79899025352|vasilev750@mail.ru|258|2025-06-02|отказ|бюджет
3583|46|Степанов Алексей Ильич|1954 432908|+79375007169|stepanov624@mail.ru|195|2025-06-19|зачислен|бюджет
3584|46|Попова Ксения Александровна|2365 563627|+79934336562|popova532@mail.ru|253|2025-07-02|зачислен|бюджет
3585|46|Козлова Ольга Михайловна|9131 949157|+79884771451|kozlova695@mail.ru|296|2025-07-05|отказ|бюджет
3586|47|Алексеев Михаил Алексеевич|4088 744217|+79554096715|alekseev979@mail.ru|238|2025-07-25|отказ|контракт
3587|47|Макаров Матвей Михайлович|9771 674752|+79721889624|makarov461@mail.ru|211|2025-07-23|зачислен|бюджет
3588|47|Смирнов Артём Дмитриевич|8729 210280|+79793264057|smirnov389@mail.ru|256|2025-07-03|отказ|бюджет
3589|47|Морозов Арсений Иванович|7178 389320|+79088711730|morozov642@mail.ru|259|2025-06-12|отказ|контракт
3590|47|Павлова Татьяна Сергеевна|9547 988285|+79294836468|pavlova844@mail.ru|236|2025-07-02|отказ|бюджет
3591|47|Михайлов Кирилл Сергеевич|9555 142689|+79307195559|mihaylov286@mail.ru|230|2025-07-23|отозвано|бюджет
3592|47|Андреев Александр Михайлович|1074 715649|+79862483002|andreev766@mail.ru|252|2025-07-22|отказ|контракт
3593|47|Морозова Татьяна Артёмовна|8658 358659|+79046245705|morozova172@mail.ru|228|2025-06-08|отказ|бюджет
3594|47|Николаева Анна Ивановна|3089 388271|+79905789014|nikolaeva483@mail.ru|244|2025-06-04|зачислен|бюджет
3595|47|Павлова Дарья Дмитриевна|2891 709158|+79798398618|pavlova757@mail.ru|232|2025-06-09|отозвано|бюджет
3596|47|Фёдоров Дмитрий Максимович|8210 814845|+79172654094|fedorov333@mail.ru|225|2025-07-13|зачислен|бюджет
3597|47|Морозова Анастасия Дмитриевна|8598 526104|+79051724501|morozova578@mail.ru|208|2025-07-09|зачислен|бюджет
3598|47|Михайлов Илья Дмитриевич|3027 340331|+79623717559|mihaylov711@mail.ru|221|2025-06-16|отказ|бюджет
3599|47|Лебедев Артём Дмитриевич|6229 629220|+79415509706|lebedev525@mail.ru|242|2025-07-02|зачислен|контракт
3600|47|Степанов Александр Андреевич|5814 173067|+79399084440|stepanov484@mail.ru|240|2025-06-18|отказ|контракт
3601|47|Степанов Матвей Михайлович|4841 297801|+79302172819|stepanov993@mail.ru|227|2025-07-11|отказ|контракт
3602|47|Николаев Сергей Максимович|3527 330105|+79555630654|nikolaev484@mail.ru|223|2025-07-14|отказ|бюджет
3603|47|Егоров Никита Кириллович|2536 636293|+79512364262|egorov691@mail.ru|251|2025-07-10|отказ|бюджет
3604|47|Волкова Марина Романовна|4451 980886|+79091623631|volkova534@mail.ru|220|2025-06-19|подано|бюджет
3605|47|Егоров Дмитрий Сергеевич|4854 262513|+79883757330|egorov959@mail.ru|240|2025-07-25|зачислен|контракт
3606|47|Лебедев Илья Александрович|1073 703220|+79219442398|lebedev601@mail.ru|217|2025-06-21|подано|бюджет
3607|47|Соколова София Романовна|3564 105718|+79667517679|sokolova639@mail.ru|210|2025-06-24|отказ|бюджет
3608|47|Павлов Михаил Андреевич|3886 628066|+79083763514|pavlov128@mail.ru|243|2025-07-16|зачислен|бюджет
3609|47|Степанов Денис Дмитриевич|2497 980006|+79413323486|stepanov224@mail.ru|287|2025-07-09|отозвано|бюджет
3610|47|Семёнова Полина Ивановна|7948 777725|+79811057022|semenova669@mail.ru|224|2025-06-05|отказ|контракт
3611|47|Егорова Мария Кирилловна|6637 646569|+79236624492|egorova180@mail.ru|257|2025-06-18|подано|контракт
3612|47|Макаров Артём Иванович|8945 969430|+79547708051|makarov109@mail.ru|245|2025-06-09|отозвано|бюджет
3613|47|Лебедева Елизавета Андреевна|2342 384384|+79484776123|lebedeva344@mail.ru|231|2025-06-13|отказ|контракт
3614|47|Кузнецова Анастасия Алексеевна|6785 962625|+79962537796|kuznecova209@mail.ru|236|2025-06-18|отказ|бюджет
3615|47|Алексеев Егор Михайлович|7742 294528|+79220406698|alekseev649@mail.ru|212|2025-06-21|отозвано|контракт
3616|47|Степанова Юлия Ильинична|1489 888293|+79855246859|stepanova512@mail.ru|249|2025-07-03|отказ|бюджет
3617|47|Новикова Дарья Александровна|1450 899938|+79850713091|novikova165@mail.ru|196|2025-06-04|зачислен|бюджет
3618|47|Морозов Егор Алексеевич|4620 226300|+79464635757|morozov529@mail.ru|249|2025-06-25|отказ|бюджет
3619|47|Лебедев Арсений Сергеевич|4812 170082|+79402622940|lebedev444@mail.ru|206|2025-06-08|зачислен|бюджет
3620|47|Николаева Алиса Артёмовна|6211 544117|+79414395598|nikolaeva445@mail.ru|197|2025-07-08|зачислен|бюджет
3621|47|Степанов Сергей Максимович|9149 703916|+79248243383|stepanov601@mail.ru|247|2025-07-16|отказ|контракт
3622|47|Соколов Михаил Иванович|4070 373916|+79746026452|sokolov201@mail.ru|212|2025-07-11|подано|бюджет
3623|47|Макаров Илья Андреевич|3376 282989|+79070464120|makarov851@mail.ru|264|2025-06-19|отозвано|бюджет
3624|47|Волков Александр Алексеевич|4064 126358|+79162023382|volkov604@mail.ru|238|2025-07-18|подано|контракт
3625|47|Соколов Илья Михайлович|5693 967468|+79778149177|sokolov817@mail.ru|253|2025-06-01|отозвано|бюджет
3626|47|Васильев Михаил Максимович|5252 323885|+79033178778|vasilev910@mail.ru|222|2025-06-06|подано|контракт
3627|47|Васильев Алексей Алексеевич|7103 587695|+79330600801|vasilev936@mail.ru|261|2025-07-16|зачислен|контракт
3628|47|Смирнова Ксения Романовна|9345 161337|+79449490168|smirnova687@mail.ru|254|2025-07-24|подано|бюджет
3629|47|Козлова Ксения Максимовна|3080 886630|+79321690257|kozlova639@mail.ru|241|2025-07-20|отказ|бюджет
3630|47|Михайлов Егор Кириллович|4964 805505|+79971063385|mihaylov950@mail.ru|276|2025-07-13|подано|контракт
3631|47|Петров Иван Максимович|4039 144768|+79904612469|petrov868@mail.ru|251|2025-06-03|отказ|бюджет
3632|47|Васильев Михаил Александрович|9011 568071|+79212340530|vasilev676@mail.ru|238|2025-07-19|зачислен|контракт
3633|47|Павлова Дарья Романовна|2875 860715|+79404362753|pavlova867@mail.ru|261|2025-06-23|отозвано|бюджет
3634|47|Морозова Елизавета Ивановна|2015 168086|+79248681998|morozova826@mail.ru|230|2025-06-12|отказ|бюджет
3635|47|Петрова Анастасия Максимовна|2456 187789|+79770863056|petrova756@mail.ru|290|2025-06-06|подано|контракт
3636|47|Попов Алексей Алексеевич|8968 149235|+79413738724|popov154@mail.ru|254|2025-07-15|подано|бюджет
3637|47|Орлов Максим Ильич|4341 311018|+79608489244|orlov514@mail.ru|204|2025-07-14|зачислен|бюджет
3638|47|Козлов Андрей Алексеевич|1416 714978|+79333004539|kozlov872@mail.ru|206|2025-06-05|отказ|контракт
3639|47|Фёдоров Роман Дмитриевич|4903 744634|+79980679364|fedorov850@mail.ru|230|2025-06-18|зачислен|контракт
3640|47|Никитина Елизавета Ивановна|9059 888344|+79028288743|nikitina999@mail.ru|201|2025-06-02|отказ|контракт
3641|47|Фёдоров Максим Иванович|1827 208554|+79161810870|fedorov721@mail.ru|219|2025-06-14|отозвано|контракт
3642|47|Волков Матвей Романович|7180 744038|+79054357422|volkov273@mail.ru|258|2025-06-21|отказ|бюджет
3643|47|Макаров Иван Ильич|8535 944887|+79622159205|makarov932@mail.ru|280|2025-06-25|отказ|бюджет
3644|47|Алексеева Марина Сергеевна|5834 210891|+79967522978|alekseeva529@mail.ru|199|2025-07-17|зачислен|контракт
3645|47|Лебедев Роман Кириллович|7387 827855|+79720152999|lebedev329@mail.ru|235|2025-07-14|подано|бюджет
3646|47|Михайлова Екатерина Андреевна|1477 768498|+79218915970|mihaylova445@mail.ru|213|2025-07-08|отозвано|бюджет
3647|47|Павлов Максим Ильич|3073 839306|+79729689736|pavlov193@mail.ru|259|2025-07-13|зачислен|бюджет
3648|47|Новикова Дарья Алексеевна|9448 572566|+79605330075|novikova592@mail.ru|263|2025-06-02|отказ|бюджет
3649|47|Морозов Егор Андреевич|1532 337997|+79324170139|morozov787@mail.ru|239|2025-07-18|отозвано|бюджет
3650|47|Орлов Никита Михайлович|8612 382253|+79303161988|orlov110@mail.ru|273|2025-06-06|зачислен|контракт
3651|47|Михайлова Марина Кирилловна|4229 277352|+79759723042|mihaylova799@mail.ru|258|2025-07-18|зачислен|бюджет
3652|48|Фёдорова Виктория Александровна|8810 264243|+79088084704|fedorova340@mail.ru|214|2025-06-07|подано|бюджет
3653|48|Соколов Никита Романович|6965 368051|+79109806899|sokolov519@mail.ru|233|2025-06-23|отказ|бюджет
3654|48|Макаров Роман Сергеевич|5747 755357|+79414321964|makarov800@mail.ru|218|2025-06-05|отказ|контракт
3655|48|Иванова Ольга Максимовна|7285 683601|+79146025361|ivanova729@mail.ru|206|2025-07-14|зачислен|бюджет
3656|48|Смирнов Сергей Сергеевич|4478 125293|+79190356618|smirnov867@mail.ru|219|2025-06-13|отказ|бюджет
3657|48|Лебедев Илья Максимович|5244 981980|+79738281310|lebedev865@mail.ru|258|2025-07-04|отказ|бюджет
3658|48|Васильев Арсений Артёмович|7574 513416|+79524297598|vasilev797@mail.ru|257|2025-07-25|зачислен|контракт
3659|48|Фёдорова Юлия Артёмовна|7706 377097|+79196920357|fedorova971@mail.ru|221|2025-07-24|отказ|бюджет
3660|48|Павлова Полина Александровна|9152 377977|+79267701870|pavlova916@mail.ru|247|2025-06-04|подано|контракт
3661|48|Николаева Наталья Александровна|6686 389229|+79911501352|nikolaeva895@mail.ru|201|2025-07-22|подано|бюджет
3662|48|Соколова Елизавета Андреевна|3315 258228|+79581448328|sokolova440@mail.ru|212|2025-06-22|отказ|бюджет
3663|48|Лебедева Елизавета Ивановна|1786 630127|+79751924281|lebedeva729@mail.ru|227|2025-06-18|отказ|бюджет
3664|48|Смирнова Татьяна Артёмовна|1255 131603|+79670088173|smirnova355@mail.ru|243|2025-06-20|отказ|бюджет
3665|48|Егоров Кирилл Романович|2178 893524|+79000521114|egorov308@mail.ru|274|2025-06-19|зачислен|бюджет
3666|48|Новиков Матвей Артёмович|4656 344091|+79114132844|novikov982@mail.ru|257|2025-06-06|зачислен|бюджет
3667|48|Николаев Иван Максимович|2367 113917|+79614063253|nikolaev837@mail.ru|227|2025-06-22|отозвано|бюджет
3668|48|Семёнова Юлия Михайловна|3014 620886|+79949209270|semenova491@mail.ru|219|2025-06-11|отозвано|бюджет
3669|48|Смирнов Иван Андреевич|1844 380942|+79483650186|smirnov153@mail.ru|232|2025-07-01|отозвано|бюджет
3670|48|Иванова Полина Кирилловна|3357 511246|+79255027570|ivanova193@mail.ru|174|2025-06-16|подано|бюджет
3671|48|Волков Михаил Романович|9753 754964|+79250224029|volkov131@mail.ru|222|2025-07-04|подано|бюджет
3672|48|Попова Наталья Сергеевна|1018 916412|+79840480258|popova712@mail.ru|192|2025-06-12|отозвано|бюджет
3673|48|Кузнецова Алиса Максимовна|8664 879130|+79593630791|kuznecova274@mail.ru|225|2025-07-01|зачислен|бюджет
3674|48|Андреев Андрей Андреевич|4482 842987|+79264873569|andreev737@mail.ru|280|2025-07-17|отказ|бюджет
3675|48|Фёдорова Дарья Артёмовна|2652 302541|+79219087240|fedorova367@mail.ru|196|2025-06-11|подано|бюджет
3676|48|Николаев Дмитрий Ильич|5547 860199|+79438527229|nikolaev560@mail.ru|279|2025-07-18|подано|контракт
3677|48|Лебедева Елизавета Дмитриевна|3256 569795|+79721671900|lebedeva215@mail.ru|263|2025-07-05|зачислен|контракт
3678|48|Павлова Ольга Ивановна|2130 286616|+79091611500|pavlova857@mail.ru|246|2025-07-18|подано|бюджет
3679|48|Петрова София Ивановна|2946 930506|+79049418046|petrova719@mail.ru|253|2025-07-21|подано|бюджет
3680|48|Михайлова Мария Дмитриевна|7064 197183|+79633368174|mihaylova972@mail.ru|268|2025-06-18|отказ|бюджет
3681|48|Николаев Андрей Александрович|1385 970566|+79963493340|nikolaev309@mail.ru|208|2025-07-11|зачислен|бюджет
3682|48|Алексеев Илья Михайлович|1197 417280|+79986876187|alekseev381@mail.ru|250|2025-07-01|отозвано|бюджет
3683|48|Павлова Ольга Андреевна|3189 868534|+79884760251|pavlova560@mail.ru|267|2025-06-20|отказ|бюджет
3684|48|Петров Иван Михайлович|2307 143820|+79823339364|petrov825@mail.ru|241|2025-06-09|отказ|контракт
3685|48|Егорова Марина Артёмовна|7951 875614|+79337434739|egorova390@mail.ru|288|2025-07-10|зачислен|бюджет
3686|48|Алексеев Денис Алексеевич|6088 925181|+79298499671|alekseev572@mail.ru|212|2025-07-25|отказ|бюджет
3687|48|Макаров Сергей Романович|6580 561068|+79339690879|makarov949@mail.ru|191|2025-06-19|отказ|бюджет
3688|48|Соколов Андрей Михайлович|6542 755460|+79460802810|sokolov144@mail.ru|207|2025-06-12|отказ|бюджет
3689|48|Николаев Кирилл Романович|5795 399476|+79849601683|nikolaev118@mail.ru|259|2025-07-19|подано|бюджет
3690|48|Смирнов Иван Дмитриевич|7896 897338|+79943946679|smirnov188@mail.ru|252|2025-06-25|зачислен|контракт
3691|48|Семёнов Дмитрий Романович|2448 973141|+79220271016|semenov213@mail.ru|267|2025-06-06|подано|бюджет
3692|48|Волков Александр Сергеевич|6893 697661|+79919901537|volkov567@mail.ru|169|2025-07-09|подано|бюджет
3693|48|Соколова Наталья Ивановна|4608 575986|+79998254504|sokolova844@mail.ru|244|2025-07-07|подано|бюджет
3694|48|Смирнова Виктория Андреевна|4965 306579|+79568277977|smirnova892@mail.ru|196|2025-07-02|отказ|бюджет
3695|48|Новикова Ксения Сергеевна|9399 695536|+79683831454|novikova907@mail.ru|300|2025-06-23|зачислен|бюджет
3696|48|Семёнов Егор Сергеевич|4037 653290|+79265027924|semenov420@mail.ru|268|2025-06-07|подано|контракт
3697|48|Волков Кирилл Алексеевич|9923 905236|+79181728476|volkov843@mail.ru|230|2025-06-17|отказ|бюджет
3698|48|Степанова Юлия Алексеевна|2834 838639|+79861999476|stepanova224@mail.ru|267|2025-06-09|отказ|бюджет
3699|48|Алексеев Никита Артёмович|5730 931785|+79024859270|alekseev382@mail.ru|299|2025-06-22|отказ|бюджет
3700|48|Васильева Мария Дмитриевна|6377 604135|+79168375092|vasileva734@mail.ru|216|2025-07-18|отозвано|бюджет
3701|48|Смирнов Арсений Иванович|2545 931211|+79807994216|smirnov125@mail.ru|236|2025-06-08|зачислен|бюджет
3702|48|Орлова София Максимовна|2088 174565|+79737149939|orlova937@mail.ru|234|2025-06-13|подано|контракт
3703|48|Алексеев Матвей Дмитриевич|2004 935539|+79477930902|alekseev547@mail.ru|275|2025-06-17|зачислен|контракт
3704|48|Степанова Елизавета Дмитриевна|3454 580905|+79732853872|stepanova172@mail.ru|237|2025-07-24|отказ|контракт
3705|48|Павлова Ксения Андреевна|8161 632622|+79156521741|pavlova401@mail.ru|242|2025-07-21|зачислен|контракт
3706|48|Орлова Марина Сергеевна|2066 441146|+79935514888|orlova208@mail.ru|236|2025-06-17|зачислен|бюджет
3707|48|Орлова София Сергеевна|8522 705986|+79852196175|orlova910@mail.ru|241|2025-07-02|подано|бюджет
3708|48|Алексеев Никита Романович|2119 184114|+79880690013|alekseev129@mail.ru|262|2025-07-02|зачислен|контракт
3709|48|Лебедев Максим Ильич|3624 343379|+79136817172|lebedev832@mail.ru|273|2025-06-20|подано|контракт
3710|48|Волков Максим Ильич|2222 155045|+79575285460|volkov852@mail.ru|268|2025-06-15|подано|бюджет
3711|48|Волкова Полина Дмитриевна|9336 525807|+79589540728|volkova179@mail.ru|218|2025-07-17|подано|бюджет
3712|48|Егоров Матвей Михайлович|2660 251657|+79618120528|egorov972@mail.ru|248|2025-07-15|отказ|бюджет
3713|48|Смирнова Екатерина Алексеевна|1205 573468|+79289172842|smirnova740@mail.ru|221|2025-07-03|зачислен|контракт
3714|48|Петрова Татьяна Сергеевна|5822 882223|+79693156231|petrova652@mail.ru|272|2025-07-22|зачислен|бюджет
3715|48|Попова Анастасия Александровна|5587 430947|+79988155087|popova943@mail.ru|235|2025-07-09|подано|бюджет
3716|48|Смирнова Ксения Сергеевна|5361 379854|+79700294619|smirnova378@mail.ru|221|2025-06-16|подано|контракт
3717|48|Иванова Мария Дмитриевна|8652 355897|+79937286218|ivanova719@mail.ru|222|2025-07-15|зачислен|бюджет
3718|48|Михайлова Наталья Дмитриевна|7071 612518|+79856235890|mihaylova838@mail.ru|260|2025-06-15|отозвано|бюджет
3719|48|Макарова Мария Александровна|6949 836386|+79642328486|makarova609@mail.ru|253|2025-06-09|отказ|бюджет
3720|48|Степанов Матвей Андреевич|8454 163735|+79706782292|stepanov713@mail.ru|264|2025-06-24|зачислен|контракт
3721|48|Павлов Сергей Иванович|6978 160475|+79408763135|pavlov434@mail.ru|210|2025-07-10|подано|бюджет
3722|48|Смирнов Максим Кириллович|8019 539887|+79469677253|smirnov364@mail.ru|234|2025-07-12|отказ|бюджет
3723|48|Кузнецов Максим Артёмович|2326 821709|+79744082939|kuznecov937@mail.ru|231|2025-07-11|отказ|бюджет
3724|48|Николаев Илья Сергеевич|6523 267336|+79238935989|nikolaev669@mail.ru|257|2025-07-22|зачислен|контракт
3725|48|Морозов Егор Кириллович|7540 309403|+79069758006|morozov539@mail.ru|257|2025-06-20|отказ|бюджет
3726|48|Макаров Дмитрий Михайлович|7641 190110|+79570470782|makarov164@mail.ru|224|2025-07-09|зачислен|контракт
3727|48|Алексеева Алиса Артёмовна|4727 739648|+79689398014|alekseeva928@mail.ru|263|2025-06-17|отказ|бюджет
3728|48|Семёнова Алиса Романовна|1683 753001|+79543313948|semenova545@mail.ru|229|2025-07-19|подано|контракт
3729|48|Никитина Юлия Сергеевна|7117 514549|+79977457634|nikitina558@mail.ru|224|2025-06-08|подано|бюджет
3730|48|Смирнов Илья Максимович|7284 335751|+79065324638|smirnov457@mail.ru|265|2025-06-08|подано|бюджет
3731|48|Смирнов Никита Артёмович|6945 678120|+79415901485|smirnov639@mail.ru|259|2025-06-24|зачислен|бюджет
3732|48|Егорова Юлия Максимовна|8081 940461|+79661396069|egorova676@mail.ru|253|2025-06-20|отказ|бюджет
3733|48|Семёнова Ольга Андреевна|5118 578829|+79783179439|semenova422@mail.ru|242|2025-07-11|зачислен|бюджет
3734|48|Васильев Роман Александрович|8684 906338|+79030847769|vasilev287@mail.ru|188|2025-07-16|отказ|контракт
3735|48|Козлов Андрей Андреевич|7927 397622|+79091783604|kozlov192@mail.ru|284|2025-07-13|зачислен|контракт
3736|48|Петров Александр Михайлович|5041 175283|+79708490233|petrov338@mail.ru|205|2025-07-09|отозвано|бюджет
3737|48|Лебедева Ольга Сергеевна|3883 147860|+79767867061|lebedeva264@mail.ru|172|2025-07-11|подано|контракт
3738|48|Алексеева Алиса Михайловна|1602 260792|+79261329147|alekseeva347@mail.ru|200|2025-06-15|отказ|бюджет
3739|48|Волкова Наталья Алексеевна|9541 928105|+79428866869|volkova602@mail.ru|239|2025-07-09|подано|бюджет
3740|48|Смирнов Михаил Ильич|9539 953393|+79789895211|smirnov482@mail.ru|274|2025-06-18|зачислен|бюджет
3741|48|Егоров Никита Александрович|3757 677474|+79834721893|egorov752@mail.ru|212|2025-06-03|зачислен|контракт
3742|48|Никитин Михаил Ильич|4651 150423|+79510320756|nikitin305@mail.ru|258|2025-06-18|подано|контракт
3743|48|Попов Александр Александрович|5919 173113|+79205533555|popov631@mail.ru|203|2025-07-08|подано|бюджет
3744|48|Орлова Дарья Андреевна|3815 695137|+79306330780|orlova624@mail.ru|198|2025-06-18|отозвано|бюджет
3745|48|Козлов Дмитрий Сергеевич|1546 222304|+79258965931|kozlov193@mail.ru|266|2025-07-21|отказ|бюджет
3746|48|Егорова Дарья Артёмовна|8743 579239|+79549840086|egorova596@mail.ru|223|2025-07-23|зачислен|бюджет
3747|48|Павлов Дмитрий Алексеевич|5403 398661|+79465560089|pavlov262@mail.ru|247|2025-07-19|отозвано|контракт
3748|48|Кузнецова Татьяна Александровна|1634 627767|+79538013893|kuznecova461@mail.ru|199|2025-06-09|отказ|бюджет
3749|48|Михайлова Виктория Ивановна|5788 904934|+79595921471|mihaylova154@mail.ru|261|2025-06-08|отказ|бюджет
3750|48|Волков Илья Дмитриевич|2066 530439|+79636384106|volkov349@mail.ru|180|2025-07-19|отказ|контракт
3751|48|Макаров Кирилл Алексеевич|3975 435539|+79415718166|makarov482@mail.ru|240|2025-06-01|зачислен|бюджет
3752|48|Никитина Анна Андреевна|3512 833302|+79461281347|nikitina252@mail.ru|215|2025-07-22|подано|бюджет
3753|48|Соколова Анастасия Ильинична|1088 197076|+79823902065|sokolova152@mail.ru|245|2025-06-16|подано|бюджет
3754|48|Фёдорова Наталья Сергеевна|9500 247964|+79195735333|fedorova121@mail.ru|264|2025-06-18|отказ|бюджет
3755|48|Козлова Ольга Артёмовна|4805 694930|+79537508017|kozlova910@mail.ru|194|2025-06-19|отказ|бюджет
3756|48|Соколова Марина Андреевна|7679 418481|+79389563204|sokolova125@mail.ru|244|2025-06-07|отказ|бюджет
3757|48|Попова Анастасия Дмитриевна|7067 238328|+79639698599|popova450@mail.ru|261|2025-07-06|отказ|контракт
3758|48|Николаева Мария Максимовна|4551 315129|+79451635851|nikolaeva416@mail.ru|243|2025-07-12|отказ|контракт
3759|48|Алексеев Алексей Романович|9889 581829|+79501879876|alekseev269@mail.ru|215|2025-07-03|отказ|контракт
3760|49|Петрова София Романовна|9862 682241|+79106409682|petrova820@mail.ru|210|2025-07-19|зачислен|контракт
3761|49|Макаров Егор Иванович|4785 947513|+79966689642|makarov750@mail.ru|207|2025-07-04|отказ|контракт
3762|49|Андреева Наталья Кирилловна|6577 177381|+79572829249|andreeva595@mail.ru|182|2025-07-10|зачислен|бюджет
3763|49|Степанова Екатерина Артёмовна|7293 613924|+79905582942|stepanova978@mail.ru|209|2025-06-23|отказ|контракт
3764|49|Васильев Денис Андреевич|8974 330137|+79356157160|vasilev864@mail.ru|239|2025-06-15|отказ|бюджет
3765|49|Волков Кирилл Алексеевич|7486 906441|+79733384172|volkov536@mail.ru|219|2025-06-21|отказ|бюджет
3766|49|Иванов Арсений Сергеевич|7055 544872|+79001661783|ivanov843@mail.ru|187|2025-06-11|отказ|бюджет
3767|49|Смирнова Виктория Александровна|5408 398124|+79848323986|smirnova249@mail.ru|235|2025-07-11|отказ|бюджет
3768|49|Орлов Иван Романович|5908 979334|+79060937189|orlov801@mail.ru|220|2025-06-16|зачислен|бюджет
3769|49|Павлов Михаил Сергеевич|8046 435152|+79840656852|pavlov740@mail.ru|234|2025-06-19|отказ|бюджет
3770|49|Попов Роман Максимович|6397 683682|+79465852297|popov583@mail.ru|195|2025-07-15|отказ|бюджет
3771|49|Степанова Виктория Алексеевна|1651 434852|+79604742908|stepanova226@mail.ru|205|2025-06-17|зачислен|бюджет
3772|49|Фёдорова Полина Артёмовна|2637 917896|+79548015817|fedorova989@mail.ru|182|2025-07-24|подано|бюджет
3773|49|Алексеева Елизавета Андреевна|8904 437096|+79916310360|alekseeva326@mail.ru|217|2025-06-17|зачислен|бюджет
3774|49|Алексеев Михаил Михайлович|5969 911260|+79235802642|alekseev482@mail.ru|139|2025-07-24|зачислен|бюджет
3775|49|Степанова Мария Ивановна|6565 922159|+79293101952|stepanova383@mail.ru|225|2025-06-03|отказ|бюджет
3776|49|Васильева Виктория Алексеевна|7138 344588|+79807478300|vasileva268@mail.ru|169|2025-06-20|отказ|бюджет
3777|49|Соколов Матвей Дмитриевич|3187 401152|+79383302520|sokolov803@mail.ru|210|2025-07-06|зачислен|контракт
3778|49|Семёнова Ксения Александровна|8156 180900|+79225473324|semenova735@mail.ru|151|2025-06-05|зачислен|контракт
3779|49|Морозова Анастасия Ильинична|6962 989496|+79033275411|morozova998@mail.ru|120|2025-07-09|зачислен|контракт
3780|49|Иванова Татьяна Максимовна|7203 363652|+79677011193|ivanova306@mail.ru|201|2025-07-19|зачислен|бюджет
3781|49|Попов Денис Максимович|7213 469223|+79162853431|popov767@mail.ru|194|2025-07-08|подано|бюджет
3782|49|Макарова Елизавета Алексеевна|8057 134554|+79743103763|makarova501@mail.ru|213|2025-06-08|зачислен|бюджет
3783|49|Козлов Иван Михайлович|6209 355357|+79030462831|kozlov920@mail.ru|197|2025-07-23|отозвано|бюджет
3784|49|Кузнецова Анастасия Сергеевна|3874 974582|+79253805435|kuznecova112@mail.ru|178|2025-07-08|подано|бюджет
3785|49|Новиков Андрей Сергеевич|2940 551626|+79358590172|novikov827@mail.ru|181|2025-07-09|подано|контракт
3786|49|Николаев Михаил Артёмович|7245 902732|+79764609690|nikolaev187@mail.ru|208|2025-07-10|отказ|бюджет
3787|49|Андреев Сергей Романович|9392 920420|+79211047604|andreev451@mail.ru|184|2025-06-07|зачислен|бюджет
3788|49|Соколов Дмитрий Михайлович|3396 291589|+79008184459|sokolov527@mail.ru|191|2025-07-13|подано|контракт
3789|49|Кузнецов Никита Артёмович|6014 956171|+79992007362|kuznecov470@mail.ru|199|2025-07-14|отозвано|контракт
3790|49|Орлов Дмитрий Сергеевич|9936 640892|+79169749308|orlov800@mail.ru|206|2025-07-07|подано|бюджет
3791|49|Кузнецова Елизавета Ильинична|5044 804503|+79505657089|kuznecova580@mail.ru|198|2025-06-04|отозвано|контракт
3792|49|Смирнов Михаил Александрович|1182 840720|+79979357976|smirnov165@mail.ru|243|2025-07-08|зачислен|бюджет
3793|49|Лебедева Елизавета Ильинична|2423 300223|+79082846080|lebedeva140@mail.ru|177|2025-06-05|подано|бюджет
3794|49|Лебедев Матвей Романович|9549 903438|+79391916964|lebedev635@mail.ru|199|2025-06-13|отказ|бюджет
3795|49|Николаева Елизавета Кирилловна|4010 788627|+79273775191|nikolaeva218@mail.ru|170|2025-07-20|отказ|бюджет
3796|49|Лебедева Юлия Артёмовна|9665 770689|+79784650825|lebedeva325@mail.ru|182|2025-07-03|подано|бюджет
3797|49|Новикова Екатерина Михайловна|9734 374378|+79637929407|novikova158@mail.ru|194|2025-07-02|отказ|контракт
3798|49|Смирнова Полина Ивановна|9161 960636|+79806459889|smirnova864@mail.ru|232|2025-06-22|зачислен|контракт
3799|49|Михайлова Ксения Дмитриевна|6162 145846|+79457090209|mihaylova548@mail.ru|202|2025-06-11|зачислен|бюджет
3800|49|Волкова Юлия Андреевна|4969 346297|+79169882620|volkova582@mail.ru|187|2025-06-17|подано|контракт
3801|49|Макаров Иван Артёмович|8808 775536|+79353730997|makarov925@mail.ru|152|2025-06-21|подано|бюджет
3802|49|Егоров Максим Кириллович|6657 426705|+79600989334|egorov259@mail.ru|226|2025-07-08|отказ|бюджет
3803|49|Васильев Артём Ильич|4609 728397|+79629297927|vasilev114@mail.ru|219|2025-07-01|отказ|бюджет
3804|49|Фёдорова София Максимовна|3049 989712|+79118427384|fedorova626@mail.ru|235|2025-06-22|зачислен|контракт
3805|49|Павлова Ольга Андреевна|3004 612661|+79794083237|pavlova425@mail.ru|228|2025-07-25|подано|бюджет
3806|49|Никитин Александр Алексеевич|3854 795477|+79166642465|nikitin705@mail.ru|180|2025-07-02|отозвано|контракт
3807|49|Павлов Максим Андреевич|7986 922181|+79517854935|pavlov165@mail.ru|169|2025-07-18|отозвано|бюджет
3808|49|Кузнецов Егор Кириллович|7849 816292|+79823722640|kuznecov846@mail.ru|224|2025-06-14|отказ|бюджет
3809|49|Новиков Дмитрий Михайлович|7902 110267|+79517680081|novikov580@mail.ru|217|2025-07-03|отказ|бюджет
3810|49|Николаев Сергей Александрович|6215 383712|+79903635002|nikolaev104@mail.ru|192|2025-07-18|зачислен|бюджет
3811|49|Алексеева Алиса Сергеевна|6823 156600|+79333768716|alekseeva467@mail.ru|256|2025-06-01|подано|бюджет
3812|49|Морозова Татьяна Сергеевна|2542 858697|+79435650576|morozova264@mail.ru|199|2025-07-04|отказ|бюджет
3813|49|Степанов Илья Ильич|6108 683657|+79107041787|stepanov642@mail.ru|198|2025-06-21|подано|контракт
3814|49|Козлов Матвей Максимович|8288 324081|+79975493137|kozlov527@mail.ru|219|2025-06-21|отозвано|бюджет
3815|49|Новикова Татьяна Андреевна|9997 123250|+79880914300|novikova369@mail.ru|180|2025-06-15|отказ|бюджет
3816|49|Алексеев Никита Иванович|4847 653419|+79551375832|alekseev552@mail.ru|195|2025-07-25|отказ|контракт
3817|49|Соколова Ольга Дмитриевна|8743 467868|+79306955780|sokolova883@mail.ru|188|2025-06-09|подано|бюджет
3818|49|Никитин Роман Андреевич|7774 834517|+79777553735|nikitin704@mail.ru|209|2025-07-22|зачислен|бюджет
3819|49|Николаев Иван Алексеевич|7671 816894|+79180277983|nikolaev649@mail.ru|230|2025-07-08|зачислен|бюджет
3820|49|Никитин Андрей Артёмович|2023 894561|+79809218136|nikitin978@mail.ru|170|2025-07-18|отозвано|бюджет
3821|49|Орлов Кирилл Иванович|8429 725749|+79501686780|orlov886@mail.ru|213|2025-06-24|подано|контракт
3822|49|Макаров Андрей Дмитриевич|2798 413938|+79600263524|makarov176@mail.ru|192|2025-07-15|зачислен|бюджет
3823|49|Петрова Алиса Андреевна|7916 519568|+79224724770|petrova459@mail.ru|196|2025-07-23|отказ|бюджет
3824|49|Морозов Никита Александрович|6216 956803|+79438542524|morozov773@mail.ru|166|2025-06-04|отказ|бюджет
3825|49|Морозова Анастасия Ивановна|3710 322926|+79387952644|morozova974@mail.ru|196|2025-06-04|зачислен|контракт
3826|49|Соколов Дмитрий Ильич|2749 666765|+79436082853|sokolov646@mail.ru|200|2025-07-16|подано|контракт
3827|49|Новикова София Ильинична|3077 870361|+79910891665|novikova464@mail.ru|176|2025-06-01|отказ|бюджет
3828|49|Кузнецова Полина Сергеевна|7300 614371|+79777483065|kuznecova433@mail.ru|215|2025-06-07|отказ|бюджет
3829|49|Алексеев Андрей Андреевич|6928 129034|+79133430953|alekseev415@mail.ru|225|2025-07-23|зачислен|бюджет
3830|49|Орлов Иван Кириллович|9178 854057|+79216861754|orlov247@mail.ru|176|2025-06-11|отказ|контракт
3831|49|Васильева Алиса Ивановна|6148 747227|+79831067683|vasileva879@mail.ru|169|2025-06-11|отказ|бюджет
3832|49|Морозов Иван Сергеевич|1811 212897|+79458350916|morozov372@mail.ru|186|2025-06-19|отказ|бюджет
3833|49|Андреев Роман Александрович|7675 422802|+79554301492|andreev585@mail.ru|145|2025-06-07|отказ|бюджет
3834|49|Михайлова Наталья Ивановна|7452 479565|+79833086187|mihaylova183@mail.ru|209|2025-06-06|зачислен|бюджет
3835|49|Орлова Алиса Кирилловна|4648 864022|+79387827508|orlova920@mail.ru|211|2025-07-07|отказ|бюджет
3836|49|Иванов Никита Кириллович|3349 885157|+79532420002|ivanov168@mail.ru|204|2025-06-18|зачислен|контракт
3837|49|Новиков Роман Романович|9203 803143|+79746963937|novikov985@mail.ru|212|2025-07-25|зачислен|бюджет
3838|49|Семёнов Максим Ильич|1313 697917|+79415047374|semenov714@mail.ru|156|2025-06-08|зачислен|бюджет
3839|49|Макарова Татьяна Александровна|6962 201800|+79432119943|makarova178@mail.ru|192|2025-07-12|зачислен|контракт
3840|49|Семёнова Виктория Ильинична|5415 899625|+79539725038|semenova249@mail.ru|188|2025-07-08|зачислен|бюджет
3841|49|Семёнова Наталья Ильинична|7855 435600|+79050088100|semenova114@mail.ru|183|2025-06-03|зачислен|бюджет
3842|49|Степанова Екатерина Сергеевна|8613 568051|+79075884723|stepanova520@mail.ru|193|2025-06-09|отказ|бюджет
3843|50|Волкова Дарья Сергеевна|6066 196261|+79852551403|volkova866@mail.ru|278|2025-06-13|отказ|контракт
3844|50|Егорова Анна Ивановна|4922 957477|+79368486777|egorova285@mail.ru|298|2025-07-09|зачислен|контракт
3845|50|Кузнецова Наталья Сергеевна|7844 796049|+79986301218|kuznecova393@mail.ru|202|2025-07-07|зачислен|контракт
3846|50|Васильева Татьяна Романовна|3135 221428|+79954722063|vasileva291@mail.ru|271|2025-07-11|зачислен|контракт
3847|50|Макарова Елизавета Артёмовна|3000 484781|+79313211105|makarova411@mail.ru|243|2025-07-18|отказ|бюджет
3848|50|Егорова Алиса Сергеевна|3201 978809|+79998374034|egorova301@mail.ru|234|2025-07-15|зачислен|бюджет
3849|50|Орлов Матвей Дмитриевич|1320 489389|+79221714310|orlov331@mail.ru|246|2025-07-06|подано|бюджет
3850|50|Фёдоров Михаил Михайлович|6140 773676|+79884886763|fedorov175@mail.ru|274|2025-07-12|отказ|бюджет
3851|50|Алексеев Матвей Иванович|5299 340939|+79507928256|alekseev392@mail.ru|228|2025-06-24|подано|бюджет
3852|50|Морозова Екатерина Максимовна|8309 533567|+79363041169|morozova199@mail.ru|277|2025-06-10|зачислен|бюджет
3853|50|Васильева Анастасия Романовна|5417 241088|+79679833154|vasileva194@mail.ru|218|2025-06-19|отказ|контракт
3854|50|Михайлов Роман Максимович|4943 690759|+79468931288|mihaylov503@mail.ru|269|2025-07-08|зачислен|бюджет
3855|50|Волкова Ольга Ильинична|7240 874805|+79067991035|volkova366@mail.ru|263|2025-06-08|зачислен|бюджет
3856|50|Семёнова Татьяна Максимовна|9343 401431|+79531192566|semenova216@mail.ru|247|2025-06-13|отказ|бюджет
3857|50|Васильев Денис Сергеевич|1920 892421|+79577598087|vasilev673@mail.ru|255|2025-06-01|отказ|бюджет
3858|50|Орлов Максим Ильич|7167 159366|+79706607112|orlov799@mail.ru|279|2025-06-22|отказ|контракт
3859|50|Иванов Сергей Иванович|2011 811617|+79024366714|ivanov459@mail.ru|224|2025-07-11|зачислен|контракт
3860|50|Кузнецова Екатерина Максимовна|1170 492520|+79605123845|kuznecova525@mail.ru|261|2025-07-02|зачислен|бюджет
3861|50|Степанова Марина Кирилловна|6358 111259|+79160213857|stepanova586@mail.ru|246|2025-07-25|подано|бюджет
3862|50|Новикова Екатерина Артёмовна|7729 514748|+79508203322|novikova508@mail.ru|235|2025-06-24|подано|бюджет
3863|50|Соколова Анна Андреевна|2663 248852|+79193250406|sokolova228@mail.ru|228|2025-06-04|отказ|бюджет
3864|50|Андреева Екатерина Дмитриевна|8037 373154|+79207288054|andreeva141@mail.ru|208|2025-06-19|отказ|бюджет
3865|50|Орлов Артём Иванович|2490 850448|+79423717945|orlov843@mail.ru|291|2025-06-01|зачислен|бюджет
3866|50|Михайлов Михаил Ильич|6950 198003|+79753792978|mihaylov709@mail.ru|259|2025-07-01|отказ|бюджет
3867|50|Степанов Арсений Сергеевич|7850 361680|+79598158590|stepanov122@mail.ru|198|2025-07-22|отказ|бюджет
3868|50|Макарова Виктория Кирилловна|4587 573618|+79593483238|makarova997@mail.ru|260|2025-06-09|зачислен|контракт
3869|50|Степанова София Кирилловна|6048 808248|+79904343593|stepanova438@mail.ru|226|2025-07-14|зачислен|бюджет
3870|50|Козлов Денис Ильич|1813 792027|+79502820033|kozlov295@mail.ru|275|2025-06-13|зачислен|бюджет
3871|50|Никитин Роман Романович|1713 783029|+79170185642|nikitin299@mail.ru|205|2025-06-19|отказ|контракт
3872|50|Кузнецов Максим Максимович|9651 490456|+79933738008|kuznecov325@mail.ru|195|2025-06-22|зачислен|контракт
3873|50|Смирнова Ксения Сергеевна|1629 982727|+79894719780|smirnova720@mail.ru|266|2025-06-25|отказ|бюджет
3874|50|Андреев Артём Михайлович|4132 175072|+79370601101|andreev993@mail.ru|255|2025-07-08|отказ|бюджет
3875|50|Никитина Юлия Андреевна|3366 489898|+79579749272|nikitina954@mail.ru|197|2025-06-05|подано|бюджет
3876|50|Иванов Матвей Дмитриевич|6972 393313|+79718254075|ivanov941@mail.ru|250|2025-07-10|отказ|бюджет
3877|50|Никитина Дарья Андреевна|4832 105608|+79206661750|nikitina585@mail.ru|286|2025-07-14|отказ|бюджет
3878|50|Николаева Екатерина Сергеевна|3645 851507|+79882709439|nikolaeva690@mail.ru|232|2025-06-11|отказ|бюджет
3879|50|Петров Иван Романович|9207 540977|+79495952541|petrov741@mail.ru|248|2025-07-13|подано|бюджет
3880|50|Андреев Андрей Максимович|1556 587591|+79377478290|andreev724@mail.ru|274|2025-06-12|отозвано|бюджет
3881|50|Михайлова Ксения Ильинична|8806 260286|+79371404162|mihaylova498@mail.ru|243|2025-06-06|зачислен|бюджет
3882|50|Смирнова Анастасия Артёмовна|1214 720304|+79779218651|smirnova918@mail.ru|243|2025-07-18|отказ|бюджет
3883|50|Козлова Виктория Ивановна|2934 736605|+79862441928|kozlova516@mail.ru|268|2025-06-24|отозвано|бюджет
3884|50|Макаров Иван Алексеевич|2564 500918|+79400119183|makarov606@mail.ru|244|2025-07-10|отказ|контракт
3885|50|Кузнецова Полина Сергеевна|8063 460934|+79224349848|kuznecova490@mail.ru|225|2025-07-04|отказ|контракт
3886|50|Орлов Роман Артёмович|4537 696808|+79340074625|orlov336@mail.ru|234|2025-07-01|отказ|контракт
3887|50|Макаров Михаил Артёмович|3154 687627|+79348694900|makarov481@mail.ru|259|2025-06-09|зачислен|бюджет
3888|50|Николаев Алексей Александрович|2166 390239|+79365429030|nikolaev437@mail.ru|219|2025-06-23|подано|бюджет
3889|50|Фёдоров Арсений Артёмович|8046 369410|+79646384731|fedorov667@mail.ru|264|2025-06-14|зачислен|бюджет
3890|50|Кузнецова Екатерина Максимовна|9906 125827|+79993660329|kuznecova919@mail.ru|251|2025-06-19|отказ|контракт
3891|50|Новикова Татьяна Андреевна|2627 834757|+79278472437|novikova687@mail.ru|269|2025-06-01|отказ|бюджет
3892|50|Иванов Сергей Андреевич|8796 668391|+79167402900|ivanov138@mail.ru|228|2025-07-25|отозвано|контракт
3893|50|Иванова София Ивановна|6395 662198|+79456168739|ivanova570@mail.ru|247|2025-07-04|отказ|бюджет
3894|50|Фёдорова Анастасия Алексеевна|9245 491877|+79899968885|fedorova604@mail.ru|245|2025-07-08|отказ|бюджет
3895|50|Попова Полина Романовна|5596 931776|+79039669046|popova832@mail.ru|270|2025-06-15|подано|контракт
3896|50|Павлова Полина Романовна|7904 739796|+79723119725|pavlova167@mail.ru|249|2025-06-24|зачислен|контракт
3897|50|Алексеев Кирилл Романович|6455 563237|+79693418884|alekseev166@mail.ru|227|2025-06-20|подано|бюджет
3898|50|Морозов Александр Сергеевич|7007 417749|+79657342804|morozov525@mail.ru|250|2025-06-01|зачислен|контракт
3899|50|Васильев Дмитрий Алексеевич|2236 607971|+79951428816|vasilev344@mail.ru|216|2025-06-07|отказ|бюджет
3900|50|Козлов Роман Ильич|2282 343692|+79927350423|kozlov179@mail.ru|256|2025-07-06|отказ|бюджет
3901|50|Егорова Марина Романовна|7905 596839|+79219155593|egorova725@mail.ru|292|2025-06-12|зачислен|бюджет
3902|50|Никитин Михаил Александрович|5955 395539|+79641281848|nikitin265@mail.ru|282|2025-06-07|отозвано|бюджет
3903|50|Кузнецов Иван Иванович|6233 808502|+79972341831|kuznecov471@mail.ru|251|2025-07-10|отказ|бюджет
3904|50|Новикова Виктория Александровна|5923 631968|+79746591467|novikova197@mail.ru|223|2025-06-11|подано|контракт
3905|50|Егорова Ксения Дмитриевна|9786 652993|+79383877890|egorova183@mail.ru|247|2025-06-08|зачислен|контракт
3906|50|Никитина Ольга Романовна|1073 761489|+79744892268|nikitina886@mail.ru|260|2025-06-08|подано|бюджет
3907|50|Иванов Александр Дмитриевич|7221 859735|+79868600224|ivanov499@mail.ru|282|2025-06-05|отозвано|бюджет
3908|50|Кузнецова Ксения Дмитриевна|1393 147745|+79809278680|kuznecova379@mail.ru|237|2025-07-23|отказ|бюджет
3909|50|Смирнов Илья Ильич|5929 213679|+79719603714|smirnov408@mail.ru|269|2025-07-13|подано|бюджет
3910|50|Морозов Егор Ильич|5198 288556|+79731388457|morozov963@mail.ru|278|2025-07-19|отказ|бюджет
3911|50|Васильев Михаил Артёмович|4118 140509|+79618465189|vasilev692@mail.ru|265|2025-07-19|отказ|контракт
3912|50|Егоров Андрей Андреевич|1467 373938|+79816496925|egorov211@mail.ru|221|2025-06-22|зачислен|контракт
3913|50|Морозова Виктория Ивановна|9776 476142|+79489806734|morozova535@mail.ru|233|2025-06-12|зачислен|бюджет
3914|50|Козлов Алексей Артёмович|8611 266551|+79491708261|kozlov435@mail.ru|252|2025-06-15|отказ|контракт
3915|50|Кузнецова Дарья Артёмовна|8702 155055|+79198025843|kuznecova921@mail.ru|244|2025-06-06|отказ|бюджет
3916|50|Попов Алексей Максимович|5191 284064|+79262886129|popov418@mail.ru|254|2025-06-10|отказ|бюджет
3917|50|Козлов Илья Максимович|5663 273211|+79549168616|kozlov902@mail.ru|227|2025-06-24|отказ|бюджет
3918|50|Козлов Артём Сергеевич|2925 488202|+79975991694|kozlov558@mail.ru|273|2025-06-16|отказ|контракт
3919|50|Михайлов Илья Андреевич|4970 270293|+79777365266|mihaylov106@mail.ru|262|2025-06-05|отказ|бюджет
3920|50|Орлов Егор Романович|5874 966088|+79478221933|orlov244@mail.ru|229|2025-07-09|отказ|бюджет
3921|50|Павлов Максим Ильич|1616 495473|+79707208771|pavlov268@mail.ru|295|2025-07-07|отказ|бюджет
3922|50|Орлова Полина Александровна|7499 574856|+79697623065|orlova242@mail.ru|257|2025-07-15|отказ|бюджет
3923|50|Смирнов Александр Андреевич|8659 992358|+79059892507|smirnov931@mail.ru|254|2025-06-02|зачислен|бюджет
3924|50|Фёдоров Алексей Иванович|1035 221354|+79802165867|fedorov621@mail.ru|237|2025-07-02|подано|бюджет
3925|50|Волков Денис Михайлович|9543 558412|+79570892037|volkov739@mail.ru|256|2025-07-13|отказ|бюджет
3926|50|Козлов Илья Андреевич|3165 468512|+79173321293|kozlov449@mail.ru|257|2025-07-17|отказ|контракт
3927|50|Павлова Анастасия Ивановна|9134 385759|+79575442803|pavlova332@mail.ru|300|2025-07-06|отказ|контракт
3928|50|Иванова Анна Сергеевна|7837 623577|+79540103416|ivanova397@mail.ru|300|2025-07-07|подано|бюджет
3929|50|Михайлов Сергей Максимович|4603 126350|+79902893185|mihaylov114@mail.ru|265|2025-06-07|отказ|контракт
3930|50|Макарова Ольга Ивановна|6671 571570|+79207973509|makarova848@mail.ru|265|2025-06-07|подано|бюджет
3931|50|Морозова Виктория Максимовна|4580 325635|+79891360443|morozova161@mail.ru|300|2025-06-13|зачислен|бюджет
3932|50|Михайлов Сергей Андреевич|5307 867158|+79663993688|mihaylov257@mail.ru|239|2025-06-20|зачислен|бюджет
3933|50|Волкова Виктория Романовна|4095 994154|+79411167713|volkova655@mail.ru|227|2025-07-25|отказ|бюджет
3934|50|Степанова Юлия Михайловна|2792 360544|+79528608029|stepanova113@mail.ru|210|2025-06-02|отказ|бюджет
3935|50|Андреев Сергей Артёмович|1002 361749|+79615440356|andreev484@mail.ru|277|2025-07-03|подано|бюджет
3936|50|Смирнова Юлия Сергеевна|6377 870355|+79128236992|smirnova338@mail.ru|266|2025-07-06|зачислен|бюджет
3937|50|Попова Дарья Дмитриевна|6016 738377|+79271695922|popova220@mail.ru|224|2025-06-20|отказ|контракт
3938|50|Павлов Денис Романович|9064 336861|+79803494882|pavlov706@mail.ru|300|2025-06-10|подано|бюджет
3939|50|Смирнова Ольга Александровна|4807 945122|+79029529203|smirnova463@mail.ru|219|2025-07-25|подано|бюджет
3940|50|Алексеев Денис Романович|7267 560686|+79461998606|alekseev243@mail.ru|250|2025-06-10|отозвано|бюджет
3941|50|Попова Ксения Романовна|9185 203739|+79402595752|popova111@mail.ru|258|2025-07-08|подано|контракт
3942|50|Семёнова Алиса Сергеевна|2066 990479|+79962134264|semenova522@mail.ru|239|2025-07-07|зачислен|контракт
3943|50|Соколов Михаил Дмитриевич|2533 841349|+79078576836|sokolov891@mail.ru|237|2025-06-06|отказ|бюджет
3944|50|Попов Арсений Александрович|9950 896000|+79569681356|popov119@mail.ru|256|2025-06-17|зачислен|контракт
3945|50|Михайлова Анастасия Алексеевна|6225 841169|+79840008147|mihaylova389@mail.ru|226|2025-07-17|зачислен|контракт
3946|50|Орлов Кирилл Максимович|4955 437717|+79410913058|orlov997@mail.ru|274|2025-07-20|отозвано|бюджет
3947|50|Егоров Алексей Дмитриевич|6023 775092|+79897642539|egorov910@mail.ru|270|2025-07-02|отказ|контракт
3948|50|Егорова Полина Артёмовна|9455 990091|+79773941196|egorova359@mail.ru|217|2025-07-25|отозвано|бюджет
3949|50|Николаев Матвей Ильич|9576 959033|+79301581932|nikolaev483@mail.ru|300|2025-06-18|отказ|контракт
3950|51|Кузнецова Дарья Дмитриевна|9444 266110|+79695244422|kuznecova714@mail.ru|188|2025-07-23|отказ|контракт
3951|51|Павлов Кирилл Андреевич|7072 681265|+79125230653|pavlov837@mail.ru|243|2025-06-14|отказ|бюджет
3952|51|Андреева Ольга Максимовна|4145 481538|+79467620489|andreeva819@mail.ru|227|2025-06-12|отказ|бюджет
3953|51|Павлов Илья Максимович|9817 942118|+79401771548|pavlov818@mail.ru|234|2025-07-12|отказ|бюджет
3954|51|Егоров Артём Ильич|6324 276075|+79053987322|egorov870@mail.ru|207|2025-06-19|отказ|бюджет
3955|51|Макарова Анна Дмитриевна|4252 552132|+79990975092|makarova832@mail.ru|275|2025-07-10|зачислен|контракт
3956|51|Соколов Алексей Алексеевич|7280 301042|+79156456690|sokolov886@mail.ru|198|2025-06-10|подано|контракт
3957|51|Никитина Ксения Дмитриевна|4829 926153|+79190369835|nikitina855@mail.ru|224|2025-06-06|зачислен|бюджет
3958|51|Павлова Ольга Максимовна|1109 593484|+79342781559|pavlova385@mail.ru|291|2025-06-17|отозвано|контракт
3959|51|Кузнецова Наталья Максимовна|5719 340382|+79239902427|kuznecova405@mail.ru|156|2025-06-16|зачислен|контракт
3960|51|Петров Максим Иванович|7778 767998|+79985808546|petrov342@mail.ru|262|2025-07-19|зачислен|бюджет
3961|51|Морозова Алиса Михайловна|7923 276336|+79416405934|morozova258@mail.ru|183|2025-06-10|отказ|контракт
3962|51|Петрова Анна Артёмовна|1614 617166|+79237194235|petrova527@mail.ru|223|2025-07-17|зачислен|бюджет
3963|51|Макарова Виктория Артёмовна|3406 706435|+79453036219|makarova443@mail.ru|182|2025-06-10|подано|бюджет
3964|51|Степанов Илья Иванович|9863 367417|+79832993892|stepanov361@mail.ru|237|2025-06-22|зачислен|бюджет
3965|51|Фёдорова Марина Александровна|4238 799999|+79931621453|fedorova473@mail.ru|220|2025-07-04|зачислен|бюджет
3966|51|Макаров Дмитрий Андреевич|9279 359266|+79907678359|makarov268@mail.ru|250|2025-06-19|зачислен|бюджет
3967|51|Петров Андрей Ильич|6220 606187|+79160671783|petrov100@mail.ru|203|2025-07-01|зачислен|бюджет
3968|51|Петрова Татьяна Михайловна|6440 331990|+79660167636|petrova187@mail.ru|235|2025-06-13|отказ|бюджет
3969|51|Михайлова Татьяна Михайловна|2070 280351|+79892310294|mihaylova237@mail.ru|157|2025-07-01|отказ|бюджет
3970|51|Макарова Полина Ивановна|1105 103890|+79933605886|makarova307@mail.ru|245|2025-06-05|отказ|бюджет
3971|51|Николаев Егор Михайлович|9022 783842|+79333190385|nikolaev809@mail.ru|216|2025-07-25|отказ|бюджет
3972|51|Андреев Андрей Александрович|4661 467279|+79877786995|andreev582@mail.ru|212|2025-07-19|зачислен|бюджет
3973|51|Кузнецов Илья Артёмович|3926 385424|+79139931754|kuznecov131@mail.ru|196|2025-07-13|подано|бюджет
3974|51|Никитин Артём Ильич|2015 996106|+79386167835|nikitin192@mail.ru|194|2025-06-10|зачислен|бюджет
3975|51|Петров Сергей Алексеевич|8011 803288|+79550218657|petrov760@mail.ru|256|2025-06-25|отказ|бюджет
3976|51|Степанов Денис Дмитриевич|4584 405168|+79321387179|stepanov405@mail.ru|213|2025-07-21|зачислен|контракт
3977|51|Николаев Алексей Иванович|4235 592952|+79211429277|nikolaev329@mail.ru|231|2025-07-19|отказ|контракт
3978|51|Павлов Михаил Артёмович|9851 920707|+79915290616|pavlov930@mail.ru|226|2025-07-22|подано|бюджет
3979|51|Никитина Юлия Дмитриевна|5679 347562|+79911091707|nikitina681@mail.ru|226|2025-06-07|отказ|бюджет
3980|51|Козлов Дмитрий Сергеевич|7531 653532|+79356423498|kozlov632@mail.ru|189|2025-06-15|отозвано|бюджет
3981|51|Михайлов Кирилл Ильич|8622 973348|+79185853923|mihaylov887@mail.ru|203|2025-06-25|подано|контракт
3982|51|Павлова Ксения Кирилловна|3724 470343|+79421045266|pavlova887@mail.ru|207|2025-07-05|зачислен|контракт
3983|51|Михайлов Сергей Кириллович|1041 392505|+79048915795|mihaylov491@mail.ru|246|2025-06-11|отозвано|бюджет
3984|51|Орлов Егор Ильич|6239 867466|+79007624432|orlov699@mail.ru|265|2025-07-25|зачислен|контракт
3985|51|Лебедева Елизавета Алексеевна|5143 681397|+79963832839|lebedeva204@mail.ru|234|2025-07-02|отказ|контракт
3986|51|Козлов Егор Алексеевич|3698 532489|+79900009675|kozlov815@mail.ru|240|2025-06-02|отказ|бюджет
3987|51|Андреев Максим Сергеевич|1120 343103|+79623608547|andreev311@mail.ru|241|2025-06-02|зачислен|бюджет
3988|51|Петрова Екатерина Михайловна|3304 235840|+79233568913|petrova744@mail.ru|182|2025-07-22|зачислен|контракт
3989|51|Алексеев Кирилл Кириллович|5514 376162|+79145478489|alekseev432@mail.ru|218|2025-07-14|отказ|контракт
3990|51|Фёдоров Дмитрий Дмитриевич|5836 557659|+79032042959|fedorov140@mail.ru|249|2025-07-10|отказ|бюджет
3991|51|Козлов Кирилл Ильич|5914 521292|+79084053113|kozlov107@mail.ru|211|2025-07-22|зачислен|бюджет
3992|51|Козлов Никита Романович|6124 807736|+79096150871|kozlov728@mail.ru|210|2025-06-07|зачислен|бюджет
3993|51|Васильев Матвей Андреевич|1727 336799|+79591016632|vasilev705@mail.ru|200|2025-07-18|зачислен|контракт
3994|51|Морозова Виктория Андреевна|2043 843866|+79441909972|morozova451@mail.ru|238|2025-07-08|зачислен|бюджет
3995|51|Макарова Ольга Михайловна|4551 273666|+79041842693|makarova935@mail.ru|190|2025-06-07|отозвано|бюджет
3996|51|Николаев Илья Алексеевич|3331 895409|+79915675344|nikolaev782@mail.ru|236|2025-07-02|отозвано|бюджет
3997|51|Егоров Арсений Михайлович|5725 942729|+79093829103|egorov557@mail.ru|259|2025-07-15|зачислен|контракт
3998|51|Волкова Анна Артёмовна|5065 262155|+79031881226|volkova946@mail.ru|230|2025-07-04|отказ|бюджет
3999|51|Морозова Наталья Дмитриевна|9591 532123|+79770872839|morozova425@mail.ru|238|2025-06-02|подано|контракт
4000|51|Кузнецова Виктория Артёмовна|7160 740234|+79512883111|kuznecova711@mail.ru|210|2025-07-11|подано|бюджет
4001|51|Морозов Артём Михайлович|9112 496413|+79511924415|morozov277@mail.ru|219|2025-07-08|отозвано|бюджет
4002|51|Степанов Алексей Сергеевич|6540 342556|+79304661596|stepanov742@mail.ru|236|2025-07-06|зачислен|бюджет
4003|51|Козлова Дарья Александровна|4114 776201|+79396634326|kozlova905@mail.ru|206|2025-07-02|отозвано|бюджет
4004|51|Андреев Матвей Романович|2375 336922|+79410559115|andreev459@mail.ru|172|2025-06-11|отозвано|бюджет
4005|51|Лебедев Сергей Алексеевич|9106 230323|+79876046207|lebedev226@mail.ru|220|2025-06-22|зачислен|бюджет
4006|51|Смирнов Андрей Артёмович|4776 122892|+79978802096|smirnov894@mail.ru|191|2025-07-07|отказ|бюджет
4007|51|Волков Дмитрий Ильич|6219 426802|+79399424464|volkov379@mail.ru|226|2025-07-12|отказ|контракт
4008|51|Лебедев Денис Андреевич|8759 541411|+79069583550|lebedev820@mail.ru|239|2025-07-07|подано|контракт
4009|51|Никитин Кирилл Андреевич|6004 831599|+79180382019|nikitin985@mail.ru|229|2025-06-18|отказ|бюджет
4010|51|Николаев Максим Артёмович|2693 637719|+79514547995|nikolaev288@mail.ru|185|2025-07-19|отозвано|бюджет
4011|51|Макаров Роман Ильич|5667 512272|+79385085302|makarov825@mail.ru|168|2025-07-24|отказ|бюджет
4012|51|Макаров Егор Алексеевич|1579 450702|+79576394792|makarov931@mail.ru|244|2025-06-01|отказ|контракт
4013|51|Козлов Александр Иванович|5815 483912|+79372706668|kozlov222@mail.ru|224|2025-07-24|отказ|бюджет
4014|51|Морозов Роман Иванович|7240 743061|+79235267801|morozov939@mail.ru|222|2025-07-11|зачислен|бюджет
4015|51|Егорова Марина Максимовна|5483 199961|+79207985690|egorova144@mail.ru|149|2025-07-03|зачислен|контракт
4016|51|Васильева Анастасия Михайловна|7253 354391|+79883895297|vasileva331@mail.ru|217|2025-07-10|отказ|контракт
4017|51|Андреев Роман Сергеевич|9026 188481|+79462258407|andreev210@mail.ru|206|2025-07-25|зачислен|контракт
4018|51|Лебедев Иван Максимович|8568 422339|+79783047832|lebedev140@mail.ru|251|2025-06-05|отказ|бюджет
4019|51|Иванов Егор Сергеевич|5932 799412|+79410641188|ivanov519@mail.ru|248|2025-07-06|подано|бюджет
4020|51|Васильева София Романовна|8238 666461|+79529365734|vasileva833@mail.ru|220|2025-06-24|отказ|бюджет
4021|51|Кузнецова Ольга Артёмовна|3785 838596|+79095476739|kuznecova547@mail.ru|219|2025-06-15|зачислен|бюджет
4022|51|Павлов Дмитрий Александрович|5186 518880|+79129924498|pavlov977@mail.ru|212|2025-06-17|зачислен|бюджет
4023|51|Новикова Татьяна Кирилловна|6454 764041|+79430786940|novikova715@mail.ru|240|2025-06-14|отозвано|контракт
4024|51|Петрова Алиса Артёмовна|1285 551272|+79043284175|petrova711@mail.ru|205|2025-06-05|зачислен|бюджет
4025|51|Степанов Алексей Иванович|8982 379383|+79444464044|stepanov165@mail.ru|221|2025-06-19|зачислен|контракт
4026|51|Орлов Алексей Дмитриевич|3174 725690|+79130862344|orlov451@mail.ru|235|2025-06-09|отказ|бюджет
4027|51|Егорова Мария Михайловна|7582 649265|+79649359502|egorova185@mail.ru|216|2025-06-09|отозвано|контракт
4028|51|Орлов Арсений Алексеевич|7466 220470|+79186841262|orlov991@mail.ru|238|2025-07-09|отказ|бюджет
4029|51|Алексеева Ольга Сергеевна|6485 607302|+79487397863|alekseeva426@mail.ru|235|2025-07-19|отказ|бюджет
4030|51|Павлова Елизавета Сергеевна|2009 685878|+79609138720|pavlova440@mail.ru|175|2025-06-05|отказ|контракт
4031|51|Козлов Матвей Ильич|1041 123327|+79963133436|kozlov235@mail.ru|201|2025-07-10|отказ|контракт
4032|51|Соколова Екатерина Максимовна|7008 682038|+79227658454|sokolova530@mail.ru|208|2025-06-21|отказ|контракт
4033|51|Попов Дмитрий Александрович|6570 151640|+79980027278|popov278@mail.ru|241|2025-06-25|зачислен|бюджет
4034|51|Смирнов Александр Романович|5789 943035|+79779872944|smirnov359@mail.ru|236|2025-06-07|подано|контракт
4035|51|Смирнова Ольга Ивановна|9634 505498|+79082389840|smirnova637@mail.ru|245|2025-06-10|отказ|бюджет
4036|51|Васильева Ольга Ильинична|9068 255259|+79602002900|vasileva276@mail.ru|239|2025-07-21|зачислен|бюджет
4037|51|Васильев Максим Артёмович|8933 753336|+79634202720|vasilev830@mail.ru|214|2025-06-16|зачислен|контракт
4038|51|Степанова Наталья Андреевна|7662 796626|+79149581184|stepanova143@mail.ru|255|2025-06-22|зачислен|бюджет
4039|51|Алексеев Роман Михайлович|6278 319270|+79866960492|alekseev406@mail.ru|257|2025-07-12|отказ|бюджет
4040|51|Смирнов Роман Романович|7888 357550|+79091948416|smirnov309@mail.ru|235|2025-07-18|зачислен|бюджет
4041|51|Козлов Артём Кириллович|8513 578339|+79884939526|kozlov478@mail.ru|206|2025-06-22|зачислен|бюджет
4042|51|Петрова София Романовна|8697 725409|+79973173692|petrova100@mail.ru|214|2025-06-14|подано|контракт
4043|51|Степанов Сергей Александрович|6878 951991|+79947299950|stepanov899@mail.ru|200|2025-06-15|отказ|бюджет
4044|52|Попова Полина Ильинична|8985 681072|+79100005515|popova249@mail.ru|209|2025-06-25|отказ|бюджет
4045|52|Орлова Алиса Михайловна|4513 488388|+79957948993|orlova209@mail.ru|221|2025-06-07|отказ|контракт
4046|52|Попова Виктория Алексеевна|9247 973682|+79579984948|popova249@mail.ru|163|2025-06-23|зачислен|контракт
4047|52|Петрова Елизавета Алексеевна|4869 163871|+79213041783|petrova506@mail.ru|170|2025-06-22|зачислен|бюджет
4048|52|Лебедева Екатерина Сергеевна|6468 597704|+79688748826|lebedeva867@mail.ru|212|2025-06-13|отказ|бюджет
4049|52|Морозов Артём Михайлович|1077 392106|+79720715017|morozov991@mail.ru|139|2025-06-23|зачислен|контракт
4050|52|Степанов Артём Романович|8697 576292|+79994623931|stepanov601@mail.ru|172|2025-07-14|подано|контракт
4051|52|Павлов Илья Романович|1310 214195|+79245094007|pavlov693@mail.ru|135|2025-06-13|зачислен|контракт
4052|52|Новикова Ксения Сергеевна|5483 945222|+79596668778|novikova482@mail.ru|279|2025-06-04|подано|бюджет
4053|52|Егоров Александр Алексеевич|2000 867423|+79185342181|egorov287@mail.ru|178|2025-06-08|отказ|бюджет
4054|52|Андреева Юлия Алексеевна|2660 109893|+79440168499|andreeva741@mail.ru|176|2025-06-13|подано|бюджет
4055|52|Иванова Наталья Ивановна|3096 964891|+79965026838|ivanova570@mail.ru|171|2025-06-01|отказ|бюджет
4056|52|Алексеев Иван Ильич|8893 349417|+79677053403|alekseev555@mail.ru|216|2025-07-23|отозвано|бюджет
4057|52|Козлов Егор Максимович|5747 334007|+79099850617|kozlov138@mail.ru|173|2025-07-11|зачислен|контракт
4058|52|Васильева Татьяна Романовна|3952 304385|+79837797273|vasileva740@mail.ru|158|2025-07-11|отказ|бюджет
4059|52|Семёнова Юлия Алексеевна|7270 146733|+79482676762|semenova924@mail.ru|209|2025-07-03|зачислен|бюджет
4060|52|Попов Никита Михайлович|8510 476509|+79423516689|popov842@mail.ru|163|2025-07-03|зачислен|контракт
4061|52|Морозов Кирилл Александрович|3105 811287|+79382415027|morozov301@mail.ru|239|2025-06-24|подано|контракт
4062|52|Семёнов Алексей Дмитриевич|5105 562536|+79950961525|semenov267@mail.ru|152|2025-06-05|подано|контракт
4063|52|Фёдоров Роман Романович|2385 325056|+79097177544|fedorov161@mail.ru|182|2025-06-15|отказ|бюджет
4064|52|Иванов Алексей Александрович|9220 892489|+79152037938|ivanov543@mail.ru|184|2025-06-05|зачислен|бюджет
4065|52|Петров Никита Андреевич|4688 785028|+79484769242|petrov886@mail.ru|251|2025-07-20|отозвано|бюджет
4066|52|Петров Егор Сергеевич|4867 777124|+79907887439|petrov276@mail.ru|212|2025-06-04|зачислен|бюджет
4067|52|Кузнецов Михаил Кириллович|3959 861074|+79880887101|kuznecov192@mail.ru|201|2025-07-01|отказ|бюджет
4068|52|Васильев Илья Михайлович|8449 287279|+79816943163|vasilev512@mail.ru|166|2025-06-07|подано|бюджет
4069|52|Попов Кирилл Алексеевич|1401 559539|+79298130981|popov876@mail.ru|219|2025-07-20|подано|бюджет
4070|52|Кузнецова Наталья Андреевна|4114 356149|+79953323005|kuznecova940@mail.ru|205|2025-07-14|зачислен|бюджет
4071|52|Андреев Денис Ильич|2792 839308|+79908382777|andreev431@mail.ru|171|2025-06-09|отказ|контракт
4072|52|Кузнецова Полина Кирилловна|1129 677934|+79202357947|kuznecova960@mail.ru|165|2025-07-22|зачислен|контракт
4073|52|Иванов Кирилл Дмитриевич|4159 716607|+79692279215|ivanov414@mail.ru|186|2025-06-17|зачислен|бюджет
4074|52|Иванов Сергей Иванович|2669 316862|+79413571720|ivanov191@mail.ru|166|2025-07-09|отказ|бюджет
4075|52|Никитина Алиса Алексеевна|5179 293906|+79019755334|nikitina417@mail.ru|149|2025-07-21|подано|бюджет
4076|52|Степанова Виктория Алексеевна|7904 655074|+79144252082|stepanova269@mail.ru|179|2025-06-01|зачислен|бюджет
4077|52|Павлова Мария Романовна|5338 486446|+79297633717|pavlova338@mail.ru|147|2025-06-19|отказ|бюджет
4078|52|Николаев Михаил Михайлович|8956 232709|+79532439033|nikolaev779@mail.ru|225|2025-07-03|отказ|бюджет
4079|52|Алексеева Ксения Андреевна|1050 639451|+79486193123|alekseeva147@mail.ru|212|2025-07-06|отказ|бюджет
4080|52|Егоров Сергей Ильич|7380 315201|+79540379842|egorov292@mail.ru|182|2025-06-25|отказ|бюджет
4081|52|Морозов Михаил Кириллович|5297 961085|+79916745502|morozov470@mail.ru|241|2025-07-17|отозвано|бюджет
4082|52|Фёдорова Мария Романовна|7342 155443|+79282755362|fedorova501@mail.ru|242|2025-07-16|отказ|бюджет
4083|52|Алексеева Наталья Артёмовна|2649 468259|+79497100288|alekseeva672@mail.ru|195|2025-06-25|зачислен|бюджет
4084|52|Смирнова Юлия Сергеевна|1072 867780|+79876784174|smirnova909@mail.ru|121|2025-07-04|подано|контракт
4085|52|Соколова Полина Максимовна|4008 931193|+79138968391|sokolova166@mail.ru|157|2025-06-01|отказ|бюджет
4086|52|Макарова Юлия Артёмовна|4039 745078|+79796274965|makarova542@mail.ru|187|2025-07-17|зачислен|бюджет
4087|52|Егоров Денис Дмитриевич|9695 437962|+79876454332|egorov107@mail.ru|190|2025-07-14|зачислен|контракт
4088|52|Морозова Юлия Артёмовна|4583 574846|+79924451462|morozova737@mail.ru|150|2025-07-12|подано|контракт
4089|52|Павлов Дмитрий Артёмович|4420 686521|+79100197397|pavlov203@mail.ru|196|2025-07-19|отказ|бюджет
4090|52|Орлов Дмитрий Алексеевич|7149 413004|+79192051401|orlov821@mail.ru|202|2025-07-02|отказ|контракт
4091|52|Макаров Сергей Максимович|7003 675111|+79153747269|makarov587@mail.ru|120|2025-07-07|зачислен|бюджет
4092|52|Кузнецов Александр Иванович|9682 835509|+79718896563|kuznecov859@mail.ru|205|2025-07-08|зачислен|бюджет
4093|52|Николаева Марина Ильинична|1395 178830|+79333270168|nikolaeva752@mail.ru|189|2025-07-21|зачислен|бюджет
4094|52|Козлов Арсений Дмитриевич|5166 938419|+79590468504|kozlov448@mail.ru|189|2025-06-22|зачислен|бюджет
4095|52|Морозов Александр Ильич|5948 820018|+79301349618|morozov133@mail.ru|180|2025-07-24|отказ|бюджет
4096|52|Семёнов Сергей Артёмович|7196 834415|+79864867138|semenov171@mail.ru|152|2025-07-23|подано|бюджет
4097|52|Николаева Алиса Алексеевна|3952 490816|+79662021399|nikolaeva978@mail.ru|244|2025-07-01|подано|бюджет
4098|52|Новикова Елизавета Дмитриевна|7988 933170|+79300983531|novikova985@mail.ru|142|2025-06-09|подано|бюджет
4099|52|Егорова Наталья Романовна|5959 153010|+79454660691|egorova550@mail.ru|147|2025-06-20|отказ|бюджет
4100|53|Степанов Никита Иванович|2081 503308|+79873261819|stepanov580@mail.ru|300|2026-07-21|отказ|контракт
4101|53|Морозов Артём Дмитриевич|9014 938243|+79687428384|morozov653@mail.ru|241|2026-07-17|зачислен|контракт
4102|53|Лебедева София Сергеевна|9160 866705|+79358217804|lebedeva750@mail.ru|258|2026-06-07|зачислен|контракт
4103|53|Семёнов Сергей Александрович|1783 175920|+79080778266|semenov319@mail.ru|285|2026-07-03|подано|бюджет
4104|53|Павлова Татьяна Ильинична|8945 583185|+79942815936|pavlova911@mail.ru|250|2026-07-05|отказ|бюджет
4105|53|Петров Максим Максимович|1326 805455|+79490883956|petrov921@mail.ru|224|2026-07-04|зачислен|бюджет
4106|53|Орлов Максим Ильич|8519 481812|+79609572833|orlov805@mail.ru|300|2026-07-05|отказ|бюджет
4107|53|Степанова Дарья Андреевна|7414 808080|+79596357736|stepanova359@mail.ru|300|2026-07-22|отказ|бюджет
4108|53|Козлова Елизавета Андреевна|8239 661159|+79221764745|kozlova163@mail.ru|289|2026-07-08|зачислен|контракт
4109|53|Морозова Марина Артёмовна|2032 301988|+79444827901|morozova551@mail.ru|286|2026-07-12|отказ|бюджет
4110|53|Николаева Анастасия Максимовна|3628 540361|+79192764471|nikolaeva671@mail.ru|299|2026-07-12|зачислен|бюджет
4111|53|Егоров Роман Кириллович|9122 357794|+79358082868|egorov139@mail.ru|222|2026-06-21|подано|бюджет
4112|53|Никитина Ольга Алексеевна|7558 310491|+79315427632|nikitina738@mail.ru|264|2026-06-22|отказ|бюджет
4113|53|Егорова Мария Ильинична|7749 829292|+79243635684|egorova311@mail.ru|235|2026-06-15|подано|контракт
4114|53|Орлов Александр Иванович|2778 478559|+79893555217|orlov969@mail.ru|295|2026-07-14|отозвано|бюджет
4115|53|Андреев Максим Андреевич|6055 959756|+79755942216|andreev956@mail.ru|259|2026-06-17|подано|контракт
4116|53|Алексеев Дмитрий Иванович|3187 576354|+79426843848|alekseev884@mail.ru|277|2026-07-13|отозвано|контракт
4117|53|Алексеев Алексей Ильич|6931 424019|+79372728708|alekseev922@mail.ru|291|2026-07-13|подано|контракт
4118|53|Васильев Михаил Артёмович|7827 942094|+79853521540|vasilev978@mail.ru|264|2026-06-20|отказ|бюджет
4119|53|Егорова Екатерина Кирилловна|2694 380119|+79712509717|egorova511@mail.ru|218|2026-07-13|отказ|бюджет
4120|53|Попова Анна Артёмовна|1175 189517|+79974149253|popova445@mail.ru|225|2026-07-17|зачислен|контракт
4121|53|Орлова Анна Ивановна|3876 960135|+79088539267|orlova737@mail.ru|288|2026-06-15|подано|бюджет
4122|53|Андреев Дмитрий Иванович|2956 879301|+79377098188|andreev377@mail.ru|225|2026-06-11|отказ|контракт
4123|53|Павлов Иван Артёмович|1152 573874|+79282358308|pavlov590@mail.ru|298|2026-06-10|отказ|бюджет
4124|53|Никитин Арсений Ильич|7882 562832|+79624630191|nikitin347@mail.ru|218|2026-06-05|зачислен|контракт
4125|53|Орлова Алиса Михайловна|6251 604847|+79395474285|orlova775@mail.ru|266|2026-07-15|зачислен|бюджет
4126|53|Николаев Арсений Александрович|9294 569279|+79981088404|nikolaev246@mail.ru|257|2026-07-13|отказ|контракт
4127|53|Степанов Александр Максимович|7355 487065|+79303828783|stepanov392@mail.ru|251|2026-06-22|отказ|контракт
4128|53|Алексеева Дарья Алексеевна|9594 114073|+79197854089|alekseeva295@mail.ru|283|2026-06-05|отказ|контракт
4129|53|Морозова Татьяна Максимовна|7121 660130|+79136670485|morozova552@mail.ru|297|2026-07-10|подано|контракт
4130|53|Николаева Дарья Александровна|6290 479331|+79504578168|nikolaeva623@mail.ru|273|2026-07-21|зачислен|бюджет
4131|53|Семёнова Екатерина Ильинична|9342 898980|+79153359928|semenova386@mail.ru|248|2026-07-18|подано|контракт
4132|53|Никитина София Ильинична|5421 732391|+79109082520|nikitina394@mail.ru|228|2026-07-12|отказ|бюджет
4133|53|Лебедев Егор Артёмович|1543 802736|+79625856260|lebedev192@mail.ru|268|2026-06-03|подано|бюджет
4134|53|Алексеева Дарья Сергеевна|3361 801237|+79443839414|alekseeva940@mail.ru|262|2026-06-25|подано|бюджет
4135|53|Михайлов Арсений Романович|5865 293793|+79478107640|mihaylov381@mail.ru|291|2026-07-08|отказ|бюджет
4136|53|Семёнова Ольга Михайловна|9308 321712|+79297424037|semenova771@mail.ru|238|2026-07-23|отозвано|бюджет
4137|53|Михайлова Екатерина Максимовна|9209 926018|+79284829366|mihaylova703@mail.ru|255|2026-06-13|отказ|контракт
4138|53|Михайлов Артём Алексеевич|3049 862411|+79770149691|mihaylov869@mail.ru|289|2026-07-20|отозвано|бюджет
4139|53|Макарова Екатерина Сергеевна|4341 754348|+79707847212|makarova489@mail.ru|262|2026-06-04|зачислен|контракт
4140|53|Соколов Артём Александрович|3598 313058|+79895900896|sokolov986@mail.ru|225|2026-06-11|отозвано|контракт
4141|53|Макаров Арсений Дмитриевич|1045 994670|+79969570595|makarov224@mail.ru|236|2026-06-24|отказ|бюджет
4142|53|Степанова Елизавета Михайловна|1754 611072|+79204391493|stepanova441@mail.ru|249|2026-07-18|отказ|бюджет
4143|53|Смирнова Екатерина Ильинична|2058 815717|+79825420835|smirnova657@mail.ru|250|2026-07-11|подано|бюджет
4144|53|Иванов Артём Кириллович|8089 714845|+79379780777|ivanov492@mail.ru|237|2026-06-21|зачислен|бюджет
4145|53|Павлов Андрей Дмитриевич|9449 650952|+79640551802|pavlov794@mail.ru|231|2026-07-05|отказ|бюджет
4146|53|Алексеева Виктория Дмитриевна|7379 746290|+79644928018|alekseeva666@mail.ru|300|2026-06-11|отказ|контракт
4147|53|Иванова Анна Андреевна|4732 147705|+79269268833|ivanova349@mail.ru|197|2026-06-14|отказ|бюджет
4148|53|Орлов Илья Дмитриевич|2025 394197|+79745677710|orlov481@mail.ru|300|2026-07-11|отказ|бюджет
4149|53|Волков Сергей Романович|9288 763998|+79796822025|volkov178@mail.ru|235|2026-06-06|отказ|контракт
4150|53|Иванова Виктория Михайловна|4976 394458|+79965430059|ivanova604@mail.ru|280|2026-06-21|отозвано|бюджет
4151|53|Иванов Сергей Алексеевич|9941 716179|+79023899172|ivanov970@mail.ru|300|2026-07-05|зачислен|бюджет
4152|53|Никитин Иван Романович|2585 988972|+79499015317|nikitin617@mail.ru|260|2026-07-10|подано|бюджет
4153|53|Фёдорова Татьяна Максимовна|8205 565257|+79190658713|fedorova720@mail.ru|273|2026-06-17|отказ|контракт
4154|53|Орлова Полина Андреевна|8592 727001|+79696769243|orlova312@mail.ru|300|2026-06-23|отказ|бюджет
4155|53|Степанов Дмитрий Ильич|7492 793912|+79450554205|stepanov298@mail.ru|210|2026-06-14|отказ|контракт
4156|53|Морозова Анна Кирилловна|1916 689644|+79763409130|morozova512@mail.ru|194|2026-06-21|зачислен|бюджет
4157|53|Степанова Полина Ивановна|7454 208162|+79512432595|stepanova728@mail.ru|263|2026-06-06|зачислен|бюджет
4158|53|Козлов Матвей Ильич|1753 833846|+79775059973|kozlov788@mail.ru|289|2026-07-22|отказ|бюджет
4159|53|Иванов Максим Алексеевич|7090 703453|+79296724943|ivanov598@mail.ru|224|2026-06-05|отказ|бюджет
4160|53|Егорова Марина Максимовна|4589 261573|+79331747374|egorova710@mail.ru|300|2026-06-04|отказ|контракт
4161|53|Петров Сергей Алексеевич|2110 483961|+79924208658|petrov900@mail.ru|262|2026-07-23|зачислен|контракт
4162|53|Кузнецова Анастасия Алексеевна|9240 664733|+79472946299|kuznecova216@mail.ru|241|2026-07-01|зачислен|бюджет
4163|53|Егоров Максим Андреевич|3524 374322|+79504753047|egorov410@mail.ru|300|2026-06-24|отозвано|контракт
4164|53|Андреев Артём Андреевич|8720 224437|+79960729764|andreev527@mail.ru|234|2026-06-08|отозвано|контракт
4165|53|Фёдоров Дмитрий Александрович|1380 179445|+79483618979|fedorov282@mail.ru|272|2026-07-19|отказ|бюджет
4166|53|Алексеев Кирилл Алексеевич|3537 484310|+79075404564|alekseev847@mail.ru|265|2026-07-11|зачислен|контракт
4167|53|Волкова София Артёмовна|7821 793146|+79236867869|volkova285@mail.ru|266|2026-07-24|отозвано|бюджет
4168|53|Фёдоров Матвей Андреевич|8353 936802|+79366215972|fedorov579@mail.ru|247|2026-06-07|отказ|бюджет
4169|53|Новиков Никита Ильич|7217 536889|+79914071519|novikov862@mail.ru|271|2026-06-18|зачислен|бюджет
4170|53|Николаев Сергей Андреевич|5351 555861|+79190132215|nikolaev511@mail.ru|249|2026-06-07|отказ|контракт
4171|53|Смирнова Юлия Михайловна|3068 539864|+79231108456|smirnova801@mail.ru|251|2026-06-19|подано|контракт
4172|53|Иванова Екатерина Алексеевна|7892 388182|+79105908796|ivanova131@mail.ru|278|2026-07-09|зачислен|бюджет
4173|53|Петров Михаил Алексеевич|4834 828573|+79473589736|petrov534@mail.ru|273|2026-07-18|зачислен|бюджет
4174|53|Васильев Кирилл Андреевич|2752 380447|+79164892167|vasilev953@mail.ru|217|2026-07-22|отказ|контракт
4175|53|Попова Наталья Артёмовна|3432 975966|+79654691741|popova469@mail.ru|263|2026-06-13|отказ|бюджет
4176|53|Семёнова Дарья Андреевна|3471 408541|+79663552025|semenova639@mail.ru|300|2026-06-06|отказ|бюджет
4177|53|Алексеева Алиса Романовна|4949 736998|+79142907669|alekseeva828@mail.ru|300|2026-07-21|отказ|бюджет
4178|53|Иванов Илья Сергеевич|2958 273158|+79954990440|ivanov632@mail.ru|290|2026-06-23|подано|бюджет
4179|53|Павлов Роман Ильич|7918 444905|+79758343695|pavlov889@mail.ru|271|2026-06-05|зачислен|бюджет
4180|54|Лебедев Арсений Дмитриевич|7235 185568|+79282146358|lebedev732@mail.ru|171|2026-06-01|отозвано|бюджет
4181|54|Алексеева Екатерина Романовна|6078 780356|+79888556261|alekseeva639@mail.ru|178|2026-07-08|зачислен|бюджет
4182|54|Никитина Наталья Дмитриевна|8781 501904|+79035619080|nikitina279@mail.ru|120|2026-06-14|зачислен|бюджет
4183|54|Андреев Алексей Романович|4922 178162|+79349011116|andreev411@mail.ru|166|2026-07-21|зачислен|бюджет
4184|54|Степанова Ольга Максимовна|7373 278870|+79380588344|stepanova589@mail.ru|190|2026-07-20|отказ|контракт
4185|54|Кузнецова Полина Кирилловна|9657 765966|+79523756424|kuznecova111@mail.ru|177|2026-07-22|отказ|бюджет
4186|54|Алексеева Юлия Ивановна|8026 331317|+79978463925|alekseeva399@mail.ru|194|2026-06-13|подано|бюджет
4187|54|Соколова Мария Алексеевна|3457 534137|+79413282058|sokolova764@mail.ru|194|2026-06-21|отозвано|бюджет
4188|54|Васильев Матвей Иванович|3222 437742|+79916566543|vasilev599@mail.ru|202|2026-06-17|отказ|бюджет
4189|54|Егорова Марина Ивановна|8488 364931|+79529222627|egorova920@mail.ru|165|2026-07-22|отозвано|бюджет
4190|54|Смирнова Виктория Ильинична|9429 741665|+79168528835|smirnova683@mail.ru|205|2026-06-19|отказ|бюджет
4191|54|Павлов Андрей Ильич|5222 162639|+79499836750|pavlov166@mail.ru|183|2026-07-17|подано|бюджет
4192|54|Николаева Марина Михайловна|7976 613378|+79752354008|nikolaeva754@mail.ru|178|2026-06-06|отказ|бюджет
4193|54|Фёдорова Ольга Кирилловна|8924 576311|+79328324452|fedorova204@mail.ru|170|2026-07-08|зачислен|бюджет
4194|54|Андреев Арсений Сергеевич|7055 123148|+79663725180|andreev908@mail.ru|195|2026-07-15|отказ|контракт
4195|54|Николаев Алексей Иванович|2162 189803|+79514976426|nikolaev621@mail.ru|185|2026-06-25|подано|контракт
4196|54|Макаров Алексей Артёмович|3980 293871|+79664549327|makarov405@mail.ru|216|2026-07-03|зачислен|бюджет
4197|54|Петров Денис Дмитриевич|2892 564091|+79644278983|petrov917@mail.ru|169|2026-07-23|подано|контракт
4198|54|Орлова Виктория Андреевна|6719 447588|+79901927293|orlova877@mail.ru|170|2026-07-13|зачислен|бюджет
4199|54|Николаева Анна Ивановна|6671 428073|+79547264341|nikolaeva233@mail.ru|174|2026-06-16|отозвано|бюджет
4200|54|Морозов Артём Максимович|6506 614446|+79701670600|morozov250@mail.ru|210|2026-06-08|отказ|бюджет
4201|54|Козлова Елизавета Максимовна|5796 167946|+79785810961|kozlova681@mail.ru|161|2026-06-13|подано|контракт
4202|54|Козлова Анна Максимовна|5214 722430|+79311114926|kozlova170@mail.ru|197|2026-06-16|подано|бюджет
4203|54|Макаров Роман Кириллович|1642 605490|+79789031374|makarov605@mail.ru|213|2026-06-03|отказ|бюджет
4204|54|Макаров Михаил Иванович|4409 203942|+79097916141|makarov686@mail.ru|192|2026-07-09|отозвано|бюджет
4205|54|Егорова Анастасия Сергеевна|7167 128282|+79058159576|egorova601@mail.ru|158|2026-06-09|отказ|контракт
4206|54|Фёдоров Кирилл Алексеевич|5696 564054|+79867012009|fedorov419@mail.ru|152|2026-06-03|отказ|бюджет
4207|54|Семёнов Роман Александрович|3778 905796|+79990388764|semenov658@mail.ru|172|2026-06-17|отказ|бюджет
4208|54|Новиков Кирилл Дмитриевич|5284 462104|+79531547799|novikov414@mail.ru|195|2026-06-17|подано|контракт
4209|54|Макарова Ольга Кирилловна|6138 711067|+79087301396|makarova257@mail.ru|196|2026-07-15|зачислен|контракт
4210|54|Лебедев Андрей Максимович|7111 838542|+79191598415|lebedev438@mail.ru|220|2026-06-13|зачислен|бюджет
4211|54|Кузнецова Виктория Дмитриевна|7101 766006|+79283411099|kuznecova781@mail.ru|227|2026-07-18|отозвано|бюджет
4212|54|Егорова Анна Кирилловна|7775 133013|+79284023896|egorova770@mail.ru|151|2026-07-05|отказ|бюджет
4213|54|Орлов Артём Алексеевич|8615 296444|+79492262387|orlov525@mail.ru|188|2026-06-20|подано|бюджет
4214|54|Алексеев Александр Романович|5269 765192|+79445908572|alekseev799@mail.ru|153|2026-07-11|отказ|бюджет
4215|54|Козлова Ксения Андреевна|5176 209615|+79753708377|kozlova638@mail.ru|199|2026-07-16|зачислен|бюджет
4216|54|Фёдорова Марина Александровна|4498 417268|+79664428569|fedorova474@mail.ru|191|2026-06-19|отказ|контракт
4217|54|Лебедев Денис Максимович|5984 823435|+79050545530|lebedev218@mail.ru|192|2026-07-19|подано|бюджет
4218|54|Макарова София Ильинична|3708 331766|+79176410880|makarova498@mail.ru|158|2026-06-03|отказ|бюджет
4219|54|Козлов Артём Иванович|4500 253224|+79571683785|kozlov210@mail.ru|198|2026-06-19|подано|контракт
4220|54|Николаева Наталья Михайловна|1316 780721|+79155035318|nikolaeva293@mail.ru|231|2026-07-18|зачислен|контракт
4221|54|Павлов Егор Андреевич|2141 371278|+79404859164|pavlov229@mail.ru|176|2026-06-16|зачислен|контракт
4222|54|Новиков Александр Андреевич|5257 342142|+79119288806|novikov214@mail.ru|170|2026-07-06|зачислен|бюджет
4223|54|Петрова Ольга Александровна|3908 548325|+79852231195|petrova347@mail.ru|253|2026-06-01|отказ|бюджет
4224|54|Николаев Артём Иванович|2671 608295|+79032418686|nikolaev931@mail.ru|194|2026-06-05|зачислен|бюджет
4225|54|Соколова Ольга Артёмовна|9113 970450|+79092838129|sokolova284@mail.ru|157|2026-07-19|отказ|контракт
4226|54|Алексеева Дарья Ильинична|5997 442559|+79599347464|alekseeva840@mail.ru|237|2026-06-03|подано|бюджет
4227|54|Козлов Артём Романович|8038 304347|+79786155657|kozlov718@mail.ru|167|2026-06-07|зачислен|бюджет
4228|54|Кузнецов Никита Александрович|4369 812265|+79644939165|kuznecov582@mail.ru|165|2026-07-03|отказ|бюджет
4229|54|Морозов Егор Ильич|5460 888745|+79449532610|morozov417@mail.ru|200|2026-07-04|отозвано|контракт
4230|54|Волков Артём Артёмович|2384 114570|+79420641738|volkov432@mail.ru|170|2026-07-14|зачислен|бюджет
4231|54|Козлова Алиса Ильинична|7036 374575|+79220414308|kozlova625@mail.ru|185|2026-06-03|зачислен|бюджет
4232|54|Козлова Ольга Ильинична|8237 648281|+79319795524|kozlova100@mail.ru|177|2026-07-14|подано|контракт
4233|54|Павлов Максим Артёмович|4232 320518|+79770332953|pavlov172@mail.ru|198|2026-06-05|отказ|бюджет
4234|54|Попова Ксения Дмитриевна|7998 760322|+79422357035|popova803@mail.ru|150|2026-07-23|отказ|бюджет
4235|54|Васильев Максим Артёмович|3229 427595|+79932394559|vasilev873@mail.ru|188|2026-07-01|отозвано|бюджет
4236|54|Волков Егор Андреевич|7049 430180|+79791595386|volkov124@mail.ru|213|2026-06-01|отказ|контракт
4237|54|Алексеева Виктория Дмитриевна|2936 887812|+79084374925|alekseeva839@mail.ru|204|2026-06-03|зачислен|бюджет
4238|54|Волков Михаил Сергеевич|6964 287113|+79053884393|volkov469@mail.ru|156|2026-06-05|отозвано|бюджет
4239|54|Попова Марина Ивановна|9170 344331|+79122070884|popova435@mail.ru|204|2026-07-11|отказ|бюджет
4240|54|Петрова Марина Михайловна|1273 801659|+79140681447|petrova243@mail.ru|122|2026-06-25|отказ|контракт
4241|54|Никитина Мария Ивановна|8445 337263|+79349756871|nikitina785@mail.ru|237|2026-06-11|зачислен|контракт
4242|54|Никитина Ксения Алексеевна|1756 688122|+79547167874|nikitina876@mail.ru|178|2026-06-24|отказ|бюджет
4243|54|Васильев Михаил Александрович|5192 292239|+79889688270|vasilev507@mail.ru|211|2026-07-03|отказ|бюджет
4244|54|Волков Максим Андреевич|5840 555683|+79665069324|volkov589@mail.ru|171|2026-07-14|отказ|бюджет
4245|54|Иванов Иван Дмитриевич|7589 388185|+79559883229|ivanov566@mail.ru|167|2026-07-14|зачислен|бюджет
4246|54|Фёдоров Егор Романович|8835 753367|+79132463232|fedorov231@mail.ru|184|2026-06-22|зачислен|бюджет
4247|54|Новиков Александр Андреевич|3760 848234|+79387926547|novikov865@mail.ru|133|2026-06-17|зачислен|бюджет
4248|54|Морозов Егор Михайлович|5853 437402|+79608101093|morozov488@mail.ru|246|2026-07-17|отказ|контракт
4249|54|Фёдорова Наталья Ивановна|7771 712226|+79431345886|fedorova645@mail.ru|184|2026-07-09|отказ|бюджет
4250|54|Алексеев Арсений Михайлович|8851 301734|+79049117445|alekseev963@mail.ru|187|2026-06-01|подано|бюджет
4251|54|Петрова Анастасия Ивановна|5107 524881|+79911570573|petrova964@mail.ru|150|2026-07-25|подано|бюджет
4252|54|Кузнецов Максим Романович|9716 128077|+79019803236|kuznecov800@mail.ru|177|2026-07-24|отказ|бюджет
4253|54|Козлов Илья Кириллович|6967 890774|+79519379346|kozlov743@mail.ru|207|2026-07-11|зачислен|бюджет
4254|54|Семёнов Сергей Андреевич|6300 882022|+79772552189|semenov293@mail.ru|167|2026-06-25|отозвано|бюджет
4255|54|Соколова Мария Максимовна|7411 741501|+79371411331|sokolova314@mail.ru|184|2026-07-16|зачислен|бюджет
4256|54|Соколов Иван Артёмович|8220 871931|+79453953415|sokolov483@mail.ru|228|2026-06-21|зачислен|бюджет
4257|54|Смирнова Татьяна Ильинична|4310 250099|+79781816822|smirnova197@mail.ru|143|2026-06-01|отозвано|бюджет
4258|54|Семёнов Никита Дмитриевич|8014 453760|+79060472363|semenov867@mail.ru|177|2026-06-08|отказ|контракт
4259|54|Козлова Марина Дмитриевна|4717 786109|+79843225335|kozlova210@mail.ru|191|2026-07-25|отказ|бюджет
4260|54|Смирнов Сергей Романович|2181 415178|+79043391854|smirnov457@mail.ru|200|2026-07-25|подано|контракт
4261|54|Лебедева Екатерина Александровна|9770 491472|+79200111559|lebedeva886@mail.ru|224|2026-07-15|отказ|бюджет
4262|54|Егоров Илья Романович|2972 768623|+79196662578|egorov529@mail.ru|157|2026-06-21|зачислен|контракт
4263|54|Морозов Михаил Дмитриевич|9311 966276|+79749199874|morozov371@mail.ru|180|2026-07-05|отказ|контракт
4264|54|Фёдорова Елизавета Сергеевна|4975 692018|+79741547336|fedorova906@mail.ru|190|2026-07-19|отказ|контракт
4265|54|Фёдоров Артём Ильич|2510 784357|+79938679649|fedorov579@mail.ru|181|2026-06-24|отказ|бюджет
4266|54|Павлов Сергей Михайлович|4929 340832|+79014236405|pavlov646@mail.ru|208|2026-06-06|отказ|бюджет
4267|54|Михайлов Иван Андреевич|7591 990108|+79479012849|mihaylov392@mail.ru|207|2026-07-01|зачислен|контракт
4268|54|Орлов Дмитрий Александрович|1796 164214|+79093208681|orlov688@mail.ru|164|2026-06-23|подано|бюджет
4269|54|Козлов Арсений Кириллович|9261 276671|+79364411169|kozlov254@mail.ru|146|2026-07-18|зачислен|бюджет
4270|54|Васильев Арсений Максимович|1661 752649|+79712151844|vasilev168@mail.ru|244|2026-06-12|отказ|контракт
4271|54|Михайлов Сергей Иванович|3774 740154|+79349465790|mihaylov441@mail.ru|208|2026-06-11|отказ|бюджет
4272|54|Иванова Екатерина Романовна|1466 619869|+79985114126|ivanova492@mail.ru|167|2026-07-17|подано|бюджет
4273|55|Андреев Максим Романович|9140 346077|+79944266417|andreev987@mail.ru|176|2026-07-21|подано|бюджет
4274|55|Андреева Татьяна Алексеевна|1417 768818|+79980969324|andreeva725@mail.ru|183|2026-06-17|подано|контракт
4275|55|Егоров Кирилл Александрович|3069 381911|+79245472224|egorov126@mail.ru|193|2026-07-12|зачислен|контракт
4276|55|Егорова Ольга Алексеевна|2728 285091|+79151548787|egorova340@mail.ru|169|2026-06-07|зачислен|бюджет
4277|55|Никитина Екатерина Артёмовна|3066 543692|+79092436364|nikitina937@mail.ru|120|2026-06-16|отозвано|бюджет
4278|55|Николаев Илья Кириллович|6794 166437|+79643203714|nikolaev459@mail.ru|198|2026-07-23|отказ|бюджет
4279|55|Орлов Матвей Максимович|9235 839909|+79362387831|orlov243@mail.ru|157|2026-07-17|отказ|бюджет
4280|55|Орлова Дарья Ивановна|5843 124880|+79994959158|orlova633@mail.ru|165|2026-06-06|зачислен|бюджет
4281|55|Попова Анна Ильинична|1232 442396|+79507837342|popova306@mail.ru|184|2026-07-15|зачислен|бюджет
4282|55|Егорова Юлия Ивановна|9788 293930|+79267943086|egorova420@mail.ru|186|2026-07-25|зачислен|контракт
4283|55|Егоров Александр Кириллович|8067 594343|+79731637101|egorov956@mail.ru|179|2026-07-25|отказ|бюджет
4284|55|Попов Иван Иванович|7267 155728|+79872595102|popov329@mail.ru|120|2026-07-01|подано|бюджет
4285|55|Михайлова Полина Дмитриевна|9077 415694|+79370643131|mihaylova342@mail.ru|165|2026-06-11|подано|бюджет
4286|55|Семёнов Иван Сергеевич|4216 206715|+79067335212|semenov541@mail.ru|161|2026-07-04|отказ|бюджет
4287|55|Соколов Сергей Романович|4363 879431|+79248785857|sokolov387@mail.ru|158|2026-07-05|зачислен|бюджет
4288|55|Кузнецова Екатерина Ивановна|2270 228071|+79645435519|kuznecova650@mail.ru|201|2026-07-01|подано|контракт
4289|55|Семёнов Матвей Александрович|3597 364345|+79796165127|semenov527@mail.ru|218|2026-07-15|отказ|бюджет
4290|55|Волкова Наталья Андреевна|8169 737848|+79124197343|volkova774@mail.ru|168|2026-06-22|зачислен|бюджет
4291|55|Егорова Мария Дмитриевна|1511 926814|+79550405295|egorova819@mail.ru|120|2026-07-16|подано|бюджет
4292|55|Волкова Ксения Артёмовна|4388 204910|+79755936303|volkova494@mail.ru|213|2026-07-12|подано|бюджет
4293|55|Волков Роман Алексеевич|4732 563526|+79526864571|volkov228@mail.ru|190|2026-07-16|зачислен|бюджет
4294|55|Павлов Андрей Романович|6981 258893|+79832354328|pavlov908@mail.ru|152|2026-06-23|подано|контракт
4295|55|Васильева Екатерина Алексеевна|6242 979518|+79978921493|vasileva200@mail.ru|175|2026-07-08|отказ|бюджет
4296|55|Степанов Дмитрий Александрович|9533 198217|+79759497926|stepanov700@mail.ru|213|2026-06-16|зачислен|бюджет
4297|55|Никитин Алексей Кириллович|2415 740474|+79073443411|nikitin205@mail.ru|189|2026-06-20|отказ|контракт
4298|55|Смирнов Егор Алексеевич|3199 891083|+79061077728|smirnov241@mail.ru|186|2026-06-11|отказ|бюджет
4299|55|Кузнецова Анна Андреевна|3124 945168|+79222595384|kuznecova316@mail.ru|197|2026-07-01|подано|бюджет
4300|55|Макаров Илья Сергеевич|6295 817185|+79014104493|makarov631@mail.ru|164|2026-06-22|зачислен|бюджет
4301|55|Степанова Анастасия Алексеевна|6244 652585|+79997140069|stepanova432@mail.ru|162|2026-07-02|отказ|бюджет
4302|55|Иванова Мария Максимовна|5119 941979|+79640883951|ivanova724@mail.ru|164|2026-06-13|зачислен|бюджет
4303|55|Волкова Татьяна Алексеевна|3315 197207|+79882613117|volkova129@mail.ru|193|2026-07-12|отказ|бюджет
4304|55|Лебедева Марина Артёмовна|6163 230622|+79702741899|lebedeva795@mail.ru|214|2026-07-15|подано|бюджет
4305|55|Макарова Юлия Андреевна|8082 218410|+79539798062|makarova327@mail.ru|142|2026-07-21|отказ|контракт
4306|55|Васильева Мария Артёмовна|2178 348787|+79585470129|vasileva346@mail.ru|221|2026-07-05|отозвано|контракт
4307|55|Николаев Никита Андреевич|3742 147204|+79225198300|nikolaev566@mail.ru|120|2026-06-15|подано|бюджет
4308|55|Волков Максим Кириллович|4897 953120|+79874034441|volkov428@mail.ru|159|2026-06-17|отозвано|контракт
4309|55|Павлова София Александровна|4733 431899|+79762908851|pavlova823@mail.ru|121|2026-06-11|отказ|бюджет
4310|55|Фёдоров Денис Артёмович|9773 683866|+79895373980|fedorov821@mail.ru|201|2026-06-04|отказ|бюджет
4311|55|Никитина Елизавета Максимовна|2062 963383|+79524281805|nikitina200@mail.ru|181|2026-06-14|зачислен|контракт
4312|55|Козлов Арсений Алексеевич|9327 599332|+79911469153|kozlov259@mail.ru|151|2026-07-09|отказ|бюджет
4313|55|Николаева Мария Ильинична|4991 185643|+79956540399|nikolaeva943@mail.ru|146|2026-07-19|зачислен|контракт
4314|55|Смирнова Ольга Ивановна|3030 859815|+79710277470|smirnova796@mail.ru|144|2026-07-17|отказ|бюджет
4315|55|Николаев Дмитрий Максимович|3155 440849|+79874377320|nikolaev374@mail.ru|159|2026-07-01|подано|контракт
4316|55|Смирнов Илья Иванович|4846 620166|+79365483428|smirnov622@mail.ru|187|2026-07-22|отказ|бюджет
4317|55|Волкова Анастасия Романовна|3731 588051|+79374711854|volkova515@mail.ru|120|2026-07-06|отказ|бюджет
4318|55|Козлова Елизавета Михайловна|9945 286911|+79008953451|kozlova808@mail.ru|210|2026-06-01|зачислен|бюджет
4319|55|Никитина Юлия Романовна|5412 202236|+79460389297|nikitina545@mail.ru|180|2026-07-18|отказ|контракт
4320|55|Макаров Денис Кириллович|3661 583633|+79329263546|makarov765@mail.ru|192|2026-07-23|зачислен|контракт
4321|55|Соколов Кирилл Алексеевич|7545 817027|+79512042514|sokolov993@mail.ru|171|2026-07-25|зачислен|контракт
4322|55|Соколов Роман Сергеевич|7462 195939|+79259187405|sokolov965@mail.ru|203|2026-07-10|зачислен|контракт
4323|55|Семёнов Сергей Дмитриевич|5688 967558|+79224985749|semenov641@mail.ru|159|2026-06-20|подано|контракт
4324|55|Петрова Екатерина Александровна|5582 699442|+79082152892|petrova692@mail.ru|175|2026-06-14|подано|бюджет
4325|55|Лебедев Кирилл Андреевич|8546 920079|+79126528764|lebedev445@mail.ru|138|2026-07-20|отказ|бюджет
4326|55|Соколов Андрей Алексеевич|1206 772900|+79883933421|sokolov923@mail.ru|166|2026-07-14|зачислен|бюджет
4327|55|Егорова Анна Ильинична|4973 319934|+79262210782|egorova506@mail.ru|181|2026-07-05|отказ|контракт
4328|55|Никитин Матвей Артёмович|1625 158477|+79125717017|nikitin788@mail.ru|197|2026-06-19|отказ|контракт
4329|55|Козлов Роман Александрович|5273 460943|+79587220764|kozlov141@mail.ru|168|2026-07-09|подано|контракт
4330|55|Орлов Михаил Артёмович|6758 765053|+79979990297|orlov691@mail.ru|139|2026-07-19|отозвано|контракт
4331|55|Иванов Михаил Дмитриевич|1809 548664|+79923495660|ivanov695@mail.ru|190|2026-06-17|отозвано|бюджет
4332|55|Макарова Дарья Ивановна|8200 788847|+79515013289|makarova366@mail.ru|171|2026-06-22|отказ|бюджет
4333|55|Лебедева Мария Алексеевна|7719 879610|+79807838688|lebedeva911@mail.ru|164|2026-06-07|отказ|бюджет
4334|55|Алексеева Анастасия Максимовна|5484 893355|+79888473613|alekseeva596@mail.ru|202|2026-07-02|отказ|контракт
4335|55|Васильев Алексей Иванович|7756 616272|+79396850162|vasilev998@mail.ru|203|2026-07-10|подано|бюджет
4336|55|Степанова Елизавета Кирилловна|7017 656375|+79171909379|stepanova337@mail.ru|203|2026-07-23|подано|бюджет
4337|55|Павлова Ольга Ильинична|5521 578199|+79228056158|pavlova718@mail.ru|128|2026-06-21|отказ|бюджет
4338|55|Макаров Егор Дмитриевич|5152 414386|+79601515012|makarov771@mail.ru|183|2026-06-01|отказ|бюджет
4339|55|Новиков Михаил Кириллович|4302 478747|+79339069223|novikov331@mail.ru|120|2026-06-11|подано|бюджет
4340|55|Смирнова Ольга Романовна|9284 574177|+79217101590|smirnova213@mail.ru|167|2026-06-08|подано|бюджет
4341|55|Андреев Кирилл Андреевич|9263 786031|+79134509387|andreev132@mail.ru|214|2026-06-08|отказ|бюджет
4342|55|Соколова Марина Кирилловна|8290 738225|+79844858339|sokolova456@mail.ru|178|2026-06-07|подано|бюджет
4343|56|Павлов Максим Иванович|3720 901556|+79179333435|pavlov298@mail.ru|177|2026-06-08|зачислен|бюджет
4344|56|Смирнова Елизавета Андреевна|2114 543130|+79262761775|smirnova557@mail.ru|220|2026-06-22|отказ|бюджет
4345|56|Кузнецова Ольга Андреевна|1273 126309|+79167727474|kuznecova941@mail.ru|203|2026-06-11|подано|бюджет
4346|56|Павлова Полина Алексеевна|5607 416942|+79008604403|pavlova486@mail.ru|137|2026-06-07|отказ|бюджет
4347|56|Попов Артём Алексеевич|8945 160651|+79875830014|popov132@mail.ru|147|2026-06-08|зачислен|бюджет
4348|56|Кузнецова Полина Дмитриевна|5305 497883|+79846098644|kuznecova318@mail.ru|135|2026-07-12|отказ|контракт
4349|56|Лебедева Ольга Артёмовна|4405 703685|+79227833623|lebedeva465@mail.ru|142|2026-07-23|отказ|бюджет
4350|56|Никитина Анастасия Дмитриевна|1754 904318|+79136013248|nikitina403@mail.ru|154|2026-07-19|отказ|бюджет
4351|56|Козлова Елизавета Александровна|2787 154290|+79309862546|kozlova969@mail.ru|191|2026-06-12|зачислен|контракт
4352|56|Никитин Никита Михайлович|2132 196169|+79396954753|nikitin986@mail.ru|216|2026-07-17|отказ|бюджет
4353|56|Васильева Марина Дмитриевна|7332 757239|+79084964418|vasileva286@mail.ru|160|2026-06-06|отказ|бюджет
4354|56|Николаев Алексей Андреевич|1269 982181|+79883357224|nikolaev650@mail.ru|149|2026-07-10|зачислен|бюджет
4355|56|Степанов Александр Дмитриевич|6040 342000|+79392256638|stepanov506@mail.ru|147|2026-06-25|зачислен|контракт
4356|56|Семёнов Сергей Алексеевич|1557 657480|+79975580098|semenov204@mail.ru|182|2026-07-01|отказ|бюджет
4357|56|Лебедев Роман Иванович|6826 913360|+79407201505|lebedev642@mail.ru|198|2026-07-06|отказ|контракт
4358|56|Волкова Виктория Александровна|4198 747138|+79478288295|volkova168@mail.ru|196|2026-07-15|отказ|бюджет
4359|56|Петрова Анна Андреевна|4608 179463|+79074689601|petrova978@mail.ru|202|2026-07-22|отозвано|бюджет
4360|56|Михайлов Дмитрий Александрович|8968 528548|+79827901858|mihaylov491@mail.ru|146|2026-07-16|подано|бюджет
4361|56|Егоров Алексей Александрович|8891 127888|+79689114214|egorov524@mail.ru|186|2026-07-18|зачислен|бюджет
4362|56|Степанова Юлия Максимовна|6511 764749|+79510625309|stepanova351@mail.ru|149|2026-07-20|отказ|бюджет
4363|56|Макарова Наталья Максимовна|9325 499916|+79118918073|makarova282@mail.ru|188|2026-06-23|зачислен|бюджет
4364|56|Соколова Виктория Михайловна|1953 884881|+79300776045|sokolova548@mail.ru|136|2026-07-14|зачислен|бюджет
4365|56|Орлова Анна Михайловна|8730 232117|+79819569578|orlova642@mail.ru|201|2026-06-25|отказ|бюджет
4366|56|Степанов Михаил Романович|2740 124443|+79313459096|stepanov364@mail.ru|159|2026-06-06|отказ|бюджет
4367|56|Новикова София Сергеевна|3582 725909|+79353940013|novikova729@mail.ru|229|2026-07-09|отказ|контракт
4368|56|Петров Илья Александрович|3983 893999|+79633425726|petrov118@mail.ru|252|2026-06-15|зачислен|бюджет
4369|56|Смирнова Наталья Ильинична|9117 169448|+79546146842|smirnova210@mail.ru|177|2026-06-04|отказ|бюджет
4370|56|Новикова Екатерина Михайловна|8315 999175|+79359442715|novikova107@mail.ru|137|2026-07-11|подано|бюджет
4371|56|Павлова Анна Ильинична|2121 993887|+79620685438|pavlova977@mail.ru|197|2026-06-25|зачислен|бюджет
4372|56|Петров Иван Максимович|6330 777172|+79664056673|petrov237@mail.ru|187|2026-07-10|зачислен|бюджет
4373|56|Попова Алиса Михайловна|2766 518617|+79766909660|popova550@mail.ru|153|2026-07-08|подано|бюджет
4374|56|Васильев Сергей Дмитриевич|2649 455666|+79959644849|vasilev808@mail.ru|171|2026-06-22|отказ|бюджет
4375|56|Николаева Полина Андреевна|6663 402505|+79718177115|nikolaeva990@mail.ru|171|2026-06-09|отозвано|бюджет
4376|56|Попова Анна Александровна|5395 869981|+79416960586|popova414@mail.ru|194|2026-06-02|подано|бюджет
4377|56|Смирнова Татьяна Михайловна|7632 353988|+79652362202|smirnova820@mail.ru|223|2026-07-06|отказ|бюджет
4378|56|Степанова Полина Ивановна|1055 255759|+79675174540|stepanova933@mail.ru|157|2026-07-19|зачислен|контракт
4379|56|Семёнова Алиса Александровна|9495 420391|+79827938727|semenova337@mail.ru|157|2026-06-15|подано|бюджет
4380|56|Лебедева Полина Дмитриевна|9843 900816|+79564878082|lebedeva576@mail.ru|135|2026-06-06|подано|бюджет
4381|56|Кузнецова Виктория Максимовна|5307 436605|+79174948303|kuznecova255@mail.ru|206|2026-06-12|отказ|контракт
4382|56|Петрова Ксения Максимовна|6256 573821|+79724137586|petrova531@mail.ru|226|2026-06-18|подано|контракт
4383|56|Лебедева София Сергеевна|5827 966423|+79725802407|lebedeva216@mail.ru|209|2026-06-15|подано|бюджет
4384|56|Андреева София Артёмовна|1563 880662|+79660168957|andreeva729@mail.ru|192|2026-06-07|отказ|бюджет
4385|56|Новиков Денис Андреевич|1698 867005|+79826784625|novikov367@mail.ru|198|2026-06-10|зачислен|контракт
4386|56|Фёдорова Екатерина Александровна|8919 578486|+79454017173|fedorova769@mail.ru|156|2026-06-17|подано|бюджет
4387|56|Кузнецов Денис Андреевич|4038 748799|+79997427144|kuznecov683@mail.ru|193|2026-06-09|отозвано|контракт
4388|56|Васильев Михаил Артёмович|2057 671848|+79901980313|vasilev524@mail.ru|181|2026-07-01|отказ|бюджет
4389|56|Новикова Полина Дмитриевна|7828 220905|+79012014359|novikova888@mail.ru|167|2026-07-18|отказ|контракт
4390|56|Иванова Анна Ильинична|8047 732553|+79721318793|ivanova711@mail.ru|199|2026-07-17|отказ|контракт
4391|56|Петров Сергей Дмитриевич|2329 440720|+79612993242|petrov728@mail.ru|196|2026-06-18|зачислен|контракт
4392|56|Андреева Дарья Дмитриевна|2900 211247|+79766436495|andreeva867@mail.ru|176|2026-06-10|подано|бюджет
4393|56|Морозов Александр Ильич|7165 304270|+79202632757|morozov977@mail.ru|221|2026-06-15|отказ|контракт
4394|56|Андреев Илья Андреевич|1838 307484|+79131022522|andreev963@mail.ru|175|2026-06-10|отказ|бюджет
4395|56|Павлова Татьяна Ильинична|5872 893344|+79021127517|pavlova716@mail.ru|143|2026-07-15|отказ|контракт
4396|56|Козлова Елизавета Максимовна|9146 791308|+79369890813|kozlova773@mail.ru|193|2026-06-25|зачислен|бюджет
4397|56|Соколов Дмитрий Максимович|4627 872739|+79219813437|sokolov626@mail.ru|145|2026-06-15|отказ|контракт
4398|56|Семёнова Анна Артёмовна|3446 509268|+79409193783|semenova767@mail.ru|181|2026-07-19|отозвано|бюджет
4399|56|Кузнецов Матвей Дмитриевич|5019 454605|+79558922606|kuznecov826@mail.ru|185|2026-06-13|зачислен|бюджет
4400|56|Новикова Алиса Ильинична|4671 110786|+79317671158|novikova361@mail.ru|194|2026-07-01|отказ|контракт
4401|56|Егоров Александр Иванович|5924 998566|+79982267937|egorov851@mail.ru|200|2026-07-16|зачислен|бюджет
4402|56|Фёдоров Никита Романович|3182 459960|+79937169249|fedorov723@mail.ru|205|2026-07-03|зачислен|контракт
4403|56|Лебедев Роман Ильич|6535 276128|+79951882860|lebedev783@mail.ru|196|2026-07-16|зачислен|контракт
4404|56|Лебедева Марина Артёмовна|1572 866160|+79094906454|lebedeva979@mail.ru|201|2026-07-11|зачислен|бюджет
4405|56|Павлов Матвей Кириллович|1867 955902|+79027466307|pavlov134@mail.ru|197|2026-07-09|зачислен|бюджет
4406|56|Смирнова Екатерина Максимовна|9432 812879|+79555825749|smirnova319@mail.ru|154|2026-06-12|зачислен|бюджет
4407|56|Петрова Юлия Алексеевна|9278 370569|+79177081082|petrova422@mail.ru|171|2026-06-23|зачислен|бюджет
4408|56|Новиков Михаил Михайлович|4193 544357|+79006922937|novikov651@mail.ru|178|2026-07-14|подано|бюджет
4409|56|Иванова София Михайловна|9183 749397|+79996905947|ivanova969@mail.ru|132|2026-07-15|подано|бюджет
4410|56|Лебедева Екатерина Романовна|1289 281144|+79853948935|lebedeva555@mail.ru|192|2026-06-18|отказ|бюджет
4411|56|Макаров Артём Кириллович|9998 307128|+79386537498|makarov243@mail.ru|164|2026-07-20|отозвано|бюджет
4412|56|Степанова Виктория Максимовна|5211 798397|+79058774133|stepanova616@mail.ru|145|2026-07-06|отказ|контракт
4413|56|Орлов Кирилл Иванович|7313 507173|+79212715282|orlov767@mail.ru|198|2026-07-19|отозвано|контракт
4414|57|Андреев Сергей Артёмович|4015 462760|+79440876028|andreev996@mail.ru|258|2026-06-10|отказ|бюджет
4415|57|Андреева Ольга Михайловна|2811 978180|+79324934891|andreeva943@mail.ru|272|2026-06-08|отказ|бюджет
4416|57|Смирнов Денис Иванович|3064 525183|+79279211338|smirnov535@mail.ru|284|2026-06-03|подано|бюджет
4417|57|Смирнова Алиса Романовна|2546 345127|+79908734056|smirnova567@mail.ru|273|2026-07-10|подано|бюджет
4418|57|Макарова Анастасия Михайловна|9314 271855|+79896822570|makarova585@mail.ru|244|2026-07-24|отказ|бюджет
4419|57|Андреева Анна Андреевна|4857 854679|+79345599681|andreeva758@mail.ru|223|2026-07-18|отказ|бюджет
4420|57|Козлова Юлия Михайловна|2338 881871|+79382804052|kozlova226@mail.ru|193|2026-07-22|отозвано|контракт
4421|57|Алексеева Дарья Алексеевна|1502 500540|+79063920494|alekseeva667@mail.ru|233|2026-07-20|отказ|бюджет
4422|57|Соколова Татьяна Кирилловна|2846 936707|+79994833413|sokolova688@mail.ru|214|2026-06-22|отказ|контракт
4423|57|Макарова Анна Кирилловна|2034 748089|+79547584261|makarova666@mail.ru|228|2026-06-05|отказ|бюджет
4424|57|Фёдорова Мария Алексеевна|7637 462970|+79038804095|fedorova290@mail.ru|242|2026-07-14|отказ|бюджет
4425|57|Лебедев Максим Сергеевич|4239 122828|+79592727943|lebedev581@mail.ru|240|2026-07-16|подано|бюджет
4426|57|Макаров Сергей Андреевич|8996 775770|+79091265837|makarov982@mail.ru|253|2026-07-20|подано|бюджет
4427|57|Смирнов Артём Алексеевич|5083 557941|+79748936235|smirnov511@mail.ru|265|2026-06-19|зачислен|бюджет
4428|57|Кузнецов Артём Андреевич|5748 721832|+79744961103|kuznecov302@mail.ru|216|2026-06-20|зачислен|бюджет
4429|57|Семёнов Илья Дмитриевич|9485 952683|+79397080204|semenov334@mail.ru|227|2026-06-07|подано|бюджет
4430|57|Макарова Дарья Андреевна|4564 365150|+79839608378|makarova386@mail.ru|231|2026-06-10|отказ|контракт
4431|57|Павлова Юлия Кирилловна|1996 824249|+79896033641|pavlova335@mail.ru|200|2026-07-22|отказ|бюджет
4432|57|Андреев Матвей Иванович|1928 863146|+79416381021|andreev151@mail.ru|260|2026-06-14|зачислен|бюджет
4433|57|Алексеева Виктория Александровна|6179 383286|+79739982371|alekseeva503@mail.ru|216|2026-07-04|отказ|бюджет
4434|57|Павлов Михаил Кириллович|3830 297110|+79365933945|pavlov927@mail.ru|204|2026-07-04|отказ|контракт
4435|57|Макаров Егор Максимович|6938 351281|+79806665643|makarov758@mail.ru|161|2026-07-13|подано|бюджет
4436|57|Васильев Андрей Михайлович|6915 102871|+79416037753|vasilev696@mail.ru|268|2026-07-01|отказ|контракт
4437|57|Новикова Мария Артёмовна|6446 692653|+79138151754|novikova967@mail.ru|203|2026-07-10|подано|бюджет
4438|57|Егоров Никита Романович|3567 766926|+79226794125|egorov698@mail.ru|233|2026-06-06|отказ|бюджет
4439|57|Егорова Марина Романовна|1743 758643|+79147489069|egorova677@mail.ru|263|2026-07-21|отозвано|бюджет
4440|57|Козлов Кирилл Романович|1426 836696|+79714668042|kozlov993@mail.ru|236|2026-07-16|зачислен|контракт
4441|57|Степанова Анна Андреевна|1209 524415|+79037594270|stepanova261@mail.ru|254|2026-06-04|зачислен|бюджет
4442|57|Морозов Никита Иванович|5748 223462|+79941063426|morozov640@mail.ru|255|2026-07-22|отказ|контракт
4443|57|Николаева Марина Андреевна|2481 483739|+79959966272|nikolaeva638@mail.ru|177|2026-06-10|подано|бюджет
4444|57|Волков Сергей Алексеевич|8173 220177|+79037570067|volkov426@mail.ru|248|2026-07-25|зачислен|бюджет
4445|57|Орлов Кирилл Андреевич|9643 851249|+79872157264|orlov848@mail.ru|204|2026-07-06|отказ|бюджет
4446|57|Фёдоров Арсений Алексеевич|2622 499025|+79866881504|fedorov751@mail.ru|300|2026-06-25|отозвано|бюджет
4447|57|Андреева Анна Дмитриевна|9657 283502|+79352372551|andreeva864@mail.ru|193|2026-06-08|отозвано|бюджет
4448|57|Михайлов Максим Артёмович|5191 449634|+79393587135|mihaylov635@mail.ru|179|2026-07-03|подано|бюджет
4449|57|Лебедев Александр Ильич|2856 513587|+79462349942|lebedev966@mail.ru|212|2026-06-18|зачислен|бюджет
4450|57|Степанова Ксения Кирилловна|3061 510393|+79691065602|stepanova614@mail.ru|230|2026-06-02|зачислен|контракт
4451|57|Николаев Андрей Максимович|9937 576536|+79988159206|nikolaev459@mail.ru|197|2026-06-17|отказ|бюджет
4452|57|Павлов Иван Максимович|6033 472988|+79033102716|pavlov494@mail.ru|240|2026-07-25|отказ|бюджет
4453|57|Павлов Александр Ильич|9585 626276|+79043545307|pavlov661@mail.ru|216|2026-07-10|зачислен|контракт
4454|57|Козлов Андрей Дмитриевич|7575 787586|+79028034406|kozlov343@mail.ru|215|2026-06-04|подано|бюджет
4455|57|Фёдорова Марина Александровна|9009 632935|+79897955502|fedorova524@mail.ru|241|2026-07-15|отозвано|бюджет
4456|57|Новикова Елизавета Алексеевна|1068 911999|+79887816826|novikova569@mail.ru|277|2026-06-04|зачислен|бюджет
4457|57|Алексеева Татьяна Романовна|4661 337525|+79444219143|alekseeva276@mail.ru|240|2026-06-15|отказ|бюджет
4458|57|Алексеева Ольга Кирилловна|8896 377415|+79692400345|alekseeva670@mail.ru|291|2026-07-15|зачислен|контракт
4459|57|Петрова Юлия Александровна|8686 893190|+79941263313|petrova541@mail.ru|236|2026-07-11|зачислен|бюджет
4460|57|Петрова Мария Артёмовна|8189 103765|+79607215072|petrova470@mail.ru|199|2026-06-09|зачислен|контракт
4461|57|Михайлова Полина Андреевна|5655 910445|+79125217020|mihaylova177@mail.ru|224|2026-07-04|отозвано|бюджет
4462|57|Алексеева Юлия Максимовна|3582 881956|+79958338101|alekseeva124@mail.ru|210|2026-06-12|подано|бюджет
4463|57|Степанов Михаил Алексеевич|6546 918720|+79110139757|stepanov501@mail.ru|217|2026-06-15|подано|бюджет
4464|57|Иванова Анна Артёмовна|5463 418832|+79682763637|ivanova762@mail.ru|204|2026-06-25|отказ|бюджет
4465|57|Васильев Илья Сергеевич|9890 613454|+79605161602|vasilev574@mail.ru|204|2026-06-14|зачислен|бюджет
4466|57|Морозов Сергей Романович|8100 846565|+79358918430|morozov137@mail.ru|202|2026-06-19|зачислен|контракт
4467|57|Андреева София Кирилловна|4252 665934|+79600468068|andreeva880@mail.ru|186|2026-06-24|отозвано|бюджет
4468|57|Соколова Марина Кирилловна|7007 609105|+79709700788|sokolova266@mail.ru|204|2026-07-20|отказ|бюджет
4469|57|Фёдорова София Александровна|6310 178494|+79138847399|fedorova735@mail.ru|236|2026-07-04|отказ|бюджет
4470|57|Семёнова София Андреевна|4061 138867|+79891330539|semenova365@mail.ru|228|2026-06-10|подано|бюджет
4471|57|Андреева Елизавета Александровна|5681 857140|+79509779162|andreeva349@mail.ru|235|2026-07-24|отказ|бюджет
4472|57|Козлова Юлия Максимовна|2600 356724|+79600433459|kozlova105@mail.ru|223|2026-07-02|зачислен|бюджет
4473|57|Алексеев Никита Алексеевич|2106 399889|+79350842060|alekseev881@mail.ru|257|2026-06-23|зачислен|бюджет
4474|57|Попов Дмитрий Андреевич|2502 458678|+79503123977|popov968@mail.ru|182|2026-07-25|подано|бюджет
4475|57|Николаев Никита Романович|6726 802434|+79307049921|nikolaev962@mail.ru|218|2026-06-11|отказ|бюджет
4476|57|Николаев Дмитрий Ильич|5113 897026|+79991718295|nikolaev304@mail.ru|183|2026-07-03|отказ|контракт
4477|57|Алексеев Матвей Максимович|3392 165593|+79659122074|alekseev487@mail.ru|213|2026-06-21|отказ|бюджет
4478|57|Морозов Илья Андреевич|9334 952657|+79247361203|morozov994@mail.ru|284|2026-06-10|отозвано|бюджет
4479|58|Соколов Михаил Максимович|2737 945994|+79520833387|sokolov228@mail.ru|286|2026-06-03|подано|бюджет
4480|58|Павлова Анастасия Андреевна|4019 637803|+79228961209|pavlova835@mail.ru|300|2026-06-02|отказ|бюджет
4481|58|Андреева Юлия Михайловна|3469 232051|+79742312742|andreeva956@mail.ru|268|2026-07-02|отказ|контракт
4482|58|Алексеева Наталья Ильинична|4830 853745|+79609268685|alekseeva269@mail.ru|243|2026-06-10|отозвано|контракт
4483|58|Козлов Роман Александрович|2806 156275|+79929099585|kozlov807@mail.ru|300|2026-07-19|отказ|контракт
4484|58|Морозова Юлия Михайловна|6965 451884|+79176467644|morozova321@mail.ru|256|2026-07-22|зачислен|контракт
4485|58|Иванова Мария Андреевна|6369 253447|+79336570179|ivanova181@mail.ru|260|2026-06-21|подано|бюджет
4486|58|Новикова Анна Алексеевна|9669 307116|+79244350636|novikova176@mail.ru|208|2026-07-01|зачислен|бюджет
4487|58|Семёнов Артём Дмитриевич|7981 908383|+79181165881|semenov659@mail.ru|285|2026-07-16|отозвано|бюджет
4488|58|Морозова Анастасия Михайловна|4512 743516|+79700951126|morozova110@mail.ru|257|2026-07-16|отказ|контракт
4489|58|Андреева Екатерина Сергеевна|2627 736387|+79717094362|andreeva542@mail.ru|288|2026-06-06|зачислен|бюджет
4490|58|Егорова Анна Романовна|4151 389258|+79130486782|egorova903@mail.ru|274|2026-07-06|подано|бюджет
4491|58|Соколова Анна Александровна|6117 355577|+79580917542|sokolova757@mail.ru|264|2026-06-06|отозвано|контракт
4492|58|Никитина Наталья Михайловна|9862 380344|+79136444037|nikitina855@mail.ru|285|2026-06-07|зачислен|бюджет
4493|58|Степанова Алиса Максимовна|2903 610754|+79553376909|stepanova905@mail.ru|274|2026-07-11|отказ|бюджет
4494|58|Кузнецова Ольга Дмитриевна|3038 206736|+79557014621|kuznecova264@mail.ru|260|2026-07-09|зачислен|бюджет
4495|58|Лебедева Полина Алексеевна|9843 842101|+79553473422|lebedeva928@mail.ru|254|2026-06-07|зачислен|бюджет
4496|58|Козлова Виктория Артёмовна|3952 646873|+79523259048|kozlova982@mail.ru|271|2026-07-02|подано|бюджет
4497|58|Никитина Юлия Александровна|6904 305107|+79407651264|nikitina830@mail.ru|290|2026-07-20|зачислен|контракт
4498|58|Волков Роман Кириллович|1927 683141|+79645561339|volkov852@mail.ru|293|2026-07-11|отказ|контракт
4499|58|Смирнов Егор Михайлович|6759 880165|+79657191507|smirnov644@mail.ru|260|2026-06-03|отказ|бюджет
4500|58|Кузнецов Александр Артёмович|6862 894629|+79374029744|kuznecov802@mail.ru|269|2026-06-05|отозвано|бюджет
4501|58|Новиков Илья Дмитриевич|2948 844893|+79981322043|novikov369@mail.ru|291|2026-06-10|отказ|бюджет
4502|58|Павлов Арсений Сергеевич|9870 406340|+79608814832|pavlov978@mail.ru|257|2026-07-07|зачислен|бюджет
4503|58|Иванова Дарья Романовна|7531 166074|+79218955653|ivanova222@mail.ru|282|2026-06-01|зачислен|контракт
4504|58|Васильева Татьяна Дмитриевна|4737 619863|+79172185371|vasileva322@mail.ru|263|2026-06-20|подано|бюджет
4505|58|Орлов Кирилл Иванович|8443 632944|+79846022128|orlov905@mail.ru|239|2026-06-16|отказ|бюджет
4506|58|Лебедев Артём Артёмович|3775 677050|+79730926736|lebedev851@mail.ru|270|2026-06-21|отказ|контракт
4507|58|Андреев Роман Андреевич|9636 112221|+79508566033|andreev369@mail.ru|295|2026-07-17|зачислен|контракт
4508|58|Семёнов Кирилл Алексеевич|5250 747177|+79198219406|semenov504@mail.ru|223|2026-06-08|зачислен|бюджет
4509|58|Попова Анастасия Ильинична|7449 658645|+79739705788|popova844@mail.ru|257|2026-07-05|отказ|контракт
4510|58|Козлов Иван Дмитриевич|2447 237338|+79642897470|kozlov846@mail.ru|251|2026-06-19|отказ|бюджет
4511|58|Макаров Иван Михайлович|4724 618329|+79061822021|makarov179@mail.ru|300|2026-06-01|подано|бюджет
4512|58|Андреев Кирилл Романович|8921 526285|+79418273097|andreev782@mail.ru|267|2026-07-19|отказ|бюджет
4513|58|Павлова София Максимовна|9556 197606|+79424523455|pavlova251@mail.ru|248|2026-07-09|отказ|контракт
4514|58|Иванов Егор Михайлович|1577 260666|+79641063112|ivanov803@mail.ru|252|2026-07-10|отозвано|бюджет
4515|58|Николаев Арсений Михайлович|2127 901928|+79387682660|nikolaev255@mail.ru|300|2026-07-16|отказ|бюджет
4516|58|Михайлов Михаил Алексеевич|8127 779976|+79006281649|mihaylov108@mail.ru|268|2026-07-25|зачислен|бюджет
4517|58|Семёнова Анастасия Андреевна|7530 721437|+79923807292|semenova212@mail.ru|292|2026-06-03|отказ|бюджет
4518|58|Егоров Александр Кириллович|8320 187444|+79630418681|egorov169@mail.ru|243|2026-07-01|отказ|бюджет
4519|58|Макарова Ксения Романовна|5253 394640|+79585492754|makarova945@mail.ru|300|2026-07-02|зачислен|контракт
4520|58|Михайлова Виктория Артёмовна|6203 683328|+79467638519|mihaylova613@mail.ru|285|2026-06-18|отказ|бюджет
4521|58|Павлова Анна Алексеевна|6606 566620|+79921179247|pavlova200@mail.ru|300|2026-06-12|зачислен|бюджет
4522|58|Иванова Ольга Сергеевна|7117 867275|+79834998274|ivanova453@mail.ru|252|2026-07-23|зачислен|бюджет
4523|58|Степанов Кирилл Сергеевич|4518 746512|+79215298064|stepanov921@mail.ru|229|2026-07-12|подано|бюджет
4524|58|Лебедева Анна Сергеевна|9822 337667|+79901784767|lebedeva922@mail.ru|255|2026-07-14|отказ|бюджет
4525|58|Андреев Кирилл Ильич|3464 988634|+79706556360|andreev510@mail.ru|279|2026-06-02|отказ|бюджет
4526|58|Иванов Михаил Михайлович|1413 535099|+79468237418|ivanov595@mail.ru|252|2026-06-21|зачислен|контракт
4527|58|Васильев Никита Романович|2286 945718|+79221281281|vasilev615@mail.ru|246|2026-07-01|отказ|бюджет
4528|58|Павлов Сергей Максимович|1806 869912|+79135683857|pavlov178@mail.ru|235|2026-07-18|отказ|бюджет
4529|58|Орлова Татьяна Кирилловна|2164 549004|+79317697564|orlova688@mail.ru|210|2026-06-15|зачислен|бюджет
4530|58|Васильева Анна Андреевна|3459 817228|+79012806160|vasileva968@mail.ru|290|2026-06-15|отказ|бюджет
4531|58|Козлова Ксения Кирилловна|4961 825761|+79745900908|kozlova489@mail.ru|257|2026-06-06|подано|бюджет
4532|58|Иванова Елизавета Дмитриевна|3086 582884|+79569405883|ivanova353@mail.ru|257|2026-06-01|отозвано|бюджет
4533|58|Андреева Анна Сергеевна|9373 485769|+79029627618|andreeva368@mail.ru|300|2026-07-14|подано|контракт
4534|58|Попов Максим Ильич|4643 647300|+79816145189|popov766@mail.ru|300|2026-06-13|зачислен|бюджет
4535|58|Козлов Александр Артёмович|6814 123288|+79794399220|kozlov380@mail.ru|262|2026-07-17|зачислен|бюджет
4536|58|Семёнов Арсений Артёмович|5732 981409|+79598147892|semenov830@mail.ru|279|2026-06-17|отказ|контракт
4537|58|Егоров Александр Михайлович|8023 407174|+79252578841|egorov971@mail.ru|279|2026-06-12|отозвано|бюджет
4538|58|Лебедева Юлия Кирилловна|1968 381477|+79036450107|lebedeva518@mail.ru|261|2026-06-25|отказ|бюджет
4539|58|Лебедев Михаил Алексеевич|5012 901089|+79116951742|lebedev231@mail.ru|300|2026-06-20|отказ|бюджет
4540|58|Михайлов Александр Дмитриевич|8274 475629|+79394189393|mihaylov833@mail.ru|259|2026-07-08|отказ|бюджет
4541|58|Семёнов Роман Александрович|9045 375853|+79035755960|semenov652@mail.ru|277|2026-06-01|отказ|бюджет
4542|58|Попова София Романовна|5821 161462|+79146310203|popova494@mail.ru|256|2026-06-02|отказ|контракт
4543|58|Морозов Егор Кириллович|6785 800408|+79523775998|morozov543@mail.ru|276|2026-07-25|отозвано|бюджет
4544|58|Иванова Екатерина Кирилловна|6201 505804|+79733483213|ivanova661@mail.ru|259|2026-07-04|отказ|бюджет
4545|58|Попова Наталья Артёмовна|6966 671711|+79016316618|popova887@mail.ru|300|2026-07-22|подано|бюджет
4546|58|Семёнова Татьяна Михайловна|5884 465665|+79599586254|semenova742@mail.ru|269|2026-07-10|зачислен|бюджет
4547|58|Петрова Елизавета Сергеевна|4388 956268|+79002630430|petrova797@mail.ru|280|2026-06-24|отказ|бюджет
4548|58|Козлов Никита Ильич|4872 196134|+79591926172|kozlov953@mail.ru|229|2026-07-01|отказ|бюджет
4549|58|Кузнецова Татьяна Ильинична|8347 164699|+79341841376|kuznecova530@mail.ru|268|2026-07-16|отказ|контракт
4550|58|Кузнецов Артём Кириллович|1028 333258|+79309968328|kuznecov632@mail.ru|261|2026-06-04|отказ|бюджет
4551|58|Козлов Иван Ильич|5758 500780|+79500400749|kozlov471@mail.ru|256|2026-06-18|отказ|бюджет
4552|58|Козлова Ольга Александровна|7944 921950|+79404557976|kozlova615@mail.ru|259|2026-06-18|отказ|контракт
4553|58|Павлова Дарья Максимовна|5119 173187|+79950291406|pavlova226@mail.ru|291|2026-06-13|зачислен|бюджет
4554|58|Михайлова Наталья Романовна|3182 716573|+79253004179|mihaylova637@mail.ru|263|2026-07-17|отказ|бюджет
4555|58|Алексеев Максим Романович|5980 382009|+79173869699|alekseev751@mail.ru|296|2026-07-04|зачислен|контракт
4556|58|Новиков Матвей Андреевич|1803 202654|+79613706237|novikov245@mail.ru|300|2026-06-07|подано|контракт
4557|58|Морозова Анастасия Дмитриевна|8481 549843|+79760382577|morozova587@mail.ru|300|2026-06-20|отказ|бюджет
4558|58|Семёнова Наталья Романовна|8059 375817|+79260900335|semenova507@mail.ru|265|2026-07-19|отказ|бюджет
4559|58|Смирнова Мария Сергеевна|9760 504182|+79697041829|smirnova909@mail.ru|300|2026-07-21|подано|бюджет
4560|58|Иванова Виктория Александровна|4861 800882|+79827687312|ivanova592@mail.ru|247|2026-07-22|зачислен|бюджет
4561|58|Михайлова Ольга Михайловна|3043 337946|+79375881504|mihaylova846@mail.ru|221|2026-07-03|отказ|бюджет
4562|58|Семёнова Елизавета Романовна|1483 561037|+79524450994|semenova455@mail.ru|296|2026-06-20|отозвано|бюджет
4563|58|Степанов Иван Иванович|6756 566815|+79068592660|stepanov191@mail.ru|230|2026-06-22|зачислен|бюджет
4564|58|Козлов Роман Дмитриевич|6450 894469|+79971508269|kozlov989@mail.ru|292|2026-07-13|зачислен|бюджет
4565|58|Лебедев Матвей Андреевич|6393 453961|+79167888553|lebedev147@mail.ru|229|2026-06-19|отказ|бюджет
4566|58|Новикова Дарья Алексеевна|5655 663060|+79000260120|novikova786@mail.ru|225|2026-06-25|зачислен|контракт
4567|58|Егорова Мария Сергеевна|7431 774322|+79329183136|egorova796@mail.ru|220|2026-06-05|отказ|бюджет
4568|58|Фёдоров Роман Сергеевич|2424 148339|+79253864462|fedorov828@mail.ru|220|2026-07-17|зачислен|бюджет
4569|58|Волкова Анна Александровна|3014 119663|+79877339662|volkova254@mail.ru|240|2026-06-08|отказ|бюджет
4570|59|Макаров Егор Артёмович|2795 124438|+79719479278|makarov912@mail.ru|278|2026-07-17|зачислен|бюджет
4571|59|Кузнецов Арсений Ильич|7848 813928|+79202751672|kuznecov281@mail.ru|223|2026-06-22|отказ|контракт
4572|59|Макарова Полина Алексеевна|5963 575383|+79810634506|makarova735@mail.ru|208|2026-07-09|отказ|бюджет
4573|59|Морозов Матвей Дмитриевич|5100 782345|+79087215316|morozov649@mail.ru|225|2026-07-12|зачислен|бюджет
4574|59|Соколов Максим Сергеевич|4259 164699|+79807323266|sokolov697@mail.ru|216|2026-06-02|отказ|контракт
4575|59|Иванов Сергей Дмитриевич|8446 306217|+79453624102|ivanov789@mail.ru|214|2026-06-10|отказ|контракт
4576|59|Петров Сергей Максимович|7705 874448|+79368155409|petrov733@mail.ru|233|2026-06-19|отказ|бюджет
4577|59|Козлова Дарья Романовна|3961 684998|+79428412011|kozlova281@mail.ru|203|2026-06-18|зачислен|контракт
4578|59|Смирнов Иван Дмитриевич|4618 678140|+79659827398|smirnov692@mail.ru|293|2026-06-19|зачислен|контракт
4579|59|Макарова Елизавета Александровна|4372 176037|+79453383894|makarova915@mail.ru|247|2026-07-16|зачислен|бюджет
4580|59|Морозов Матвей Ильич|4847 116074|+79682992663|morozov861@mail.ru|190|2026-07-11|отозвано|контракт
4581|59|Лебедев Илья Романович|3777 748387|+79844294917|lebedev320@mail.ru|209|2026-06-13|отозвано|контракт
4582|59|Козлова Ксения Максимовна|2691 547193|+79642424909|kozlova797@mail.ru|196|2026-06-20|отказ|бюджет
4583|59|Смирнов Михаил Михайлович|5576 808204|+79960458260|smirnov276@mail.ru|236|2026-06-16|отказ|бюджет
4584|59|Смирнов Матвей Кириллович|4070 915311|+79659399994|smirnov959@mail.ru|266|2026-07-16|отозвано|бюджет
4585|59|Попов Егор Александрович|8672 183599|+79850427942|popov494@mail.ru|182|2026-06-20|отказ|бюджет
4586|59|Козлова Мария Сергеевна|2890 924138|+79677150974|kozlova937@mail.ru|218|2026-06-05|зачислен|бюджет
4587|59|Соколова Юлия Александровна|5243 717512|+79868872869|sokolova117@mail.ru|200|2026-06-21|подано|бюджет
4588|59|Николаев Максим Артёмович|2584 802418|+79269574062|nikolaev450@mail.ru|225|2026-06-21|зачислен|контракт
4589|59|Иванов Сергей Иванович|8553 486498|+79209200421|ivanov906@mail.ru|187|2026-07-13|отказ|бюджет
4590|59|Михайлова Мария Романовна|8363 569807|+79404112754|mihaylova700@mail.ru|259|2026-07-19|отозвано|бюджет
4591|59|Петрова Мария Артёмовна|5818 886895|+79033719217|petrova983@mail.ru|204|2026-07-08|отозвано|бюджет
4592|59|Попова Полина Артёмовна|5156 389807|+79558485358|popova475@mail.ru|229|2026-07-18|зачислен|бюджет
4593|59|Андреева София Дмитриевна|2558 503148|+79041079412|andreeva524@mail.ru|222|2026-06-24|отказ|бюджет
4594|59|Семёнов Михаил Романович|6674 820575|+79448249838|semenov856@mail.ru|183|2026-06-13|отозвано|бюджет
4595|59|Егоров Дмитрий Андреевич|1055 766958|+79418671106|egorov466@mail.ru|180|2026-07-03|зачислен|контракт
4596|59|Михайлов Арсений Дмитриевич|6146 942162|+79336740627|mihaylov357@mail.ru|224|2026-06-11|подано|контракт
4597|59|Новикова Полина Максимовна|8338 885058|+79844332850|novikova865@mail.ru|236|2026-07-12|отказ|бюджет
4598|59|Михайлова Екатерина Артёмовна|5123 922224|+79433466522|mihaylova297@mail.ru|218|2026-07-06|подано|бюджет
4599|59|Иванова Дарья Алексеевна|9612 908842|+79189616271|ivanova288@mail.ru|247|2026-06-16|отозвано|бюджет
4600|59|Иванов Илья Иванович|2463 332068|+79633500569|ivanov661@mail.ru|222|2026-06-23|зачислен|бюджет
4601|59|Васильева Дарья Ивановна|6409 689612|+79436312502|vasileva802@mail.ru|211|2026-06-23|зачислен|контракт
4602|59|Алексеев Илья Андреевич|5467 577106|+79786926967|alekseev879@mail.ru|192|2026-07-24|подано|бюджет
4603|59|Михайлов Арсений Сергеевич|9343 524648|+79229135190|mihaylov286@mail.ru|199|2026-06-11|отказ|бюджет
4604|59|Козлова Мария Сергеевна|5335 118852|+79183741808|kozlova527@mail.ru|209|2026-06-19|зачислен|бюджет
4605|59|Лебедева Татьяна Михайловна|8627 744949|+79577335771|lebedeva620@mail.ru|228|2026-06-04|зачислен|бюджет
4606|59|Морозова Марина Александровна|9977 537805|+79033359593|morozova408@mail.ru|158|2026-07-20|подано|бюджет
4607|59|Макарова Алиса Ильинична|1566 738972|+79394176082|makarova714@mail.ru|221|2026-06-19|подано|бюджет
4608|59|Новикова Юлия Михайловна|1721 671268|+79256321124|novikova692@mail.ru|235|2026-06-12|зачислен|бюджет
4609|59|Михайлова Мария Алексеевна|7866 995795|+79156606173|mihaylova290@mail.ru|211|2026-06-07|подано|контракт
4610|59|Егорова Мария Ивановна|1298 388452|+79377114182|egorova851@mail.ru|221|2026-06-11|зачислен|контракт
4611|59|Орлов Арсений Ильич|3926 821419|+79033780308|orlov821@mail.ru|230|2026-06-01|подано|бюджет
4612|59|Новиков Александр Артёмович|4966 968506|+79467444545|novikov402@mail.ru|219|2026-06-18|отказ|бюджет
4613|59|Никитина Анна Кирилловна|4656 117964|+79757361054|nikitina229@mail.ru|253|2026-07-19|подано|бюджет
4614|59|Николаева Екатерина Ивановна|9543 534381|+79904714883|nikolaeva971@mail.ru|133|2026-06-06|отказ|бюджет
4615|59|Попов Никита Ильич|1804 753613|+79679076105|popov468@mail.ru|228|2026-06-05|отказ|контракт
4616|59|Волков Михаил Романович|8523 638245|+79947151121|volkov751@mail.ru|218|2026-06-20|зачислен|бюджет
4617|59|Морозова Наталья Кирилловна|3416 375280|+79046094570|morozova680@mail.ru|220|2026-07-14|отказ|бюджет
4618|59|Козлова Виктория Максимовна|7715 760515|+79327159250|kozlova398@mail.ru|203|2026-07-02|отказ|контракт
4619|59|Новиков Алексей Романович|5325 883495|+79406032768|novikov169@mail.ru|234|2026-07-17|отказ|бюджет
4620|59|Волкова Анастасия Александровна|4212 540074|+79990724226|volkova990@mail.ru|216|2026-07-11|зачислен|бюджет
4621|59|Егорова Анастасия Сергеевна|3434 314297|+79897557874|egorova439@mail.ru|232|2026-07-05|отказ|бюджет
4622|59|Соколова Полина Максимовна|8547 607652|+79063769656|sokolova924@mail.ru|199|2026-07-24|отказ|контракт
4623|59|Алексеев Александр Максимович|6482 859796|+79721042991|alekseev647@mail.ru|210|2026-06-19|отозвано|бюджет
4624|59|Иванов Егор Ильич|7782 828715|+79678001147|ivanov161@mail.ru|214|2026-07-24|отказ|бюджет
4625|59|Петров Иван Максимович|6078 600017|+79259828998|petrov971@mail.ru|245|2026-07-07|зачислен|бюджет
4626|59|Никитина Анна Сергеевна|2487 544963|+79315291477|nikitina837@mail.ru|190|2026-06-06|отказ|бюджет
4627|59|Орлов Алексей Михайлович|7785 532883|+79537609529|orlov600@mail.ru|247|2026-06-17|подано|бюджет
4628|59|Степанова Дарья Михайловна|2735 583303|+79549001429|stepanova998@mail.ru|225|2026-07-06|зачислен|бюджет
4629|59|Петрова Елизавета Максимовна|7887 898599|+79586633748|petrova640@mail.ru|208|2026-07-05|отказ|бюджет
4630|59|Орлов Артём Романович|1300 286968|+79446312714|orlov561@mail.ru|194|2026-07-12|подано|бюджет
4631|59|Павлов Никита Артёмович|6822 382062|+79651382900|pavlov762@mail.ru|183|2026-06-05|зачислен|контракт
4632|59|Васильев Иван Иванович|2223 971901|+79572494272|vasilev599@mail.ru|217|2026-07-10|отказ|контракт
4633|59|Козлова Виктория Ильинична|3504 889781|+79087440423|kozlova746@mail.ru|186|2026-06-02|подано|бюджет
4634|59|Попова Ольга Ильинична|6882 890687|+79567295525|popova360@mail.ru|234|2026-06-04|отказ|бюджет
4635|59|Степанова Мария Кирилловна|2874 570521|+79988947409|stepanova815@mail.ru|183|2026-06-24|отказ|бюджет
4636|59|Попов Никита Александрович|2066 304343|+79581977542|popov686@mail.ru|247|2026-07-16|подано|бюджет
4637|59|Кузнецова Елизавета Ивановна|5200 865502|+79457503012|kuznecova838@mail.ru|219|2026-07-22|отказ|бюджет
4638|59|Соколова Мария Сергеевна|9099 875831|+79105908963|sokolova464@mail.ru|234|2026-06-02|отказ|бюджет
4639|59|Макарова Полина Михайловна|1098 240470|+79887894906|makarova977@mail.ru|241|2026-06-06|отказ|бюджет
4640|59|Соколов Сергей Ильич|2927 381470|+79366734707|sokolov316@mail.ru|240|2026-06-07|подано|бюджет
4641|59|Морозова Анастасия Ивановна|1725 499827|+79767355026|morozova759@mail.ru|214|2026-07-16|зачислен|контракт
4642|59|Семёнова Полина Сергеевна|1097 971145|+79415760366|semenova360@mail.ru|218|2026-07-12|отказ|бюджет
4643|59|Кузнецова Анна Романовна|6499 465935|+79600794900|kuznecova625@mail.ru|213|2026-06-17|подано|бюджет
4644|59|Соколова Елизавета Михайловна|8375 661470|+79070462206|sokolova767@mail.ru|223|2026-06-06|подано|контракт
4645|59|Алексеев Денис Дмитриевич|9689 552586|+79408077562|alekseev244@mail.ru|204|2026-06-12|отказ|контракт
4646|59|Попов Алексей Ильич|2025 895662|+79320381368|popov105@mail.ru|197|2026-06-09|подано|бюджет
4647|59|Степанова Анастасия Кирилловна|8027 195628|+79995153016|stepanova303@mail.ru|227|2026-06-07|подано|бюджет
4648|59|Иванова Елизавета Максимовна|3037 299863|+79243108575|ivanova462@mail.ru|262|2026-06-22|отказ|контракт
4649|59|Орлов Иван Ильич|2787 694530|+79360673275|orlov481@mail.ru|203|2026-07-18|зачислен|бюджет
4650|59|Андреев Михаил Ильич|6839 406437|+79296544618|andreev905@mail.ru|229|2026-07-16|зачислен|контракт
4651|59|Фёдорова Татьяна Михайловна|7537 551848|+79657674268|fedorova436@mail.ru|255|2026-07-11|отказ|бюджет
4652|59|Попов Егор Артёмович|8698 557236|+79688427888|popov676@mail.ru|226|2026-06-23|отказ|контракт
4653|59|Михайлов Матвей Алексеевич|4732 735400|+79687657080|mihaylov335@mail.ru|245|2026-06-05|подано|бюджет
4654|59|Попова Анна Ивановна|9352 874743|+79261323316|popova768@mail.ru|237|2026-06-15|отказ|бюджет
4655|59|Волков Илья Артёмович|3397 300564|+79272793089|volkov107@mail.ru|209|2026-06-15|зачислен|бюджет
4656|59|Андреев Алексей Сергеевич|8277 445244|+79903882930|andreev641@mail.ru|238|2026-06-02|отказ|контракт
4657|59|Соколова Мария Михайловна|6789 671706|+79987965504|sokolova740@mail.ru|232|2026-06-09|подано|контракт
4658|59|Павлова Юлия Андреевна|1945 533109|+79779044386|pavlova268@mail.ru|233|2026-07-01|отказ|бюджет
4659|59|Смирнов Алексей Андреевич|2328 737992|+79760973200|smirnov291@mail.ru|199|2026-07-24|подано|контракт
4660|59|Смирнов Егор Дмитриевич|2085 689315|+79849880151|smirnov663@mail.ru|186|2026-07-17|зачислен|бюджет
4661|60|Орлова Ксения Максимовна|7995 635995|+79727580358|orlova266@mail.ru|236|2026-07-22|отозвано|бюджет
4662|60|Михайлов Илья Кириллович|4865 922684|+79690541213|mihaylov425@mail.ru|300|2026-07-13|отказ|бюджет
4663|60|Васильев Андрей Алексеевич|5501 255305|+79066810056|vasilev181@mail.ru|237|2026-07-10|подано|бюджет
4664|60|Козлова Полина Артёмовна|8686 106692|+79400369223|kozlova265@mail.ru|254|2026-07-04|отказ|контракт
4665|60|Козлов Артём Алексеевич|5108 495856|+79076062198|kozlov125@mail.ru|220|2026-07-10|отказ|бюджет
4666|60|Никитин Дмитрий Иванович|5990 996239|+79730236245|nikitin957@mail.ru|231|2026-06-13|отказ|бюджет
4667|60|Михайлов Матвей Михайлович|3256 417567|+79407402287|mihaylov986@mail.ru|236|2026-06-10|зачислен|бюджет
4668|60|Николаев Иван Андреевич|5198 872451|+79496395717|nikolaev439@mail.ru|251|2026-06-15|подано|бюджет
4669|60|Орлова Ксения Алексеевна|1739 404273|+79011744130|orlova342@mail.ru|270|2026-07-17|зачислен|контракт
4670|60|Андреева Юлия Михайловна|2623 357501|+79219304128|andreeva310@mail.ru|261|2026-06-24|подано|бюджет
4671|60|Андреева Виктория Михайловна|2618 289474|+79726043916|andreeva369@mail.ru|236|2026-07-17|отказ|бюджет
4672|60|Никитина Юлия Михайловна|5012 437471|+79613369338|nikitina704@mail.ru|232|2026-06-21|зачислен|контракт
4673|60|Петрова Юлия Дмитриевна|1044 925653|+79977582679|petrova967@mail.ru|277|2026-07-03|отказ|контракт
4674|60|Макаров Александр Дмитриевич|6440 595129|+79050917403|makarov802@mail.ru|192|2026-07-15|отозвано|бюджет
4675|60|Андреева Наталья Андреевна|7381 457710|+79193906944|andreeva454@mail.ru|255|2026-07-03|зачислен|бюджет
4676|60|Лебедева Полина Ильинична|7301 381735|+79082774793|lebedeva470@mail.ru|243|2026-07-23|отказ|контракт
4677|60|Семёнов Максим Иванович|2993 484361|+79380139441|semenov481@mail.ru|269|2026-07-21|отказ|контракт
4678|60|Соколова Марина Сергеевна|3807 574252|+79036958035|sokolova479@mail.ru|247|2026-07-11|зачислен|бюджет
4679|60|Кузнецова Анастасия Дмитриевна|7514 270443|+79329962956|kuznecova795@mail.ru|226|2026-06-11|подано|контракт
4680|60|Фёдоров Арсений Романович|3391 540498|+79501592944|fedorov677@mail.ru|252|2026-06-01|отозвано|бюджет
4681|60|Алексеев Арсений Ильич|3481 521335|+79186121405|alekseev595@mail.ru|232|2026-07-22|отозвано|бюджет
4682|60|Павлов Александр Максимович|1776 694698|+79423081673|pavlov666@mail.ru|259|2026-06-11|отказ|бюджет
4683|60|Павлова София Михайловна|1718 697606|+79374456397|pavlova611@mail.ru|238|2026-06-02|зачислен|контракт
4684|60|Орлов Арсений Кириллович|8156 452809|+79682153456|orlov290@mail.ru|212|2026-07-09|подано|бюджет
4685|60|Кузнецов Денис Артёмович|5145 616898|+79390667493|kuznecov391@mail.ru|215|2026-06-17|отказ|бюджет
4686|60|Кузнецов Дмитрий Михайлович|6506 592404|+79055284030|kuznecov912@mail.ru|215|2026-06-19|зачислен|бюджет
4687|60|Андреева Елизавета Кирилловна|7906 647752|+79179225540|andreeva619@mail.ru|214|2026-07-05|зачислен|бюджет
4688|60|Макарова Дарья Ивановна|6485 824656|+79784424099|makarova819@mail.ru|249|2026-06-21|подано|бюджет
4689|60|Павлова Елизавета Романовна|7578 574960|+79453250455|pavlova433@mail.ru|230|2026-07-03|подано|бюджет
4690|60|Семёнова Полина Александровна|8166 622537|+79502235157|semenova515@mail.ru|205|2026-07-25|зачислен|бюджет
4691|60|Морозова Екатерина Михайловна|1823 212929|+79539945823|morozova202@mail.ru|241|2026-06-17|отказ|контракт
4692|60|Кузнецов Дмитрий Ильич|6107 591201|+79907089666|kuznecov404@mail.ru|270|2026-06-08|зачислен|бюджет
4693|60|Васильева Марина Михайловна|3461 201473|+79706909701|vasileva227@mail.ru|274|2026-06-22|отказ|бюджет
4694|60|Михайлова Анна Андреевна|3096 649388|+79306567690|mihaylova810@mail.ru|204|2026-06-12|подано|бюджет
4695|60|Попова Дарья Артёмовна|6910 311758|+79588484109|popova825@mail.ru|279|2026-06-12|отказ|контракт
4696|60|Михайлов Сергей Михайлович|1954 337252|+79584123133|mihaylov844@mail.ru|251|2026-07-09|подано|бюджет
4697|60|Степанов Андрей Сергеевич|5484 722528|+79054479380|stepanov735@mail.ru|286|2026-06-05|отказ|бюджет
4698|60|Козлова Татьяна Андреевна|1094 501952|+79484951803|kozlova608@mail.ru|240|2026-06-16|отказ|контракт
4699|60|Павлов Иван Александрович|5616 677421|+79981461857|pavlov664@mail.ru|298|2026-07-18|отказ|бюджет
4700|60|Николаева София Ильинична|2840 674163|+79354779194|nikolaeva818@mail.ru|221|2026-07-05|зачислен|контракт
4701|60|Николаева Дарья Ивановна|1884 135785|+79343992298|nikolaeva942@mail.ru|299|2026-06-23|подано|контракт
4702|60|Новиков Роман Иванович|6474 855423|+79965549270|novikov349@mail.ru|267|2026-06-11|отказ|контракт
4703|60|Лебедев Сергей Алексеевич|8986 764650|+79647178292|lebedev418@mail.ru|263|2026-07-09|отозвано|контракт
4704|60|Волков Максим Дмитриевич|6234 451862|+79184361117|volkov816@mail.ru|204|2026-07-16|отказ|бюджет
4705|60|Макарова Полина Александровна|4563 237354|+79491393608|makarova929@mail.ru|272|2026-07-01|отказ|бюджет
4706|60|Смирнов Роман Романович|7908 727311|+79837004864|smirnov148@mail.ru|241|2026-06-14|отказ|бюджет
4707|60|Макарова София Дмитриевна|8989 613458|+79312766933|makarova557@mail.ru|268|2026-06-16|отказ|бюджет
4708|60|Соколов Андрей Дмитриевич|6025 239472|+79668538662|sokolov445@mail.ru|210|2026-06-18|отказ|контракт
4709|60|Кузнецова Алиса Ивановна|3300 667163|+79224874402|kuznecova388@mail.ru|247|2026-07-18|отказ|бюджет
4710|60|Лебедева Виктория Михайловна|1510 275959|+79304112899|lebedeva727@mail.ru|229|2026-07-25|отозвано|бюджет
4711|60|Никитина Дарья Михайловна|7774 573375|+79245607032|nikitina753@mail.ru|250|2026-07-03|отказ|бюджет
4712|60|Степанова Юлия Ильинична|9420 944059|+79010316720|stepanova787@mail.ru|257|2026-06-21|зачислен|бюджет
4713|60|Орлов Михаил Алексеевич|3583 303410|+79161486669|orlov878@mail.ru|242|2026-06-20|отказ|бюджет
4714|60|Фёдоров Александр Александрович|8933 728148|+79852237273|fedorov963@mail.ru|206|2026-06-03|отказ|бюджет
4715|60|Макарова Марина Андреевна|2960 584500|+79104266042|makarova915@mail.ru|231|2026-07-18|отозвано|контракт
4716|61|Новикова Мария Ильинична|8209 850459|+79684961229|novikova665@mail.ru|284|2026-07-20|подано|бюджет
4717|61|Алексеева Алиса Ивановна|1880 294816|+79964009207|alekseeva376@mail.ru|274|2026-07-24|зачислен|бюджет
4718|61|Егоров Михаил Ильич|5332 807720|+79006019224|egorov859@mail.ru|255|2026-07-25|подано|контракт
4719|61|Павлов Сергей Александрович|8631 235837|+79718006247|pavlov934@mail.ru|272|2026-07-12|зачислен|контракт
4720|61|Орлова Наталья Михайловна|7817 121901|+79557749327|orlova788@mail.ru|259|2026-07-19|отказ|контракт
4721|61|Петрова Мария Алексеевна|3942 995377|+79842792532|petrova566@mail.ru|300|2026-06-16|зачислен|бюджет
4722|61|Егорова Юлия Дмитриевна|2178 274970|+79740752024|egorova292@mail.ru|275|2026-06-03|отказ|контракт
4723|61|Соколова Ксения Ильинична|7394 271381|+79428321268|sokolova315@mail.ru|294|2026-07-23|отказ|контракт
4724|61|Егорова Наталья Артёмовна|5674 238850|+79295949973|egorova712@mail.ru|288|2026-06-25|отозвано|бюджет
4725|61|Иванова Екатерина Андреевна|2866 191595|+79362767273|ivanova145@mail.ru|250|2026-07-11|подано|контракт
4726|61|Волков Денис Дмитриевич|7466 290387|+79026720354|volkov802@mail.ru|273|2026-07-05|отказ|контракт
4727|61|Егоров Михаил Романович|7912 951648|+79072187366|egorov503@mail.ru|293|2026-07-14|зачислен|бюджет
4728|61|Никитин Дмитрий Дмитриевич|9443 898387|+79962979829|nikitin684@mail.ru|200|2026-07-10|отказ|бюджет
4729|61|Егоров Денис Дмитриевич|4385 485976|+79642827352|egorov845@mail.ru|284|2026-07-25|отказ|бюджет
4730|61|Козлов Никита Артёмович|4102 982017|+79961321058|kozlov238@mail.ru|300|2026-07-23|отказ|бюджет
4731|61|Орлов Алексей Иванович|9253 301723|+79320184435|orlov837@mail.ru|276|2026-06-07|отказ|контракт
4732|61|Морозова Екатерина Михайловна|4258 830318|+79749471534|morozova916@mail.ru|275|2026-07-17|отказ|бюджет
4733|61|Андреев Андрей Артёмович|2102 781696|+79990788456|andreev826@mail.ru|265|2026-07-02|подано|контракт
4734|61|Михайлов Андрей Сергеевич|8423 882880|+79941738520|mihaylov991@mail.ru|271|2026-07-11|зачислен|бюджет
4735|61|Волков Артём Артёмович|4319 851691|+79627878167|volkov199@mail.ru|288|2026-07-05|зачислен|бюджет
4736|61|Лебедева Екатерина Сергеевна|8047 663518|+79223334309|lebedeva354@mail.ru|272|2026-07-19|отказ|бюджет
4737|61|Смирнов Илья Дмитриевич|6979 928779|+79241665192|smirnov604@mail.ru|269|2026-06-10|отказ|бюджет
4738|61|Николаев Роман Дмитриевич|6694 371032|+79265516088|nikolaev303@mail.ru|287|2026-06-06|зачислен|контракт
4739|61|Новикова Виктория Ильинична|7870 819055|+79489335439|novikova566@mail.ru|286|2026-07-04|подано|контракт
4740|61|Волкова Полина Михайловна|9491 346441|+79514845189|volkova112@mail.ru|269|2026-06-05|отказ|контракт
4741|61|Соколов Михаил Максимович|8384 983884|+79557333775|sokolov479@mail.ru|269|2026-06-15|подано|контракт
4742|61|Макарова Анастасия Романовна|9816 692365|+79648582326|makarova985@mail.ru|300|2026-07-20|отказ|бюджет
4743|61|Соколов Иван Романович|7640 942590|+79838343585|sokolov332@mail.ru|271|2026-06-25|зачислен|бюджет
4744|61|Михайлова Мария Андреевна|7954 633524|+79135327847|mihaylova212@mail.ru|281|2026-07-11|отказ|контракт
4745|61|Лебедева София Алексеевна|1145 675902|+79540947344|lebedeva649@mail.ru|262|2026-07-10|отказ|контракт
4746|61|Соколов Роман Дмитриевич|1423 584817|+79537664139|sokolov610@mail.ru|258|2026-07-16|отказ|контракт
4747|61|Фёдорова Анастасия Алексеевна|4673 429065|+79439874392|fedorova424@mail.ru|268|2026-07-25|отозвано|контракт
4748|61|Новикова Дарья Алексеевна|3115 519050|+79232334745|novikova944@mail.ru|298|2026-06-19|отозвано|контракт
4749|61|Соколов Егор Александрович|6226 587861|+79169672483|sokolov796@mail.ru|263|2026-07-02|отказ|бюджет
4750|61|Попова Мария Ивановна|2279 116793|+79349325964|popova674@mail.ru|222|2026-06-22|подано|контракт
4751|61|Кузнецова Анастасия Михайловна|6771 873413|+79279274591|kuznecova560@mail.ru|253|2026-07-12|отказ|контракт
4752|61|Иванов Александр Артёмович|8826 176033|+79626622357|ivanov625@mail.ru|300|2026-07-08|отказ|контракт
4753|61|Соколов Кирилл Артёмович|1586 111396|+79061157996|sokolov261@mail.ru|286|2026-07-20|подано|бюджет
4754|61|Фёдоров Денис Ильич|9687 176354|+79266800910|fedorov116@mail.ru|267|2026-06-02|отказ|бюджет
4755|61|Павлов Никита Михайлович|4570 635711|+79229130072|pavlov493@mail.ru|270|2026-07-23|отказ|бюджет
4756|61|Морозова Полина Сергеевна|1972 555219|+79964164423|morozova289@mail.ru|298|2026-06-22|отказ|бюджет
4757|62|Макаров Александр Артёмович|3456 181195|+79059577648|makarov371@mail.ru|134|2026-07-11|отказ|контракт
4758|62|Павлов Александр Алексеевич|5060 732468|+79206677083|pavlov323@mail.ru|120|2026-06-11|подано|бюджет
4759|62|Семёнов Арсений Максимович|6752 707798|+79526559902|semenov764@mail.ru|120|2026-06-15|зачислен|контракт
4760|62|Кузнецова Полина Алексеевна|3682 718246|+79959971880|kuznecova598@mail.ru|175|2026-07-16|отозвано|бюджет
4761|62|Соколова Ксения Александровна|7841 772963|+79056556151|sokolova824@mail.ru|240|2026-07-18|зачислен|контракт
4762|62|Кузнецова Екатерина Дмитриевна|7488 838168|+79980122216|kuznecova960@mail.ru|163|2026-06-02|отказ|контракт
4763|62|Козлова Елизавета Сергеевна|7241 830092|+79325462401|kozlova699@mail.ru|172|2026-07-09|подано|бюджет
4764|62|Орлова Елизавета Романовна|8851 607374|+79348753262|orlova169@mail.ru|161|2026-07-19|подано|бюджет
4765|62|Орлов Иван Максимович|3788 978067|+79264457450|orlov289@mail.ru|169|2026-06-24|подано|контракт
4766|62|Фёдоров Роман Дмитриевич|2640 119626|+79533310718|fedorov612@mail.ru|191|2026-07-11|отказ|контракт
4767|62|Орлова Екатерина Кирилловна|3174 214248|+79055063944|orlova223@mail.ru|145|2026-07-06|отозвано|контракт
4768|62|Никитина София Сергеевна|3653 318253|+79956180899|nikitina708@mail.ru|165|2026-06-09|отказ|бюджет
4769|62|Волкова Анастасия Дмитриевна|9175 769072|+79476283324|volkova536@mail.ru|185|2026-07-09|отказ|бюджет
4770|62|Волкова Полина Александровна|3183 974202|+79057269167|volkova490@mail.ru|235|2026-07-25|зачислен|бюджет
4771|62|Лебедев Кирилл Дмитриевич|3030 167716|+79884297027|lebedev730@mail.ru|120|2026-06-06|отказ|бюджет
4772|62|Новиков Арсений Александрович|5442 490967|+79816547492|novikov740@mail.ru|147|2026-06-01|отказ|контракт
4773|62|Козлов Максим Ильич|3939 848546|+79697410614|kozlov842@mail.ru|195|2026-07-22|отозвано|контракт
4774|62|Васильева Елизавета Дмитриевна|8571 643391|+79874690287|vasileva626@mail.ru|134|2026-07-17|зачислен|контракт
4775|62|Новикова Мария Ивановна|9475 811195|+79512082811|novikova757@mail.ru|168|2026-06-10|зачислен|бюджет
4776|62|Новикова Татьяна Алексеевна|4202 893343|+79865867498|novikova539@mail.ru|175|2026-07-24|отказ|бюджет
4777|62|Попова Екатерина Александровна|3907 726590|+79731859532|popova552@mail.ru|174|2026-07-01|зачислен|бюджет
4778|62|Козлова Юлия Максимовна|9252 667068|+79102725827|kozlova945@mail.ru|229|2026-06-13|отказ|бюджет
4779|62|Смирнова Ольга Артёмовна|5357 640651|+79282200453|smirnova606@mail.ru|174|2026-06-19|отказ|контракт
4780|62|Попов Максим Михайлович|5167 636529|+79200708159|popov675@mail.ru|177|2026-07-20|зачислен|бюджет
4781|62|Морозова Елизавета Сергеевна|5395 156913|+79395943383|morozova753@mail.ru|177|2026-06-17|зачислен|бюджет
4782|62|Иванова София Артёмовна|9208 553683|+79361624056|ivanova780@mail.ru|162|2026-07-24|отказ|бюджет
4783|62|Петрова Елизавета Александровна|9070 688054|+79840695058|petrova965@mail.ru|144|2026-06-17|подано|контракт
4784|62|Кузнецов Максим Дмитриевич|1643 643783|+79720079990|kuznecov104@mail.ru|191|2026-07-11|зачислен|бюджет
4785|62|Михайлова Юлия Романовна|5474 800813|+79868165838|mihaylova777@mail.ru|183|2026-07-17|отказ|бюджет
4786|62|Степанова Дарья Дмитриевна|3984 334100|+79551011271|stepanova652@mail.ru|155|2026-06-16|подано|контракт
4787|62|Николаев Кирилл Михайлович|3028 457626|+79048701112|nikolaev533@mail.ru|120|2026-07-11|зачислен|контракт
4788|62|Алексеев Матвей Андреевич|4809 221900|+79032613498|alekseev619@mail.ru|172|2026-06-07|отозвано|бюджет
4789|62|Павлова Дарья Дмитриевна|9956 681656|+79679094358|pavlova858@mail.ru|120|2026-07-09|отказ|бюджет
4790|62|Семёнова Ольга Сергеевна|7324 129216|+79741987576|semenova177@mail.ru|154|2026-06-18|отказ|контракт
4791|62|Попова Анастасия Максимовна|4753 111196|+79122365536|popova537@mail.ru|157|2026-06-20|отказ|бюджет
4792|62|Николаев Никита Алексеевич|5936 143481|+79124630231|nikolaev437@mail.ru|196|2026-06-22|подано|бюджет
4793|62|Кузнецов Андрей Кириллович|8358 166882|+79064874464|kuznecov393@mail.ru|153|2026-07-08|подано|бюджет
4794|62|Павлов Егор Алексеевич|9300 111642|+79061470671|pavlov568@mail.ru|154|2026-06-17|отказ|бюджет
4795|62|Смирнова Екатерина Артёмовна|1890 548609|+79577153293|smirnova604@mail.ru|152|2026-06-25|подано|контракт
4796|62|Павлова Ольга Андреевна|9767 425475|+79609868492|pavlova584@mail.ru|178|2026-07-08|подано|бюджет
4797|62|Алексеева Анастасия Романовна|3300 831980|+79212540551|alekseeva387@mail.ru|152|2026-07-21|зачислен|бюджет
4798|62|Кузнецов Михаил Александрович|6731 565989|+79494337895|kuznecov106@mail.ru|170|2026-06-23|подано|бюджет
4799|62|Иванова Дарья Максимовна|8871 654871|+79869037562|ivanova924@mail.ru|179|2026-07-24|подано|бюджет
4800|62|Николаева Елизавета Артёмовна|9151 831099|+79830505480|nikolaeva156@mail.ru|174|2026-07-10|отозвано|бюджет
4801|62|Егоров Михаил Андреевич|2978 473328|+79635827200|egorov990@mail.ru|161|2026-07-22|отказ|бюджет
4802|62|Попова Анна Кирилловна|5384 491579|+79389469124|popova966@mail.ru|213|2026-07-15|зачислен|бюджет
4803|62|Орлова Наталья Алексеевна|6490 520251|+79088834422|orlova684@mail.ru|189|2026-07-03|отказ|бюджет
4804|62|Соколова Юлия Ивановна|3582 511740|+79321661224|sokolova951@mail.ru|186|2026-06-06|подано|бюджет
4805|62|Кузнецова Ксения Михайловна|8420 235297|+79357075466|kuznecova624@mail.ru|211|2026-06-09|отказ|бюджет
4806|62|Лебедева Марина Романовна|7829 723232|+79095826771|lebedeva345@mail.ru|147|2026-06-01|отказ|бюджет
4807|62|Николаева Наталья Максимовна|5632 830125|+79096192639|nikolaeva355@mail.ru|182|2026-07-20|отказ|бюджет
4808|62|Новикова Татьяна Андреевна|9649 452257|+79619738855|novikova633@mail.ru|140|2026-06-01|зачислен|бюджет
4809|62|Алексеева Дарья Андреевна|3323 893728|+79254130579|alekseeva393@mail.ru|215|2026-07-07|зачислен|бюджет
4810|62|Кузнецов Денис Иванович|1281 893991|+79281365828|kuznecov742@mail.ru|189|2026-07-18|зачислен|контракт
4811|62|Макаров Роман Михайлович|7210 696734|+79349163295|makarov234@mail.ru|184|2026-07-25|отказ|контракт
4812|62|Волков Матвей Ильич|3018 992724|+79783498995|volkov904@mail.ru|137|2026-07-01|зачислен|контракт
4813|62|Андреев Роман Ильич|4025 136574|+79427323977|andreev601@mail.ru|211|2026-06-01|зачислен|бюджет
4814|62|Козлов Иван Александрович|8931 943411|+79299800858|kozlov986@mail.ru|120|2026-07-21|подано|бюджет
4815|62|Новикова Татьяна Дмитриевна|4410 364621|+79080991476|novikova913@mail.ru|148|2026-06-16|отказ|бюджет
4816|62|Алексеева Мария Максимовна|6953 680481|+79089850854|alekseeva551@mail.ru|167|2026-06-15|отказ|бюджет
4817|62|Семёнов Денис Артёмович|9664 736409|+79928168294|semenov509@mail.ru|202|2026-06-16|подано|контракт
4818|62|Михайлов Арсений Сергеевич|7972 625679|+79671825973|mihaylov309@mail.ru|188|2026-07-24|зачислен|бюджет
4819|62|Новикова Анна Дмитриевна|8953 212399|+79489021042|novikova399@mail.ru|211|2026-07-20|отозвано|бюджет
4820|62|Семёнов Никита Кириллович|8058 771320|+79687086102|semenov813@mail.ru|155|2026-06-15|зачислен|контракт
4821|62|Лебедева Марина Андреевна|5795 352436|+79221870924|lebedeva501@mail.ru|150|2026-07-18|отозвано|бюджет
4822|62|Соколов Михаил Андреевич|8075 594101|+79112378204|sokolov932@mail.ru|143|2026-06-25|подано|бюджет
4823|62|Макаров Андрей Дмитриевич|5188 862316|+79934195468|makarov487@mail.ru|178|2026-06-04|зачислен|бюджет
4824|62|Новикова Юлия Ивановна|1345 931950|+79301709258|novikova744@mail.ru|200|2026-06-05|зачислен|бюджет
4825|62|Павлов Иван Кириллович|1265 263189|+79132939668|pavlov459@mail.ru|149|2026-07-11|подано|контракт
4826|62|Павлов Андрей Артёмович|4713 673892|+79694557946|pavlov570@mail.ru|169|2026-07-16|зачислен|бюджет
4827|62|Васильев Алексей Артёмович|4347 901123|+79056776350|vasilev548@mail.ru|178|2026-06-14|зачислен|бюджет
4828|62|Никитин Матвей Алексеевич|8381 292624|+79926826702|nikitin760@mail.ru|174|2026-06-19|отказ|бюджет
4829|62|Волкова Дарья Кирилловна|7531 456305|+79828091154|volkova285@mail.ru|227|2026-07-11|отозвано|бюджет
4830|62|Макаров Сергей Сергеевич|5922 995723|+79247068194|makarov294@mail.ru|176|2026-07-11|отказ|контракт
4831|62|Васильева Ольга Сергеевна|1282 531617|+79404234843|vasileva945@mail.ru|144|2026-07-21|зачислен|бюджет
4832|63|Степанова Виктория Сергеевна|7424 647654|+79735475917|stepanova245@mail.ru|209|2026-07-08|зачислен|бюджет
4833|63|Егоров Михаил Максимович|2604 286909|+79372790105|egorov684@mail.ru|230|2026-06-05|отказ|контракт
4834|63|Новикова Татьяна Андреевна|2026 177430|+79182334798|novikova932@mail.ru|218|2026-07-24|отказ|контракт
4835|63|Орлова Елизавета Андреевна|7764 817767|+79406885238|orlova866@mail.ru|247|2026-06-18|отозвано|контракт
4836|63|Андреев Артём Дмитриевич|5782 963329|+79456978342|andreev694@mail.ru|193|2026-07-23|подано|бюджет
4837|63|Макарова Елизавета Артёмовна|1487 912582|+79415390468|makarova653@mail.ru|246|2026-06-17|подано|бюджет
4838|63|Макарова Полина Михайловна|8560 882165|+79376728383|makarova486@mail.ru|235|2026-06-18|подано|бюджет
4839|63|Волкова Ольга Артёмовна|2465 573751|+79338445297|volkova411@mail.ru|202|2026-07-14|подано|бюджет
4840|63|Соколова Марина Артёмовна|6386 326548|+79836264910|sokolova699@mail.ru|232|2026-06-23|отказ|бюджет
4841|63|Семёнова София Ильинична|4648 200831|+79009207585|semenova854@mail.ru|220|2026-06-23|отказ|бюджет
4842|63|Андреева Анна Романовна|2689 905470|+79289919080|andreeva536@mail.ru|183|2026-06-24|подано|бюджет
4843|63|Фёдоров Артём Андреевич|1881 305068|+79395793986|fedorov869@mail.ru|213|2026-07-10|отказ|контракт
4844|63|Павлов Егор Ильич|4875 484891|+79976381163|pavlov706@mail.ru|228|2026-06-17|зачислен|бюджет
4845|63|Макарова Татьяна Ильинична|6173 522063|+79891154116|makarova608@mail.ru|261|2026-07-12|отказ|бюджет
4846|63|Попова Екатерина Александровна|2955 774680|+79977947386|popova517@mail.ru|277|2026-07-18|отказ|бюджет
4847|63|Кузнецов Матвей Андреевич|5603 351985|+79802448377|kuznecov714@mail.ru|226|2026-06-16|отказ|контракт
4848|63|Кузнецов Максим Романович|1225 463318|+79269812591|kuznecov181@mail.ru|203|2026-07-01|зачислен|бюджет
4849|63|Петрова Анастасия Кирилловна|6419 259180|+79532863274|petrova926@mail.ru|264|2026-06-21|зачислен|контракт
4850|63|Никитина Ольга Дмитриевна|1908 507611|+79152778348|nikitina671@mail.ru|158|2026-07-14|подано|бюджет
4851|63|Егорова Марина Ильинична|6860 352481|+79143546881|egorova714@mail.ru|249|2026-07-12|зачислен|бюджет
4852|63|Морозова Дарья Кирилловна|4633 896318|+79579568654|morozova998@mail.ru|249|2026-06-12|зачислен|бюджет
4853|63|Михайлов Денис Дмитриевич|1532 309024|+79913228205|mihaylov958@mail.ru|197|2026-06-01|зачислен|бюджет
4854|63|Степанова Анна Ильинична|7313 246385|+79745400750|stepanova176@mail.ru|197|2026-06-01|отказ|контракт
4855|63|Николаев Кирилл Дмитриевич|2562 721557|+79254571047|nikolaev133@mail.ru|230|2026-06-24|зачислен|контракт
4856|63|Попова Анна Сергеевна|4492 595455|+79947555912|popova744@mail.ru|243|2026-07-23|зачислен|контракт
4857|63|Волков Денис Максимович|6498 717674|+79337194698|volkov274@mail.ru|240|2026-06-15|подано|контракт
4858|63|Васильев Андрей Ильич|9775 606508|+79806885048|vasilev818@mail.ru|169|2026-06-14|отказ|контракт
4859|63|Орлов Матвей Александрович|3394 886791|+79556277674|orlov959@mail.ru|225|2026-07-07|зачислен|бюджет
4860|63|Семёнова Юлия Кирилловна|2748 777191|+79965428221|semenova439@mail.ru|258|2026-06-04|зачислен|контракт
4861|63|Фёдоров Илья Кириллович|9315 421448|+79870844647|fedorov608@mail.ru|218|2026-07-04|зачислен|бюджет
4862|63|Иванова Мария Кирилловна|3232 483532|+79697468212|ivanova374@mail.ru|204|2026-06-20|зачислен|бюджет
4863|63|Смирнов Андрей Ильич|5721 659424|+79543461937|smirnov509@mail.ru|176|2026-07-19|отказ|бюджет
4864|63|Кузнецова Ксения Сергеевна|1049 693677|+79563063548|kuznecova681@mail.ru|200|2026-06-10|отказ|бюджет
4865|63|Соколова Анна Ильинична|8280 443972|+79204518781|sokolova220@mail.ru|234|2026-07-25|отказ|бюджет
4866|63|Семёнова Мария Ивановна|5499 435261|+79252118983|semenova112@mail.ru|262|2026-07-06|зачислен|бюджет
4867|63|Алексеева София Сергеевна|5288 840424|+79418091632|alekseeva541@mail.ru|254|2026-07-08|отказ|бюджет
4868|63|Алексеев Андрей Кириллович|9179 854255|+79294436817|alekseev940@mail.ru|257|2026-06-04|зачислен|бюджет
4869|63|Иванова Ольга Михайловна|7998 860755|+79704150365|ivanova975@mail.ru|222|2026-06-20|отказ|контракт
4870|63|Петров Арсений Сергеевич|3597 613536|+79352129830|petrov193@mail.ru|226|2026-07-18|отказ|контракт
4871|63|Никитина Виктория Ильинична|3338 510042|+79436365443|nikitina899@mail.ru|218|2026-07-07|отказ|бюджет
4872|63|Васильева Анна Александровна|8598 245521|+79566688079|vasileva100@mail.ru|221|2026-07-16|зачислен|контракт
4873|63|Кузнецов Дмитрий Михайлович|1983 443664|+79650389241|kuznecov160@mail.ru|241|2026-06-08|подано|бюджет
4874|63|Алексеев Кирилл Кириллович|4006 831737|+79439852305|alekseev246@mail.ru|187|2026-07-13|зачислен|бюджет
4875|63|Семёнов Михаил Александрович|9580 192552|+79382199070|semenov446@mail.ru|236|2026-07-13|зачислен|бюджет
4876|63|Егоров Максим Иванович|3366 618532|+79261429243|egorov133@mail.ru|208|2026-06-25|отказ|контракт
4877|63|Алексеева Марина Дмитриевна|4970 491174|+79081922836|alekseeva422@mail.ru|223|2026-06-23|подано|бюджет
4878|64|Михайлова Юлия Сергеевна|6874 289273|+79331828856|mihaylova549@mail.ru|232|2026-07-18|зачислен|бюджет
4879|64|Фёдорова Анастасия Максимовна|5504 794872|+79491649728|fedorova273@mail.ru|236|2026-07-08|подано|бюджет
4880|64|Кузнецова Алиса Романовна|6738 428086|+79541679557|kuznecova250@mail.ru|246|2026-06-04|зачислен|бюджет
4881|64|Степанов Максим Кириллович|1991 951012|+79846075913|stepanov172@mail.ru|257|2026-06-08|отказ|бюджет
4882|64|Алексеева Анастасия Михайловна|7858 724079|+79970443576|alekseeva146@mail.ru|224|2026-07-19|отказ|контракт
4883|64|Макарова Елизавета Максимовна|9750 106576|+79877544710|makarova100@mail.ru|240|2026-06-15|отказ|бюджет
4884|64|Макарова Анна Ивановна|4339 381515|+79811922603|makarova413@mail.ru|269|2026-06-01|зачислен|бюджет
4885|64|Морозов Матвей Кириллович|3174 477448|+79259524779|morozov516@mail.ru|300|2026-06-14|отказ|бюджет
4886|64|Новикова Ольга Ивановна|2922 916470|+79210594403|novikova587@mail.ru|217|2026-06-05|зачислен|контракт
4887|64|Морозов Матвей Артёмович|5183 673065|+79336678174|morozov679@mail.ru|206|2026-06-04|зачислен|контракт
4888|64|Соколова Елизавета Артёмовна|8330 243692|+79022884902|sokolova879@mail.ru|300|2026-07-09|отказ|бюджет
4889|64|Павлова Юлия Андреевна|2052 932216|+79063592067|pavlova700@mail.ru|216|2026-06-15|зачислен|бюджет
4890|64|Андреева Виктория Алексеевна|6788 582025|+79013278612|andreeva473@mail.ru|219|2026-07-19|зачислен|контракт
4891|64|Новиков Илья Александрович|9144 729904|+79947144988|novikov767@mail.ru|211|2026-06-08|отказ|бюджет
4892|64|Орлов Илья Дмитриевич|1189 970805|+79326493251|orlov981@mail.ru|196|2026-07-08|подано|бюджет
4893|64|Егорова Анна Сергеевна|3802 303578|+79044543600|egorova726@mail.ru|230|2026-06-23|отказ|контракт
4894|64|Иванов Михаил Ильич|5564 625356|+79573134927|ivanov657@mail.ru|249|2026-06-23|зачислен|бюджет
4895|64|Смирнова Анна Максимовна|7872 899847|+79434327774|smirnova400@mail.ru|216|2026-07-13|отозвано|бюджет
4896|64|Орлова Полина Андреевна|9674 117227|+79709783476|orlova152@mail.ru|266|2026-06-22|отказ|бюджет
4897|64|Петров Иван Сергеевич|2047 340371|+79522065658|petrov226@mail.ru|226|2026-07-06|зачислен|контракт
4898|64|Смирнов Иван Александрович|8684 333362|+79759099095|smirnov381@mail.ru|286|2026-06-24|отказ|бюджет
4899|64|Козлов Алексей Михайлович|8441 129504|+79181425095|kozlov469@mail.ru|219|2026-07-10|зачислен|бюджет
4900|64|Смирнова Виктория Артёмовна|8923 141808|+79007636557|smirnova418@mail.ru|247|2026-07-09|отозвано|контракт
4901|64|Николаев Роман Алексеевич|9820 611151|+79987905866|nikolaev805@mail.ru|211|2026-07-17|отказ|бюджет
4902|64|Павлова Полина Сергеевна|4322 891684|+79636743957|pavlova414@mail.ru|260|2026-06-19|отказ|бюджет
4903|64|Смирнов Сергей Александрович|9329 145008|+79022483751|smirnov590@mail.ru|219|2026-06-20|подано|контракт
4904|64|Смирнова Алиса Александровна|2133 988360|+79516440185|smirnova623@mail.ru|214|2026-06-21|подано|контракт
4905|64|Фёдорова Анастасия Артёмовна|5701 756582|+79708432323|fedorova192@mail.ru|183|2026-07-18|зачислен|бюджет
4906|64|Егорова Дарья Сергеевна|9032 990253|+79402797297|egorova786@mail.ru|285|2026-07-04|зачислен|бюджет
4907|64|Михайлова София Андреевна|5320 734079|+79784078759|mihaylova652@mail.ru|296|2026-07-16|отозвано|бюджет
4908|64|Михайлова Полина Максимовна|6863 987086|+79193584982|mihaylova378@mail.ru|192|2026-06-05|подано|контракт
4909|64|Степанова Наталья Романовна|7398 936090|+79891616909|stepanova681@mail.ru|300|2026-07-06|отказ|бюджет
4910|64|Козлов Никита Александрович|1391 702665|+79975053381|kozlov356@mail.ru|275|2026-06-18|отказ|бюджет
4911|64|Павлова Анна Алексеевна|9605 881024|+79264884622|pavlova624@mail.ru|191|2026-06-02|подано|бюджет
4912|64|Волков Кирилл Максимович|2249 848023|+79481550222|volkov725@mail.ru|288|2026-06-02|подано|бюджет
4913|64|Андреев Роман Сергеевич|5779 572336|+79016869251|andreev307@mail.ru|252|2026-07-15|подано|бюджет
4914|64|Семёнова Елизавета Ивановна|2256 338726|+79698121559|semenova103@mail.ru|241|2026-06-11|зачислен|бюджет
4915|64|Новикова Виктория Ильинична|7230 900708|+79453849864|novikova105@mail.ru|230|2026-07-01|отказ|контракт
4916|64|Фёдорова Полина Михайловна|6778 555352|+79052640307|fedorova673@mail.ru|251|2026-06-08|отказ|бюджет
4917|64|Лебедев Иван Александрович|4326 280855|+79750430250|lebedev796@mail.ru|243|2026-07-23|подано|бюджет
4918|64|Волков Михаил Дмитриевич|2730 216638|+79132792097|volkov195@mail.ru|176|2026-06-11|отозвано|бюджет
4919|64|Степанов Арсений Максимович|2859 215243|+79054651103|stepanov794@mail.ru|194|2026-06-25|подано|бюджет
4920|64|Егоров Михаил Иванович|5950 205061|+79134947285|egorov850@mail.ru|228|2026-06-08|отказ|бюджет
4921|64|Михайлов Иван Алексеевич|8037 244386|+79519324961|mihaylov535@mail.ru|260|2026-06-16|отказ|контракт
4922|64|Степанов Роман Дмитриевич|6054 498113|+79508674851|stepanov533@mail.ru|208|2026-06-11|отказ|бюджет
4923|64|Семёнова Полина Кирилловна|3547 365857|+79802056660|semenova498@mail.ru|241|2026-07-08|отказ|бюджет
4924|64|Козлов Арсений Максимович|8486 880651|+79571938356|kozlov305@mail.ru|209|2026-07-01|подано|бюджет
4925|64|Степанов Никита Андреевич|8099 172009|+79757883434|stepanov214@mail.ru|264|2026-07-14|зачислен|бюджет
4926|64|Семёнов Артём Андреевич|3716 263176|+79518868969|semenov531@mail.ru|247|2026-07-01|подано|контракт
4927|64|Макаров Роман Ильич|1004 445227|+79110684113|makarov218@mail.ru|252|2026-06-03|отказ|бюджет
4928|64|Никитина София Михайловна|7943 643285|+79085372979|nikitina591@mail.ru|256|2026-06-17|отозвано|бюджет
4929|64|Козлов Никита Сергеевич|7570 662551|+79497481111|kozlov748@mail.ru|236|2026-07-14|зачислен|контракт
4930|64|Михайлова Ольга Максимовна|8734 233496|+79224770037|mihaylova107@mail.ru|221|2026-06-03|зачислен|бюджет
4931|64|Соколов Иван Ильич|4772 256379|+79798524428|sokolov376@mail.ru|241|2026-06-14|зачислен|бюджет
4932|64|Никитин Дмитрий Максимович|9205 979908|+79593578376|nikitin423@mail.ru|202|2026-06-14|зачислен|контракт
4933|64|Васильева Анна Александровна|3033 102665|+79637198722|vasileva672@mail.ru|257|2026-06-01|подано|бюджет
4934|64|Николаева Виктория Михайловна|4221 496672|+79722148476|nikolaeva936@mail.ru|246|2026-06-19|зачислен|контракт
4935|64|Иванов Дмитрий Артёмович|4501 798356|+79022232446|ivanov401@mail.ru|219|2026-07-05|подано|бюджет
4936|64|Орлова Елизавета Максимовна|3179 706324|+79408251759|orlova131@mail.ru|204|2026-06-16|отозвано|бюджет
4937|64|Новикова Мария Ильинична|6207 861110|+79069195738|novikova174@mail.ru|265|2026-07-10|отказ|бюджет
4938|64|Кузнецов Денис Романович|1820 680381|+79075183479|kuznecov119@mail.ru|270|2026-06-04|отозвано|контракт
4939|65|Николаев Роман Иванович|4219 787930|+79105638958|nikolaev973@mail.ru|267|2026-06-01|отказ|контракт
4940|65|Николаев Алексей Сергеевич|3099 475755|+79580832941|nikolaev147@mail.ru|234|2026-06-08|зачислен|бюджет
4941|65|Волков Андрей Дмитриевич|3331 708667|+79458986492|volkov118@mail.ru|282|2026-07-15|отказ|бюджет
4942|65|Егорова Наталья Михайловна|9719 781023|+79619625809|egorova982@mail.ru|259|2026-07-25|отказ|контракт
4943|65|Попова Татьяна Романовна|3278 878663|+79267634550|popova444@mail.ru|272|2026-07-19|отказ|бюджет
4944|65|Новиков Артём Андреевич|8775 654574|+79694339822|novikov781@mail.ru|287|2026-06-21|подано|бюджет
4945|65|Козлов Александр Андреевич|8790 478721|+79350242508|kozlov862@mail.ru|278|2026-06-22|отказ|бюджет
4946|65|Волков Андрей Артёмович|8151 281046|+79816693725|volkov542@mail.ru|250|2026-07-03|отказ|контракт
4947|65|Макаров Никита Романович|6452 768864|+79224794005|makarov851@mail.ru|252|2026-07-10|отказ|бюджет
4948|65|Козлова Марина Кирилловна|1188 539835|+79134161621|kozlova466@mail.ru|200|2026-07-11|отозвано|контракт
4949|65|Николаева Анна Сергеевна|7560 828821|+79413104477|nikolaeva917@mail.ru|190|2026-06-04|отказ|контракт
4950|65|Алексеева Виктория Романовна|5593 374555|+79588576814|alekseeva289@mail.ru|242|2026-06-06|зачислен|бюджет
4951|65|Кузнецова Дарья Кирилловна|4625 563175|+79957095811|kuznecova602@mail.ru|245|2026-07-22|отказ|бюджет
4952|65|Кузнецов Андрей Михайлович|2537 683305|+79911940191|kuznecov502@mail.ru|248|2026-07-11|отказ|бюджет
4953|65|Иванов Кирилл Сергеевич|6933 601401|+79305284050|ivanov310@mail.ru|300|2026-07-19|подано|бюджет
4954|65|Фёдорова Екатерина Дмитриевна|4309 958406|+79303774610|fedorova899@mail.ru|258|2026-07-22|отказ|бюджет
4955|65|Андреев Роман Ильич|2294 976313|+79443526217|andreev246@mail.ru|257|2026-07-11|зачислен|бюджет
4956|65|Фёдорова Виктория Андреевна|1241 722506|+79149252117|fedorova446@mail.ru|247|2026-06-01|отказ|бюджет
4957|65|Лебедева Марина Александровна|5392 493142|+79300946346|lebedeva769@mail.ru|279|2026-07-18|подано|бюджет
4958|65|Иванов Михаил Иванович|2656 432698|+79387398267|ivanov640@mail.ru|195|2026-07-13|отозвано|контракт
4959|65|Новикова Ксения Алексеевна|5663 758009|+79262802885|novikova123@mail.ru|295|2026-06-13|зачислен|бюджет
4960|65|Макаров Арсений Александрович|6077 549810|+79316325680|makarov394@mail.ru|203|2026-06-07|отказ|бюджет
4961|65|Волкова Анна Кирилловна|5097 291784|+79657226649|volkova626@mail.ru|226|2026-07-25|подано|бюджет
4962|65|Кузнецова Наталья Артёмовна|6738 654976|+79100055773|kuznecova453@mail.ru|227|2026-06-17|отказ|бюджет
4963|65|Фёдорова Наталья Сергеевна|2756 319629|+79081059226|fedorova971@mail.ru|222|2026-06-09|зачислен|бюджет
4964|65|Андреева Анастасия Максимовна|1264 729802|+79543814142|andreeva770@mail.ru|261|2026-06-19|зачислен|бюджет
4965|65|Фёдоров Никита Иванович|1943 732695|+79593955788|fedorov478@mail.ru|262|2026-07-25|отказ|бюджет
4966|65|Фёдорова Виктория Кирилловна|1233 990489|+79122931863|fedorova794@mail.ru|278|2026-06-08|отозвано|бюджет
4967|65|Кузнецов Матвей Иванович|9226 105175|+79797449005|kuznecov378@mail.ru|234|2026-07-15|зачислен|контракт
4968|65|Козлов Арсений Михайлович|4224 396971|+79337745576|kozlov975@mail.ru|222|2026-07-01|зачислен|контракт
4969|65|Попова Ксения Александровна|5596 871758|+79612142455|popova643@mail.ru|284|2026-06-03|отказ|бюджет
4970|65|Николаева Анна Сергеевна|2125 295479|+79880257115|nikolaeva252@mail.ru|241|2026-07-13|зачислен|контракт
4971|65|Андреева Татьяна Андреевна|7140 993280|+79143236887|andreeva679@mail.ru|221|2026-07-21|зачислен|бюджет
4972|65|Павлова София Ильинична|3103 261328|+79419480643|pavlova615@mail.ru|288|2026-06-25|отозвано|бюджет
4973|65|Николаев Михаил Алексеевич|5116 436365|+79433112207|nikolaev215@mail.ru|233|2026-07-05|отказ|контракт
4974|65|Волкова Мария Артёмовна|7223 828492|+79100836564|volkova147@mail.ru|247|2026-06-15|отозвано|бюджет
4975|65|Смирнова Юлия Дмитриевна|8042 289698|+79556365712|smirnova372@mail.ru|239|2026-07-02|отказ|бюджет
4976|65|Павлова София Ивановна|4381 554629|+79604711728|pavlova384@mail.ru|285|2026-07-12|зачислен|бюджет
4977|65|Степанова Анастасия Александровна|7082 493556|+79437985616|stepanova701@mail.ru|250|2026-07-20|отказ|бюджет
4978|65|Лебедева Ксения Артёмовна|4607 889818|+79956911749|lebedeva897@mail.ru|220|2026-07-12|зачислен|контракт
4979|65|Петрова Екатерина Сергеевна|3464 976362|+79933578812|petrova318@mail.ru|235|2026-06-25|зачислен|бюджет
4980|65|Волков Кирилл Сергеевич|6110 134146|+79075223566|volkov498@mail.ru|266|2026-07-07|зачислен|бюджет
4981|65|Никитина Екатерина Ивановна|3014 131963|+79905955170|nikitina868@mail.ru|237|2026-07-11|отказ|контракт
4982|65|Кузнецова Татьяна Андреевна|3410 498983|+79089797705|kuznecova585@mail.ru|232|2026-07-24|зачислен|контракт
4983|65|Фёдоров Александр Ильич|5607 908286|+79559809291|fedorov744@mail.ru|228|2026-06-24|отозвано|контракт
4984|65|Орлова Дарья Сергеевна|8935 934396|+79459832953|orlova365@mail.ru|276|2026-06-06|отказ|бюджет
4985|65|Волков Арсений Ильич|3065 289294|+79644424226|volkov334@mail.ru|295|2026-06-13|отозвано|контракт
4986|65|Козлов Андрей Кириллович|6778 936451|+79619836958|kozlov586@mail.ru|243|2026-07-18|отказ|бюджет
4987|65|Петров Иван Артёмович|7514 181214|+79220482973|petrov472@mail.ru|229|2026-06-13|зачислен|бюджет
4988|65|Егоров Иван Андреевич|8169 461930|+79549882355|egorov984@mail.ru|264|2026-06-11|отказ|контракт
4989|65|Макарова Юлия Кирилловна|6591 215287|+79675179299|makarova540@mail.ru|218|2026-06-24|отказ|контракт
4990|65|Морозов Михаил Романович|3748 362807|+79885703310|morozov822@mail.ru|235|2026-07-10|зачислен|бюджет
4991|65|Смирнова Дарья Сергеевна|9476 154622|+79735119738|smirnova619@mail.ru|213|2026-06-13|отказ|бюджет
4992|65|Лебедев Илья Михайлович|8846 580066|+79696890903|lebedev617@mail.ru|300|2026-07-17|отказ|бюджет
4993|65|Иванов Михаил Иванович|8744 267647|+79843452606|ivanov508@mail.ru|260|2026-07-13|зачислен|контракт
4994|65|Васильева Виктория Алексеевна|3400 492775|+79944267412|vasileva666@mail.ru|274|2026-07-21|зачислен|контракт
4995|65|Степанов Сергей Артёмович|3070 523692|+79874298157|stepanov358@mail.ru|240|2026-07-22|отказ|бюджет
4996|65|Орлов Дмитрий Максимович|5499 266253|+79017398014|orlov864@mail.ru|260|2026-07-17|зачислен|бюджет
4997|65|Михайлов Дмитрий Александрович|3212 173866|+79868145334|mihaylov996@mail.ru|238|2026-07-16|зачислен|бюджет
4998|65|Никитин Роман Кириллович|9166 985982|+79663127820|nikitin683@mail.ru|243|2026-07-11|отказ|бюджет
4999|65|Степанов Максим Максимович|6228 170444|+79558497107|stepanov950@mail.ru|285|2026-07-15|отказ|бюджет
5000|65|Васильева Полина Ивановна|3434 763075|+79474068498|vasileva916@mail.ru|270|2026-06-16|отказ|бюджет
5001|65|Попова Виктория Дмитриевна|2147 303001|+79750002603|popova140@mail.ru|202|2026-07-10|отозвано|бюджет
5002|65|Петров Кирилл Андреевич|7542 461995|+79915225326|petrov259@mail.ru|235|2026-06-18|зачислен|бюджет
5003|65|Егоров Сергей Максимович|9450 856420|+79362027532|egorov174@mail.ru|257|2026-06-06|отказ|контракт
5004|65|Семёнов Дмитрий Андреевич|4384 230611|+79566628976|semenov876@mail.ru|300|2026-06-22|зачислен|бюджет
5005|65|Орлова Анна Артёмовна|4937 280387|+79452242737|orlova766@mail.ru|265|2026-07-23|зачислен|контракт
5006|65|Фёдоров Никита Алексеевич|2174 624632|+79679280306|fedorov730@mail.ru|220|2026-06-13|отказ|контракт
5007|65|Козлова Виктория Сергеевна|5956 283248|+79840963344|kozlova642@mail.ru|279|2026-06-16|отозвано|бюджет
5008|65|Кузнецов Егор Артёмович|2742 151914|+79091646270|kuznecov371@mail.ru|239|2026-06-08|подано|бюджет
5009|65|Попова Виктория Михайловна|4466 242867|+79686152233|popova342@mail.ru|237|2026-07-22|отказ|бюджет
5010|65|Васильев Артём Иванович|3040 138977|+79594523007|vasilev374@mail.ru|222|2026-07-09|зачислен|бюджет
5011|65|Волков Александр Михайлович|2796 954968|+79093869429|volkov745@mail.ru|242|2026-06-05|зачислен|бюджет
5012|65|Макарова София Александровна|2132 140555|+79461062681|makarova277@mail.ru|230|2026-06-19|отозвано|бюджет
5013|65|Морозов Иван Романович|6440 173469|+79997720367|morozov501@mail.ru|265|2026-06-01|зачислен|контракт
5014|65|Семёнов Матвей Артёмович|8555 726532|+79519732948|semenov365@mail.ru|300|2026-06-03|отказ|бюджет
5015|65|Степанов Роман Ильич|7600 165896|+79407344469|stepanov217@mail.ru|256|2026-06-10|отказ|бюджет
5016|65|Иванова Елизавета Романовна|8800 887978|+79336888307|ivanova203@mail.ru|278|2026-06-22|отозвано|бюджет
5017|65|Павлова Татьяна Артёмовна|4424 888885|+79032665373|pavlova123@mail.ru|298|2026-07-18|зачислен|контракт
5018|65|Новиков Максим Михайлович|5445 615191|+79514381081|novikov316@mail.ru|299|2026-07-20|зачислен|контракт
5019|65|Семёнов Егор Дмитриевич|5746 929625|+79941961179|semenov485@mail.ru|267|2026-07-20|отказ|бюджет
5020|65|Смирнова Дарья Сергеевна|6785 298135|+79773490427|smirnova293@mail.ru|238|2026-06-02|зачислен|контракт
5021|65|Васильева Юлия Максимовна|4393 437812|+79082139186|vasileva342@mail.ru|212|2026-07-05|подано|контракт
5022|65|Андреев Роман Михайлович|2355 146274|+79484561578|andreev162@mail.ru|239|2026-07-02|зачислен|контракт
5023|65|Егорова Марина Сергеевна|4506 809737|+79355204732|egorova421@mail.ru|288|2026-07-05|отозвано|бюджет
5024|65|Лебедева Юлия Александровна|6313 868389|+79152388612|lebedeva528@mail.ru|254|2026-06-08|отказ|контракт
