1|1|Степанова|Татьяна|Алексеевна|2007-08-17|7369 110756|+79177419153|stepanova.t86@edu.univ.ru|2025|учится|бюджет
2|1|Кузнецов|Никита|Андреевич|2006-03-14|5106 606020|+79862295773|kuznecov.n36@edu.univ.ru|2025|учится|контракт
3|1|Никитина|Елизавета|Романовна|2007-08-18|1928 834030|+79825559083|nikitina.e36@edu.univ.ru|2025|учится|контракт
4|1|Морозова|Анна|Александровна|2008-10-20|8526 181254|+79801718721|morozova.a38@edu.univ.ru|2025|академ|бюджет
5|1|Петров|Денис|Михайлович|2008-09-17|9856 860659|+79064562909|petrov.d13@edu.univ.ru|2025|учится|контракт
6|1|Фёдоров|Артём|Сергеевич|2006-02-25|7184 425953|+79733104546|fedorov.a94@edu.univ.ru|2025|учится|контракт
7|1|Козлов|Матвей|Ильич|2008-12-17|9216 360251|+79774925004|kozlov.m68@edu.univ.ru|2025|учится|контракт
8|1|Козлов|Роман|Дмитриевич|2008-11-17|4529 474702|+79402910486|kozlov.r21@edu.univ.ru|2025|учится|бюджет
9|1|Васильев|Илья|Ильич|2005-06-16|3286 626014|+79345772314|vasilev.i20@edu.univ.ru|2025|учится|бюджет
10|1|Степанов|Никита|Максимович|2006-05-02|8051 645923|+79826614987|stepanov.n51@edu.univ.ru|2025|учится|бюджет
11|1|Павлова|Мария|Романовна|2008-02-25|8567 561585|+79367406524|pavlova.m80@edu.univ.ru|2025|учится|бюджет
12|1|Николаева|София|Алексеевна|2008-09-01|8709 954096|+79609178956|nikolaeva.s88@edu.univ.ru|2025|учится|контракт
13|1|Степанов|Алексей|Максимович|2006-11-11|2943 300251|+79875435476|stepanov.a32@edu.univ.ru|2025|учится|контракт
14|1|Попов|Матвей|Кириллович|2006-09-24|7691 892384|+79574823315|popov.m13@edu.univ.ru|2025|учится|бюджет
15|1|Андреев|Иван|Максимович|2005-05-01|6747 915056|+79426175116|andreev.i52@edu.univ.ru|2025|учится|бюджет
16|1|Семёнова|Екатерина|Ильинична|2005-10-09|2045 770833|+79098468789|semenova.e53@edu.univ.ru|2025|учится|бюджет
17|1|Морозов|Роман|Александрович|2008-01-10|1250 303383|+79506732609|morozov.r66@edu.univ.ru|2025|учится|контракт
18|1|Михайлов|Никита|Артёмович|2006-11-17|1022 690535|+79969314425|mihaylov.n36@edu.univ.ru|2025|учится|контракт
19|1|Степанова|Елизавета|Кирилловна|2005-11-04|9355 234182|+79545815916|stepanova.e89@edu.univ.ru|2025|отчислен|бюджет
20|1|Петрова|Ксения|Романовна|2006-05-13|5795 102149|+79879894828|petrova.k21@edu.univ.ru|2025|учится|бюджет
21|1|Андреева|Мария|Дмитриевна|2006-08-17|8883 368453|+79119800523|andreeva.m78@edu.univ.ru|2025|отчислен|контракт
22|1|Степанов|Дмитрий|Ильич|2007-06-13|1183 523244|+79990101524|stepanov.d33@edu.univ.ru|2025|учится|бюджет
23|1|Михайлова|Виктория|Алексеевна|2007-08-24|1462 496092|+79579385053|mihaylova.v95@edu.univ.ru|2025|учится|контракт
24|1|Павлова|Ольга|Кирилловна|2008-01-19|1841 497957|+79866707161|pavlova.o12@edu.univ.ru|2025|учится|контракт
25|1|Степанова|Татьяна|Романовна|2007-06-24|1487 274117|+79354699796|stepanova.t42@edu.univ.ru|2025|учится|бюджет
26|1|Павлова|Анастасия|Сергеевна|2005-03-06|3899 950497|+79579302429|pavlova.a10@edu.univ.ru|2025|учится|контракт
27|1|Козлов|Арсений|Максимович|2005-01-24|4210 988743|+79795234123|kozlov.a13@edu.univ.ru|2025|отчислен|бюджет
28|1|Михайлов|Дмитрий|Максимович|2008-04-04|5605 722510|+79316097241|mihaylov.d49@edu.univ.ru|2025|отчислен|бюджет
29|1|Фёдоров|Арсений|Романович|2006-03-24|6954 472336|+79463875750|fedorov.a48@edu.univ.ru|2025|учится|контракт
30|1|Степанов|Егор|Андреевич|2007-10-08|7842 552407|+79530177100|stepanov.e96@edu.univ.ru|2025|учится|бюджет
31|2|Степанов|Илья|Романович|2005-12-01|9699 342730|+79499516162|stepanov.i94@edu.univ.ru|2025|отчислен|контракт
32|2|Попов|Кирилл|Артёмович|2007-11-11|5029 635698|+79501563927|popov.k99@edu.univ.ru|2025|учится|контракт
33|2|Андреев|Максим|Алексеевич|2007-06-15|8367 718273|+79225568797|andreev.m74@edu.univ.ru|2025|учится|контракт
34|2|Морозов|Денис|Романович|2005-11-05|1460 122630|+79250265332|morozov.d49@edu.univ.ru|2025|учится|бюджет
35|2|Новиков|Никита|Алексеевич|2006-12-09|8152 356825|+79670348180|novikov.n47@edu.univ.ru|2025|учится|бюджет
36|2|Лебедев|Артём|Михайлович|2005-11-03|8644 828956|+79148253547|lebedev.a41@edu.univ.ru|2025|учится|контракт
37|2|Петрова|Дарья|Ивановна|2006-03-08|3215 533774|+79186406684|petrova.d64@edu.univ.ru|2025|учится|контракт
38|2|Морозова|Наталья|Кирилловна|2006-09-03|3772 273029|+79469395488|morozova.n15@edu.univ.ru|2025|учится|бюджет
39|2|Кузнецов|Матвей|Артёмович|2005-11-10|5346 571972|+79256222389|kuznecov.m50@edu.univ.ru|2025|учится|бюджет
40|2|Соколов|Александр|Иванович|2005-10-02|8078 405487|+79435457478|sokolov.a72@edu.univ.ru|2025|учится|контракт
41|2|Смирнова|Мария|Кирилловна|2007-10-23|4242 993746|+79429436134|smirnova.m44@edu.univ.ru|2025|выпущен|бюджет
42|2|Кузнецова|Екатерина|Романовна|2005-12-08|5743 967296|+79353752228|kuznecova.e73@edu.univ.ru|2025|учится|контракт
43|2|Петров|Максим|Сергеевич|2008-05-25|5637 421324|+79351082047|petrov.m46@edu.univ.ru|2025|учится|бюджет
44|2|Попов|Максим|Сергеевич|2006-07-05|3306 917860|+79765136492|popov.m10@edu.univ.ru|2025|учится|контракт
45|2|Егоров|Матвей|Романович|2007-09-14|3137 587319|+79328602121|egorov.m16@edu.univ.ru|2025|учится|бюджет
46|2|Волкова|Мария|Александровна|2005-12-17|1895 975337|+79157750670|volkova.m49@edu.univ.ru|2025|учится|бюджет
47|2|Андреева|Анна|Максимовна|2005-04-15|5867 798969|+79107584704|andreeva.a52@edu.univ.ru|2025|учится|контракт
48|2|Морозова|Виктория|Михайловна|2006-04-04|2911 339270|+79497186117|morozova.v80@edu.univ.ru|2025|отчислен|бюджет
49|2|Андреева|Дарья|Дмитриевна|2007-07-11|9632 182320|+79643728678|andreeva.d77@edu.univ.ru|2025|учится|бюджет
50|2|Васильев|Никита|Андреевич|2006-11-26|8246 855497|+79755955225|vasilev.n68@edu.univ.ru|2025|учится|контракт
51|2|Соколова|София|Романовна|2005-04-06|9763 530776|+79975385002|sokolova.s51@edu.univ.ru|2025|учится|бюджет
52|2|Семёнова|Полина|Кирилловна|2007-08-22|8012 764381|+79171835145|semenova.p30@edu.univ.ru|2025|учится|бюджет
53|2|Степанова|Ксения|Александровна|2007-04-02|6742 123665|+79614435822|stepanova.k47@edu.univ.ru|2025|учится|контракт
54|2|Орлов|Андрей|Михайлович|2007-10-23|5693 434646|+79701498435|orlov.a29@edu.univ.ru|2025|учится|бюджет
55|2|Соколов|Кирилл|Романович|2007-04-28|2498 545287|+79882012621|sokolov.k27@edu.univ.ru|2025|учится|контракт
56|2|Попов|Кирилл|Артёмович|2006-06-11|4733 191224|+79882566723|popov.k57@edu.univ.ru|2025|учится|контракт
57|2|Васильева|Юлия|Кирилловна|2005-04-27|8401 129446|+79108747205|vasileva.y23@edu.univ.ru|2025|учится|контракт
58|2|Степанова|София|Кирилловна|2006-06-01|8857 956555|+79091575191|stepanova.s47@edu.univ.ru|2025|учится|контракт
59|2|Фёдоров|Роман|Михайлович|2005-05-03|1882 707547|+79486298840|fedorov.r68@edu.univ.ru|2025|учится|бюджет
60|2|Орлова|Дарья|Андреевна|2008-05-25|1421 490260|+79760369836|orlova.d36@edu.univ.ru|2025|учится|контракт
61|2|Попов|Артём|Артёмович|2006-09-02|7395 187398|+79468911476|popov.a51@edu.univ.ru|2025|учится|бюджет
62|2|Лебедева|Ольга|Сергеевна|2006-11-26|5281 690512|+79714495832|lebedeva.o57@edu.univ.ru|2025|учится|бюджет
63|2|Андреева|Юлия|Михайловна|2007-01-18|3425 178399|+79789281888|andreeva.y45@edu.univ.ru|2025|учится|контракт
64|3|Кузнецова|София|Андреевна|2005-11-08|6002 445100|+79994030365|kuznecova.s69@edu.univ.ru|2025|учится|бюджет
65|3|Петрова|Елизавета|Кирилловна|2005-02-26|2695 754781|+79684309809|petrova.e90@edu.univ.ru|2025|учится|бюджет
66|3|Степанова|Татьяна|Артёмовна|2007-11-12|5991 936827|+79243399815|stepanova.t68@edu.univ.ru|2025|учится|бюджет
67|3|Макаров|Кирилл|Андреевич|2008-07-03|6243 976680|+79682758224|makarov.k94@edu.univ.ru|2025|учится|бюджет
68|3|Смирнова|Анастасия|Артёмовна|2005-07-03|8500 241229|+79402557417|smirnova.a18@edu.univ.ru|2025|учится|бюджет
69|3|Новикова|Анна|Ильинична|2008-11-22|9108 888624|+79332153130|novikova.a68@edu.univ.ru|2025|учится|бюджет
70|3|Семёнова|Юлия|Сергеевна|2007-07-03|7599 904118|+79671335373|semenova.y99@edu.univ.ru|2025|учится|бюджет
71|3|Михайлов|Андрей|Артёмович|2008-12-04|9272 412993|+79851177408|mihaylov.a98@edu.univ.ru|2025|отчислен|бюджет
72|3|Фёдоров|Денис|Кириллович|2005-04-19|1818 877110|+79370933856|fedorov.d27@edu.univ.ru|2025|учится|бюджет
73|3|Кузнецова|Виктория|Ильинична|2006-03-07|4475 620327|+79987785982|kuznecova.v37@edu.univ.ru|2025|учится|бюджет
74|3|Семёнова|Ольга|Дмитриевна|2007-06-05|7697 437688|+79263050682|semenova.o37@edu.univ.ru|2025|учится|бюджет
75|3|Петрова|Виктория|Кирилловна|2008-03-22|1776 946415|+79667220824|petrova.v98@edu.univ.ru|2025|отчислен|бюджет
76|3|Васильев|Никита|Дмитриевич|2006-04-19|5444 869653|+79753160171|vasilev.n79@edu.univ.ru|2025|учится|бюджет
77|3|Степанов|Никита|Романович|2007-05-01|8060 789441|+79649274213|stepanov.n84@edu.univ.ru|2025|учится|контракт
78|3|Лебедева|Виктория|Кирилловна|2007-09-23|5275 439996|+79570777016|lebedeva.v25@edu.univ.ru|2025|академ|бюджет
79|3|Новикова|Елизавета|Александровна|2008-04-16|8877 930657|+79719953533|novikova.e77@edu.univ.ru|2025|учится|контракт
80|3|Фёдоров|Александр|Дмитриевич|2008-02-27|8131 710817|+79061908746|fedorov.a53@edu.univ.ru|2025|учится|бюджет
81|3|Павлова|Мария|Максимовна|2008-03-09|6816 833496|+79729075541|pavlova.m27@edu.univ.ru|2025|учится|бюджет
82|3|Новикова|Екатерина|Александровна|2008-01-24|2915 898367|+79410315752|novikova.e58@edu.univ.ru|2025|учится|контракт
83|3|Егорова|Татьяна|Дмитриевна|2008-07-21|6009 717007|+79742462942|egorova.t36@edu.univ.ru|2025|учится|бюджет
84|3|Васильев|Иван|Андреевич|2008-10-02|1029 124548|+79726489019|vasilev.i17@edu.univ.ru|2025|учится|бюджет
85|3|Никитина|Татьяна|Романовна|2005-02-14|4447 111298|+79859002106|nikitina.t11@edu.univ.ru|2025|учится|бюджет
86|3|Иванова|Алиса|Андреевна|2008-08-03|5146 822086|+79280141843|ivanova.a51@edu.univ.ru|2025|учится|контракт
87|3|Петрова|Наталья|Михайловна|2005-01-01|1553 195721|+79504572807|petrova.n91@edu.univ.ru|2025|учится|бюджет
88|3|Иванова|София|Ивановна|2007-07-11|6172 443341|+79430486120|ivanova.s65@edu.univ.ru|2025|учится|контракт
89|3|Павлов|Андрей|Артёмович|2007-01-05|6708 208556|+79047489500|pavlov.a39@edu.univ.ru|2025|учится|бюджет
90|3|Никитин|Арсений|Артёмович|2006-09-17|4526 253362|+79948005176|nikitin.a69@edu.univ.ru|2025|учится|бюджет
91|3|Андреев|Егор|Александрович|2006-01-27|8837 971777|+79768896816|andreev.e50@edu.univ.ru|2025|учится|контракт
92|3|Егорова|Полина|Андреевна|2008-01-17|1249 575724|+79505868771|egorova.p41@edu.univ.ru|2025|учится|бюджет
93|3|Петрова|Мария|Алексеевна|2005-09-25|9654 885993|+79516560935|petrova.m32@edu.univ.ru|2025|учится|контракт
94|3|Алексеев|Илья|Михайлович|2007-04-28|2173 592256|+79123514894|alekseev.i23@edu.univ.ru|2025|учится|бюджет
95|4|Козлова|Елизавета|Ивановна|2007-05-28|6464 479747|+79799267919|kozlova.e45@edu.univ.ru|2025|учится|бюджет
96|4|Никитина|София|Сергеевна|2008-07-01|6246 437375|+79051595597|nikitina.s36@edu.univ.ru|2025|учится|бюджет
97|4|Макаров|Максим|Ильич|2005-08-23|7235 917333|+79608769778|makarov.m70@edu.univ.ru|2025|выпущен|бюджет
98|4|Смирнова|Ксения|Алексеевна|2008-12-28|5514 724693|+79762727370|smirnova.k15@edu.univ.ru|2025|отчислен|бюджет
99|4|Васильев|Егор|Романович|2007-10-01|2448 400319|+79356417286|vasilev.e51@edu.univ.ru|2025|учится|бюджет
100|4|Козлова|Анастасия|Кирилловна|2006-06-25|7150 166857|+79838615916|kozlova.a19@edu.univ.ru|2025|академ|контракт
101|4|Кузнецова|Марина|Андреевна|2005-10-04|4928 892028|+79678855346|kuznecova.m69@edu.univ.ru|2025|учится|контракт
102|4|Степанова|Татьяна|Михайловна|2008-04-20|5177 364712|+79286589617|stepanova.t41@edu.univ.ru|2025|учится|бюджет
103|4|Волкова|Татьяна|Александровна|2007-12-10|7248 735789|+79350691211|volkova.t79@edu.univ.ru|2025|учится|контракт
104|4|Павлова|Юлия|Дмитриевна|2005-10-28|4246 638533|+79995735021|pavlova.y19@edu.univ.ru|2025|учится|бюджет
105|4|Михайлова|Алиса|Алексеевна|2005-12-14|5190 411087|+79889136553|mihaylova.a77@edu.univ.ru|2025|учится|контракт
106|4|Степанов|Никита|Артёмович|2007-04-15|9842 301449|+79169146602|stepanov.n93@edu.univ.ru|2025|учится|контракт
107|4|Егорова|Елизавета|Алексеевна|2006-08-07|2809 686587|+79361151718|egorova.e33@edu.univ.ru|2025|учится|контракт
108|4|Орлов|Артём|Михайлович|2007-05-27|6817 485325|+79241616294|orlov.a45@edu.univ.ru|2025|учится|бюджет
109|4|Макарова|Виктория|Ивановна|2005-02-08|5313 826002|+79261359393|makarova.v77@edu.univ.ru|2025|академ|бюджет
110|4|Никитина|Полина|Дмитриевна|2006-05-28|4226 791872|+79714953473|nikitina.p53@edu.univ.ru|2025|учится|контракт
111|4|Егорова|Ксения|Алексеевна|2006-11-09|4882 319806|+79242026157|egorova.k35@edu.univ.ru|2025|учится|контракт
112|4|Попова|Мария|Сергеевна|2007-04-02|9966 306278|+79472229199|popova.m51@edu.univ.ru|2025|учится|бюджет
113|4|Никитина|Марина|Александровна|2008-07-25|6334 640505|+79878352928|nikitina.m53@edu.univ.ru|2025|учится|бюджет
114|4|Кузнецова|Анна|Дмитриевна|2008-03-28|5108 264564|+79261598214|kuznecova.a50@edu.univ.ru|2025|учится|контракт
115|4|Орлов|Роман|Алексеевич|2006-05-20|1869 850531|+79349166192|orlov.r24@edu.univ.ru|2025|учится|бюджет
116|4|Орлова|Виктория|Ильинична|2007-02-03|6980 502244|+79490502266|orlova.v97@edu.univ.ru|2025|учится|контракт
117|4|Соколов|Никита|Алексеевич|2007-10-17|8514 179912|+79584104258|sokolov.n60@edu.univ.ru|2025|учится|бюджет
118|4|Новикова|Ольга|Андреевна|2006-04-14|4504 953057|+79607588268|novikova.o44@edu.univ.ru|2025|учится|бюджет
119|4|Егоров|Артём|Михайлович|2005-07-03|6663 696607|+79523272102|egorov.a71@edu.univ.ru|2025|учится|контракт
120|4|Иванов|Александр|Сергеевич|2007-05-07|4459 783060|+79940952892|ivanov.a36@edu.univ.ru|2025|учится|бюджет
121|4|Попова|Виктория|Кирилловна|2008-09-14|3408 652740|+79973681755|popova.v57@edu.univ.ru|2025|отчислен|контракт
122|4|Фёдоров|Егор|Максимович|2006-05-20|3213 938928|+79711739451|fedorov.e30@edu.univ.ru|2025|учится|бюджет
123|4|Козлова|Виктория|Ивановна|2007-08-17|6734 938183|+79018919681|kozlova.v34@edu.univ.ru|2025|учится|бюджет
124|4|Егоров|Матвей|Алексеевич|2006-08-16|9869 139651|+79119724843|egorov.m33@edu.univ.ru|2025|учится|бюджет
125|4|Андреев|Матвей|Иванович|2006-01-21|5067 191504|+79437298299|andreev.m71@edu.univ.ru|2025|учится|бюджет
126|4|Иванов|Артём|Сергеевич|2006-01-01|3394 640980|+79262201349|ivanov.a94@edu.univ.ru|2025|учится|контракт
127|4|Фёдорова|Юлия|Ивановна|2007-01-27|9954 893303|+79811984341|fedorova.y72@edu.univ.ru|2025|учится|бюджет
128|4|Фёдоров|Дмитрий|Иванович|2008-04-16|7577 674458|+79209427720|fedorov.d46@edu.univ.ru|2025|учится|контракт
129|4|Волкова|Мария|Андреевна|2008-05-22|9775 858771|+79712678470|volkova.m44@edu.univ.ru|2025|академ|контракт
130|4|Орлова|Ольга|Александровна|2007-12-01|2542 807906|+79231586898|orlova.o54@edu.univ.ru|2025|учится|бюджет
131|4|Алексеева|София|Александровна|2007-05-15|4176 856737|+79373436249|alekseeva.s41@edu.univ.ru|2025|учится|бюджет
132|4|Михайлова|Татьяна|Ивановна|2007-02-09|7858 394169|+79269602737|mihaylova.t25@edu.univ.ru|2025|учится|бюджет
133|5|Орлов|Александр|Иванович|2005-02-05|1060 821988|+79061327713|orlov.a91@edu.univ.ru|2024|отчислен|бюджет
134|5|Павлова|Марина|Романовна|2004-06-19|2428 930129|+79100951579|pavlova.m70@edu.univ.ru|2024|учится|бюджет
135|5|Никитин|Кирилл|Михайлович|2005-05-12|3049 425549|+79193957167|nikitin.k32@edu.univ.ru|2024|учится|контракт
136|5|Смирнова|Полина|Алексеевна|2006-01-07|3611 943353|+79076844440|smirnova.p65@edu.univ.ru|2024|учится|контракт
137|5|Волков|Егор|Кириллович|2006-01-05|8943 715895|+79583467229|volkov.e73@edu.univ.ru|2024|отчислен|контракт
138|5|Семёнов|Роман|Андреевич|2007-05-01|1245 852050|+79421102651|semenov.r35@edu.univ.ru|2024|учится|бюджет
139|5|Михайлов|Михаил|Сергеевич|2004-02-15|5630 302604|+79456196686|mihaylov.m22@edu.univ.ru|2024|учится|бюджет
140|5|Смирнова|Алиса|Ивановна|2007-09-22|1908 120521|+79259480757|smirnova.a57@edu.univ.ru|2024|академ|контракт
141|5|Макаров|Сергей|Андреевич|2004-01-08|7131 855557|+79509286750|makarov.s34@edu.univ.ru|2024|учится|бюджет
142|5|Попов|Роман|Романович|2005-01-08|4894 275690|+79396932720|popov.r89@edu.univ.ru|2024|отчислен|бюджет
143|5|Никитина|Мария|Михайловна|2006-10-13|9175 626449|+79094405625|nikitina.m31@edu.univ.ru|2024|отчислен|контракт
144|5|Павлова|Ольга|Михайловна|2004-12-14|4254 574679|+79832372128|pavlova.o98@edu.univ.ru|2024|учится|бюджет
145|5|Павлова|Анастасия|Дмитриевна|2007-07-06|9313 346644|+79613392203|pavlova.a85@edu.univ.ru|2024|учится|контракт
146|5|Лебедева|Наталья|Алексеевна|2004-04-01|7023 174144|+79924145917|lebedeva.n82@edu.univ.ru|2024|учится|бюджет
147|5|Фёдорова|Татьяна|Алексеевна|2006-03-26|3745 627603|+79515889218|fedorova.t47@edu.univ.ru|2024|учится|контракт
148|5|Никитина|Виктория|Андреевна|2005-06-21|9803 428139|+79144560655|nikitina.v72@edu.univ.ru|2024|отчислен|бюджет
149|5|Лебедев|Егор|Михайлович|2006-03-02|9108 807231|+79407722415|lebedev.e52@edu.univ.ru|2024|учится|бюджет
150|5|Алексеева|Екатерина|Михайловна|2006-11-24|9640 718079|+79152971187|alekseeva.e91@edu.univ.ru|2024|учится|бюджет
151|5|Петров|Никита|Дмитриевич|2005-09-06|3658 711685|+79852489018|petrov.n21@edu.univ.ru|2024|учится|бюджет
152|5|Николаев|Никита|Александрович|2006-10-23|2776 851052|+79831132449|nikolaev.n63@edu.univ.ru|2024|учится|контракт
153|5|Егорова|Анастасия|Александровна|2004-12-17|1062 258552|+79293536439|egorova.a98@edu.univ.ru|2024|учится|контракт
154|5|Фёдорова|Юлия|Ивановна|2005-09-01|8353 253176|+79256628480|fedorova.y71@edu.univ.ru|2024|отчислен|бюджет
155|5|Егорова|Екатерина|Ильинична|2004-06-17|4422 426165|+79203511321|egorova.e88@edu.univ.ru|2024|учится|контракт
156|5|Алексеев|Роман|Александрович|2006-08-03|4808 772771|+79266913296|alekseev.r21@edu.univ.ru|2024|учится|контракт
157|5|Макарова|Татьяна|Романовна|2007-12-08|4464 842111|+79135710292|makarova.t30@edu.univ.ru|2024|выпущен|бюджет
158|5|Алексеев|Александр|Артёмович|2007-05-25|6043 723562|+79423619295|alekseev.a37@edu.univ.ru|2024|отчислен|бюджет
159|5|Николаева|Елизавета|Максимовна|2004-02-05|2380 424694|+79578876091|nikolaeva.e39@edu.univ.ru|2024|выпущен|бюджет
160|5|Петров|Иван|Романович|2004-02-15|7246 491525|+79445061620|petrov.i20@edu.univ.ru|2024|учится|контракт
161|5|Андреев|Илья|Сергеевич|2006-05-28|3770 478922|+79031081069|andreev.i89@edu.univ.ru|2024|учится|контракт
162|5|Степанова|Екатерина|Кирилловна|2007-09-20|6207 484366|+79386245986|stepanova.e27@edu.univ.ru|2024|учится|контракт
163|5|Егоров|Артём|Александрович|2004-01-02|9181 405033|+79750594550|egorov.a45@edu.univ.ru|2024|отчислен|бюджет
164|5|Кузнецова|Алиса|Максимовна|2004-03-08|4642 325080|+79977265880|kuznecova.a92@edu.univ.ru|2024|учится|бюджет
165|5|Макарова|Елизавета|Александровна|2006-08-05|6973 710650|+79320097847|makarova.e89@edu.univ.ru|2024|учится|бюджет
166|6|Иванов|Никита|Дмитриевич|2007-11-27|8408 869430|+79477524560|ivanov.n13@edu.univ.ru|2024|учится|контракт
167|6|Волков|Михаил|Максимович|2007-01-25|4181 724062|+79405489866|volkov.m94@edu.univ.ru|2024|отчислен|контракт
168|6|Волкова|Ольга|Алексеевна|2006-11-03|9385 345793|+79749441241|volkova.o36@edu.univ.ru|2024|учится|контракт
169|6|Кузнецова|Мария|Александровна|2006-10-02|7171 323209|+79547890019|kuznecova.m95@edu.univ.ru|2024|учится|бюджет
170|6|Макарова|Виктория|Романовна|2007-12-15|5506 857730|+79878208921|makarova.v28@edu.univ.ru|2024|учится|контракт
171|6|Волкова|Ольга|Ильинична|2004-01-06|3013 610914|+79867155163|volkova.o15@edu.univ.ru|2024|учится|контракт
172|6|Степанова|Марина|Кирилловна|2005-01-07|7314 397632|+79336544725|stepanova.m67@edu.univ.ru|2024|учится|бюджет
173|6|Павлова|Анастасия|Ильинична|2006-02-25|7700 529106|+79026694531|pavlova.a33@edu.univ.ru|2024|учится|бюджет
174|6|Андреев|Алексей|Дмитриевич|2005-06-20|3694 305995|+79861762724|andreev.a25@edu.univ.ru|2024|учится|контракт
175|6|Козлов|Илья|Артёмович|2006-10-11|9804 987443|+79756537040|kozlov.i66@edu.univ.ru|2024|учится|бюджет
176|6|Попова|Юлия|Артёмовна|2005-08-24|6858 508939|+79547940574|popova.y58@edu.univ.ru|2024|учится|контракт
177|6|Козлова|Ксения|Максимовна|2006-01-19|5021 316500|+79683675867|kozlova.k25@edu.univ.ru|2024|учится|контракт
178|6|Лебедева|Алиса|Максимовна|2004-01-01|9810 700948|+79302275043|lebedeva.a92@edu.univ.ru|2024|отчислен|контракт
179|6|Алексеев|Арсений|Романович|2005-04-24|9888 665710|+79164482800|alekseev.a49@edu.univ.ru|2024|учится|бюджет
180|6|Макарова|Наталья|Андреевна|2006-07-23|4789 317661|+79658843638|makarova.n51@edu.univ.ru|2024|учится|контракт
181|6|Морозов|Максим|Иванович|2004-01-07|7123 309437|+79792245123|morozov.m46@edu.univ.ru|2024|учится|бюджет
182|6|Новиков|Илья|Дмитриевич|2007-11-16|3987 376495|+79467449683|novikov.i28@edu.univ.ru|2024|учится|бюджет
183|6|Михайлов|Алексей|Артёмович|2005-02-17|9520 640595|+79852018078|mihaylov.a37@edu.univ.ru|2024|учится|бюджет
184|6|Андреев|Кирилл|Кириллович|2005-02-27|6209 885695|+79043726264|andreev.k21@edu.univ.ru|2024|учится|бюджет
185|6|Иванов|Арсений|Максимович|2004-01-26|2438 577821|+79245130652|ivanov.a63@edu.univ.ru|2024|учится|бюджет
186|6|Орлов|Сергей|Сергеевич|2006-09-20|5860 646052|+79372018496|orlov.s35@edu.univ.ru|2024|выпущен|контракт
187|6|Петрова|Анастасия|Ильинична|2005-07-09|6477 241019|+79166991523|petrova.a17@edu.univ.ru|2024|учится|бюджет
188|6|Семёнов|Роман|Ильич|2007-04-23|6990 289813|+79694502822|semenov.r15@edu.univ.ru|2024|учится|бюджет
189|6|Лебедева|Екатерина|Александровна|2005-02-24|8103 743766|+79392278116|lebedeva.e38@edu.univ.ru|2024|учится|бюджет
190|6|Николаева|София|Артёмовна|2007-03-10|8968 574539|+79557680791|nikolaeva.s36@edu.univ.ru|2024|учится|бюджет
191|6|Соколова|Елизавета|Ивановна|2006-01-03|1613 364259|+79852242620|sokolova.e82@edu.univ.ru|2024|учится|бюджет
192|6|Петрова|Татьяна|Ильинична|2006-12-14|1074 290077|+79046322284|petrova.t24@edu.univ.ru|2024|учится|контракт
193|6|Кузнецов|Сергей|Дмитриевич|2004-07-28|2294 594311|+79874383186|kuznecov.s90@edu.univ.ru|2024|учится|контракт
194|6|Никитин|Сергей|Иванович|2004-12-14|2742 177290|+79865218767|nikitin.s40@edu.univ.ru|2024|учится|контракт
195|6|Макарова|Мария|Алексеевна|2006-06-12|1038 533127|+79257462551|makarova.m16@edu.univ.ru|2024|учится|контракт
196|6|Егоров|Денис|Александрович|2004-12-10|6670 185401|+79047927357|egorov.d60@edu.univ.ru|2024|учится|бюджет
197|6|Макаров|Александр|Кириллович|2006-02-26|3464 128644|+79057518557|makarov.a12@edu.univ.ru|2024|учится|бюджет
198|6|Васильев|Дмитрий|Артёмович|2007-11-05|8365 753694|+79313190083|vasilev.d41@edu.univ.ru|2024|учится|бюджет
199|6|Васильев|Алексей|Артёмович|2007-06-13|4857 765621|+79274386502|vasilev.a24@edu.univ.ru|2024|учится|бюджет
200|6|Макаров|Роман|Сергеевич|2004-07-04|7105 208593|+79785178092|makarov.r54@edu.univ.ru|2024|учится|бюджет
201|6|Козлов|Кирилл|Михайлович|2005-03-16|1350 774814|+79227736384|kozlov.k26@edu.univ.ru|2024|учится|бюджет
202|7|Петрова|Алиса|Артёмовна|2006-08-15|3360 199942|+79318769251|petrova.a65@edu.univ.ru|2024|учится|бюджет
203|7|Макарова|Екатерина|Андреевна|2006-01-15|8735 703611|+79071911792|makarova.e97@edu.univ.ru|2024|академ|контракт
204|7|Степанова|Елизавета|Михайловна|2006-02-20|6112 483306|+79665531273|stepanova.e14@edu.univ.ru|2024|учится|бюджет
205|7|Андреева|Мария|Дмитриевна|2004-01-03|4562 546268|+79210331309|andreeva.m40@edu.univ.ru|2024|учится|бюджет
206|7|Морозова|Ольга|Алексеевна|2005-03-15|3781 874145|+79062326449|morozova.o82@edu.univ.ru|2024|академ|бюджет
207|7|Фёдорова|Екатерина|Алексеевна|2005-08-27|2869 542435|+79453898842|fedorova.e17@edu.univ.ru|2024|учится|бюджет
208|7|Кузнецова|Полина|Сергеевна|2006-03-12|9199 841331|+79070159142|kuznecova.p32@edu.univ.ru|2024|учится|бюджет
209|7|Никитина|София|Дмитриевна|2004-05-12|8270 754354|+79351095133|nikitina.s46@edu.univ.ru|2024|выпущен|бюджет
210|7|Орлова|Татьяна|Артёмовна|2006-02-17|6657 903052|+79045980121|orlova.t99@edu.univ.ru|2024|учится|контракт
211|7|Никитина|Наталья|Андреевна|2006-07-11|4945 618438|+79708863014|nikitina.n55@edu.univ.ru|2024|академ|контракт
212|7|Михайлов|Алексей|Дмитриевич|2005-09-21|1274 974832|+79883125323|mihaylov.a72@edu.univ.ru|2024|учится|контракт
213|7|Попова|Ксения|Дмитриевна|2004-02-12|8068 968140|+79231083742|popova.k38@edu.univ.ru|2024|учится|бюджет
214|7|Петров|Кирилл|Кириллович|2005-01-20|7338 284264|+79337309812|petrov.k53@edu.univ.ru|2024|учится|контракт
215|7|Орлова|Юлия|Сергеевна|2005-07-05|5605 167223|+79236238943|orlova.y35@edu.univ.ru|2024|учится|контракт
216|7|Кузнецов|Александр|Александрович|2004-02-19|4788 791547|+79860771092|kuznecov.a94@edu.univ.ru|2024|учится|контракт
217|7|Новикова|София|Ильинична|2006-04-09|9156 569906|+79058945359|novikova.s55@edu.univ.ru|2024|учится|бюджет
218|7|Иванов|Алексей|Ильич|2005-06-21|6624 696320|+79848148272|ivanov.a77@edu.univ.ru|2024|учится|контракт
219|7|Михайлова|Дарья|Александровна|2006-02-19|3184 783456|+79374158287|mihaylova.d91@edu.univ.ru|2024|учится|бюджет
220|7|Орлов|Алексей|Ильич|2007-03-10|3079 959454|+79091888913|orlov.a97@edu.univ.ru|2024|учится|бюджет
221|7|Петрова|София|Ильинична|2006-01-23|9478 509682|+79490258060|petrova.s56@edu.univ.ru|2024|учится|контракт
222|7|Козлов|Роман|Алексеевич|2004-11-17|9885 327126|+79443822811|kozlov.r18@edu.univ.ru|2024|отчислен|бюджет
223|7|Морозов|Михаил|Михайлович|2004-11-26|6063 229936|+79778907185|morozov.m11@edu.univ.ru|2024|выпущен|контракт
224|7|Соколова|Анастасия|Андреевна|2005-07-04|8634 306303|+79099843836|sokolova.a78@edu.univ.ru|2024|академ|контракт
225|7|Смирнов|Дмитрий|Алексеевич|2005-03-03|7251 810795|+79052905245|smirnov.d27@edu.univ.ru|2024|учится|контракт
226|7|Орлова|Наталья|Андреевна|2006-11-04|4190 971306|+79480624126|orlova.n12@edu.univ.ru|2024|учится|контракт
227|7|Соколова|Полина|Андреевна|2005-11-16|4944 717648|+79966384088|sokolova.p91@edu.univ.ru|2024|учится|бюджет
228|7|Орлова|Алиса|Александровна|2004-02-19|3430 782244|+79147026145|orlova.a29@edu.univ.ru|2024|учится|бюджет
229|7|Васильева|Мария|Ильинична|2006-12-19|8534 345583|+79820265331|vasileva.m86@edu.univ.ru|2024|отчислен|контракт
230|7|Морозова|Елизавета|Кирилловна|2005-09-13|2620 258502|+79895615033|morozova.e41@edu.univ.ru|2024|учится|бюджет
231|7|Волков|Егор|Кириллович|2006-12-09|1040 270911|+79133815354|volkov.e91@edu.univ.ru|2024|учится|бюджет
232|7|Никитина|Елизавета|Ивановна|2004-08-22|3461 887897|+79560895429|nikitina.e95@edu.univ.ru|2024|учится|бюджет
233|7|Смирнова|Ксения|Максимовна|2004-05-19|4089 901963|+79167694807|smirnova.k96@edu.univ.ru|2024|учится|контракт
234|8|Смирнов|Артём|Иванович|2005-04-15|4722 152841|+79555416469|smirnov.a36@edu.univ.ru|2024|учится|бюджет
235|8|Орлова|Анастасия|Сергеевна|2007-04-11|7226 801751|+79450065406|orlova.a32@edu.univ.ru|2024|учится|бюджет
236|8|Семёнов|Никита|Максимович|2007-09-09|2877 198563|+79311226093|semenov.n11@edu.univ.ru|2024|учится|контракт
237|8|Алексеева|София|Артёмовна|2005-08-21|7612 535227|+79847382124|alekseeva.s68@edu.univ.ru|2024|учится|бюджет
238|8|Фёдоров|Михаил|Михайлович|2007-06-10|6211 165313|+79997370544|fedorov.m49@edu.univ.ru|2024|отчислен|бюджет
239|8|Фёдорова|Юлия|Алексеевна|2006-12-21|8276 932141|+79688023785|fedorova.y88@edu.univ.ru|2024|учится|контракт
240|8|Козлов|Михаил|Ильич|2005-04-27|4793 739332|+79431035285|kozlov.m41@edu.univ.ru|2024|учится|контракт
241|8|Николаева|Наталья|Сергеевна|2006-01-20|5280 653910|+79798663181|nikolaeva.n59@edu.univ.ru|2024|учится|бюджет
242|8|Лебедев|Арсений|Ильич|2007-01-08|6185 785705|+79283826855|lebedev.a40@edu.univ.ru|2024|учится|контракт
243|8|Макаров|Максим|Артёмович|2007-04-11|7768 238238|+79133808093|makarov.m47@edu.univ.ru|2024|учится|бюджет
244|8|Волков|Матвей|Михайлович|2005-02-19|1547 966158|+79940311594|volkov.m75@edu.univ.ru|2024|отчислен|контракт
245|8|Волкова|Анастасия|Александровна|2006-03-25|4529 337609|+79053709135|volkova.a30@edu.univ.ru|2024|учится|бюджет
246|8|Козлова|Полина|Андреевна|2004-11-11|4139 325605|+79869474271|kozlova.p83@edu.univ.ru|2024|выпущен|контракт
247|8|Попов|Илья|Иванович|2006-09-08|3014 760804|+79547051839|popov.i28@edu.univ.ru|2024|учится|контракт
248|8|Иванова|Марина|Романовна|2004-09-05|9017 537912|+79929036582|ivanova.m68@edu.univ.ru|2024|учится|бюджет
249|8|Алексеева|Анастасия|Ильинична|2007-04-19|7925 841811|+79957651365|alekseeva.a69@edu.univ.ru|2024|учится|бюджет
250|8|Иванов|Егор|Максимович|2005-10-15|7339 998066|+79191426732|ivanov.e23@edu.univ.ru|2024|учится|бюджет
251|8|Петров|Никита|Романович|2007-11-12|9179 297128|+79857965501|petrov.n76@edu.univ.ru|2024|учится|бюджет
252|8|Попов|Александр|Кириллович|2005-01-15|3055 534102|+79728557505|popov.a78@edu.univ.ru|2024|учится|бюджет
253|8|Павлов|Денис|Иванович|2004-05-22|1776 102883|+79873345565|pavlov.d30@edu.univ.ru|2024|учится|контракт
254|8|Петрова|София|Романовна|2006-12-20|9149 342612|+79734974485|petrova.s28@edu.univ.ru|2024|отчислен|контракт
255|8|Морозов|Михаил|Андреевич|2006-06-01|5659 479780|+79725076384|morozov.m37@edu.univ.ru|2024|учится|контракт
256|8|Павлова|Марина|Максимовна|2004-06-17|6909 661516|+79349711863|pavlova.m78@edu.univ.ru|2024|академ|бюджет
257|8|Попова|Алиса|Ивановна|2007-08-26|2808 178525|+79811675313|popova.a91@edu.univ.ru|2024|учится|бюджет
258|8|Волков|Егор|Романович|2004-04-19|7717 983374|+79022372325|volkov.e83@edu.univ.ru|2024|учится|контракт
259|8|Козлов|Кирилл|Ильич|2007-04-04|3022 207915|+79874890769|kozlov.k86@edu.univ.ru|2024|отчислен|контракт
260|8|Новиков|Максим|Максимович|2007-10-09|8508 697058|+79215263906|novikov.m15@edu.univ.ru|2024|учится|контракт
261|8|Морозов|Арсений|Алексеевич|2004-09-06|5697 107216|+79240577793|morozov.a17@edu.univ.ru|2024|учится|бюджет
262|8|Волков|Егор|Ильич|2005-08-03|9000 965357|+79789944501|volkov.e69@edu.univ.ru|2024|учится|контракт
263|8|Иванов|Александр|Михайлович|2006-09-22|9730 397176|+79570463629|ivanov.a44@edu.univ.ru|2024|учится|бюджет
264|9|Егоров|Сергей|Дмитриевич|2004-02-16|8026 613489|+79864931966|egorov.s44@edu.univ.ru|2023|учится|бюджет
265|9|Кузнецов|Дмитрий|Александрович|2006-05-26|6438 170104|+79316961175|kuznecov.d18@edu.univ.ru|2023|учится|бюджет
266|9|Попов|Михаил|Александрович|2004-12-28|6906 690156|+79327960001|popov.m77@edu.univ.ru|2023|учится|бюджет
267|9|Кузнецов|Илья|Алексеевич|2003-11-01|3985 127884|+79647249343|kuznecov.i20@edu.univ.ru|2023|учится|бюджет
268|9|Смирнова|Ольга|Дмитриевна|2006-08-07|2928 490703|+79497805638|smirnova.o44@edu.univ.ru|2023|учится|контракт
269|9|Козлова|Марина|Романовна|2003-07-01|1644 159783|+79598732683|kozlova.m51@edu.univ.ru|2023|учится|бюджет
270|9|Попова|Екатерина|Сергеевна|2004-07-12|8666 539334|+79854088136|popova.e26@edu.univ.ru|2023|учится|бюджет
271|9|Лебедева|Полина|Максимовна|2004-08-17|7970 141526|+79192560269|lebedeva.p19@edu.univ.ru|2023|учится|бюджет
272|9|Алексеев|Дмитрий|Романович|2004-06-07|3351 804514|+79639577082|alekseev.d57@edu.univ.ru|2023|учится|контракт
273|9|Кузнецов|Александр|Дмитриевич|2005-10-25|3744 594617|+79616431115|kuznecov.a41@edu.univ.ru|2023|учится|бюджет
274|9|Лебедева|Юлия|Романовна|2003-09-13|5472 894571|+79692441563|lebedeva.y61@edu.univ.ru|2023|учится|бюджет
275|9|Семёнова|Елизавета|Артёмовна|2003-08-01|1255 609011|+79280589778|semenova.e40@edu.univ.ru|2023|учится|контракт
276|9|Семёнова|Елизавета|Романовна|2003-08-06|6294 869387|+79048599135|semenova.e78@edu.univ.ru|2023|учится|бюджет
277|9|Николаева|Ольга|Максимовна|2004-06-12|8986 386643|+79248855808|nikolaeva.o71@edu.univ.ru|2023|учится|контракт
278|9|Фёдорова|Юлия|Дмитриевна|2003-07-16|1120 882535|+79681705393|fedorova.y55@edu.univ.ru|2023|учится|бюджет
279|9|Смирнова|Марина|Кирилловна|2006-06-21|9764 635997|+79504451492|smirnova.m24@edu.univ.ru|2023|отчислен|контракт
280|9|Фёдоров|Дмитрий|Максимович|2004-12-09|4439 338492|+79531529398|fedorov.d65@edu.univ.ru|2023|академ|бюджет
281|9|Алексеева|Анна|Кирилловна|2003-11-07|6037 738453|+79608929782|alekseeva.a47@edu.univ.ru|2023|учится|контракт
282|9|Николаев|Денис|Андреевич|2003-03-12|7788 179346|+79554505480|nikolaev.d56@edu.univ.ru|2023|учится|бюджет
283|9|Андреева|Татьяна|Сергеевна|2005-12-11|8906 930367|+79240680160|andreeva.t25@edu.univ.ru|2023|учится|контракт
284|9|Лебедев|Роман|Дмитриевич|2005-03-06|2457 876606|+79222191875|lebedev.r45@edu.univ.ru|2023|учится|бюджет
285|9|Никитина|Виктория|Кирилловна|2004-11-26|4009 172264|+79103980612|nikitina.v16@edu.univ.ru|2023|выпущен|бюджет
286|9|Павлова|Мария|Михайловна|2004-07-17|2378 235942|+79847499184|pavlova.m47@edu.univ.ru|2023|учится|контракт
287|9|Попов|Матвей|Ильич|2006-03-11|9819 164046|+79816218280|popov.m24@edu.univ.ru|2023|учится|бюджет
288|9|Волков|Сергей|Александрович|2004-10-04|8681 231546|+79542967748|volkov.s16@edu.univ.ru|2023|отчислен|контракт
289|9|Васильев|Иван|Максимович|2006-02-15|4213 264453|+79239626493|vasilev.i65@edu.univ.ru|2023|учится|бюджет
290|9|Степанов|Денис|Александрович|2004-02-26|8052 908745|+79752635185|stepanov.d40@edu.univ.ru|2023|учится|контракт
291|9|Волкова|Екатерина|Романовна|2006-06-28|3741 896590|+79051753282|volkova.e42@edu.univ.ru|2023|выпущен|контракт
292|9|Иванов|Никита|Алексеевич|2005-01-13|9745 574988|+79087373180|ivanov.n91@edu.univ.ru|2023|учится|бюджет
293|9|Васильев|Дмитрий|Максимович|2006-11-14|8790 817183|+79158748156|vasilev.d50@edu.univ.ru|2023|учится|бюджет
294|9|Смирнова|Алиса|Дмитриевна|2005-11-27|4666 278606|+79083466006|smirnova.a50@edu.univ.ru|2023|учится|бюджет
295|9|Петров|Арсений|Иванович|2004-02-18|2727 314463|+79118934093|petrov.a55@edu.univ.ru|2023|учится|бюджет
296|9|Макарова|Ольга|Алексеевна|2004-08-23|2220 528383|+79351387835|makarova.o58@edu.univ.ru|2023|учится|бюджет
297|9|Макаров|Егор|Андреевич|2003-10-27|7398 277760|+79418924659|makarov.e94@edu.univ.ru|2023|учится|контракт
298|9|Иванова|Елизавета|Михайловна|2005-04-28|4432 945254|+79938037424|ivanova.e60@edu.univ.ru|2023|учится|бюджет
299|9|Андреев|Сергей|Максимович|2003-06-10|4796 818774|+79947087915|andreev.s59@edu.univ.ru|2023|учится|бюджет
300|9|Кузнецова|Елизавета|Михайловна|2005-07-21|3186 433305|+79218923239|kuznecova.e60@edu.univ.ru|2023|учится|бюджет
301|9|Соколова|София|Михайловна|2005-01-10|2292 796103|+79135993280|sokolova.s13@edu.univ.ru|2023|учится|контракт
302|9|Андреев|Михаил|Александрович|2004-11-12|8495 825118|+79255822572|andreev.m90@edu.univ.ru|2023|учится|бюджет
303|9|Егоров|Арсений|Иванович|2006-08-07|1748 746887|+79616642044|egorov.a96@edu.univ.ru|2023|учится|контракт
304|9|Макаров|Михаил|Иванович|2003-07-02|2656 275471|+79121978583|makarov.m68@edu.univ.ru|2023|учится|бюджет
305|10|Козлов|Александр|Ильич|2006-10-19|5765 529821|+79326687548|kozlov.a92@edu.univ.ru|2023|академ|бюджет
306|10|Михайлова|София|Михайловна|2005-04-23|2184 215758|+79189356247|mihaylova.s78@edu.univ.ru|2023|учится|бюджет
307|10|Петрова|Полина|Александровна|2003-08-01|1474 463540|+79716102067|petrova.p95@edu.univ.ru|2023|учится|контракт
308|10|Попова|Татьяна|Ивановна|2004-06-27|9275 462267|+79494884617|popova.t92@edu.univ.ru|2023|учится|контракт
309|10|Фёдорова|Анна|Михайловна|2005-11-16|9465 505024|+79560490559|fedorova.a86@edu.univ.ru|2023|учится|бюджет
310|10|Козлова|Юлия|Романовна|2005-06-24|3922 183673|+79196849487|kozlova.y84@edu.univ.ru|2023|учится|бюджет
311|10|Кузнецова|Наталья|Дмитриевна|2004-02-07|1536 941201|+79580775688|kuznecova.n82@edu.univ.ru|2023|учится|бюджет
312|10|Фёдорова|Наталья|Михайловна|2006-12-25|7695 765347|+79561215789|fedorova.n45@edu.univ.ru|2023|учится|контракт
313|10|Никитин|Артём|Андреевич|2006-09-24|7157 930589|+79374888592|nikitin.a46@edu.univ.ru|2023|учится|контракт
314|10|Андреев|Сергей|Максимович|2003-11-23|4158 256730|+79770815513|andreev.s84@edu.univ.ru|2023|учится|бюджет
315|10|Смирнов|Артём|Кириллович|2006-10-01|4284 370391|+79127131667|smirnov.a70@edu.univ.ru|2023|учится|бюджет
316|10|Михайлова|Ольга|Михайловна|2005-10-11|5247 616845|+79985276348|mihaylova.o67@edu.univ.ru|2023|академ|контракт
317|10|Петрова|Дарья|Александровна|2004-09-01|7078 989379|+79185625225|petrova.d41@edu.univ.ru|2023|учится|бюджет
318|10|Новикова|Елизавета|Кирилловна|2003-07-07|5747 387227|+79716427615|novikova.e29@edu.univ.ru|2023|учится|бюджет
319|10|Алексеева|Анна|Ильинична|2006-02-08|9113 541462|+79896805868|alekseeva.a17@edu.univ.ru|2023|отчислен|бюджет
320|10|Новикова|Марина|Ильинична|2003-03-03|9409 314472|+79769430281|novikova.m11@edu.univ.ru|2023|учится|бюджет
321|10|Михайлова|Анастасия|Андреевна|2003-07-20|3818 173254|+79750003135|mihaylova.a45@edu.univ.ru|2023|учится|бюджет
322|10|Иванов|Александр|Александрович|2006-03-26|2236 824327|+79049408884|ivanov.a32@edu.univ.ru|2023|учится|бюджет
323|10|Лебедева|София|Михайловна|2005-05-21|3697 890478|+79810192224|lebedeva.s23@edu.univ.ru|2023|учится|бюджет
324|10|Козлова|Наталья|Михайловна|2003-07-07|5544 895818|+79217768038|kozlova.n19@edu.univ.ru|2023|учится|бюджет
325|10|Новиков|Дмитрий|Александрович|2005-09-24|2995 872345|+79024658944|novikov.d89@edu.univ.ru|2023|учится|бюджет
326|10|Лебедева|Полина|Сергеевна|2006-04-04|8601 519935|+79975770764|lebedeva.p73@edu.univ.ru|2023|учится|контракт
327|10|Васильев|Егор|Михайлович|2006-05-26|5006 742564|+79984106086|vasilev.e15@edu.univ.ru|2023|учится|бюджет
328|10|Алексеева|Наталья|Кирилловна|2003-07-21|1241 746951|+79827509180|alekseeva.n96@edu.univ.ru|2023|отчислен|контракт
329|10|Фёдорова|Ксения|Романовна|2006-03-02|9601 125611|+79717113543|fedorova.k41@edu.univ.ru|2023|учится|контракт
330|10|Семёнов|Илья|Романович|2005-09-06|3058 579547|+79308045593|semenov.i14@edu.univ.ru|2023|отчислен|контракт
331|10|Васильева|Ольга|Кирилловна|2004-06-22|2426 522156|+79123013425|vasileva.o15@edu.univ.ru|2023|учится|бюджет
332|10|Новикова|Ксения|Александровна|2003-01-01|5612 655954|+79018036446|novikova.k16@edu.univ.ru|2023|отчислен|бюджет
333|10|Фёдоров|Максим|Максимович|2003-08-26|9922 502725|+79081111820|fedorov.m31@edu.univ.ru|2023|учится|контракт
334|10|Лебедева|Дарья|Романовна|2003-02-03|5506 966137|+79306477157|lebedeva.d19@edu.univ.ru|2023|отчислен|бюджет
335|10|Соколова|Алиса|Максимовна|2003-11-17|9336 408238|+79029599897|sokolova.a73@edu.univ.ru|2023|учится|бюджет
336|10|Новиков|Дмитрий|Михайлович|2003-03-24|3109 570459|+79026442148|novikov.d92@edu.univ.ru|2023|учится|бюджет
337|10|Смирнова|Анна|Михайловна|2005-06-20|5366 485435|+79464821056|smirnova.a28@edu.univ.ru|2023|учится|контракт
338|10|Алексеева|Марина|Сергеевна|2004-09-24|2915 794387|+79917552476|alekseeva.m79@edu.univ.ru|2023|учится|контракт
339|10|Макаров|Роман|Дмитриевич|2006-09-01|1304 874559|+79971559399|makarov.r35@edu.univ.ru|2023|учится|контракт
340|10|Алексеев|Никита|Дмитриевич|2003-12-08|8958 434551|+79512946271|alekseev.n21@edu.univ.ru|2023|учится|контракт
341|10|Иванова|Анна|Артёмовна|2004-07-26|5894 339844|+79861376287|ivanova.a60@edu.univ.ru|2023|учится|контракт
342|10|Иванов|Андрей|Романович|2004-07-23|7784 169740|+79896367499|ivanov.a70@edu.univ.ru|2023|отчислен|бюджет
343|11|Макарова|Наталья|Михайловна|2003-03-23|5794 101917|+79320216391|makarova.n97@edu.univ.ru|2023|учится|бюджет
344|11|Петров|Никита|Иванович|2006-01-07|2578 106330|+79550523284|petrov.n10@edu.univ.ru|2023|учится|бюджет
345|11|Попов|Александр|Кириллович|2005-05-18|9909 506871|+79595293432|popov.a63@edu.univ.ru|2023|учится|бюджет
346|11|Иванова|Екатерина|Александровна|2005-12-26|3090 870522|+79001097315|ivanova.e43@edu.univ.ru|2023|учится|контракт
347|11|Орлова|Наталья|Алексеевна|2004-12-27|3116 308589|+79225309521|orlova.n68@edu.univ.ru|2023|учится|бюджет
348|11|Петров|Матвей|Дмитриевич|2003-02-24|2288 143893|+79284438377|petrov.m61@edu.univ.ru|2023|учится|контракт
349|11|Орлова|Ксения|Кирилловна|2005-02-27|7393 284861|+79393577275|orlova.k62@edu.univ.ru|2023|учится|контракт
350|11|Волков|Денис|Кириллович|2003-07-11|9533 787949|+79926706537|volkov.d48@edu.univ.ru|2023|учится|бюджет
351|11|Семёнов|Кирилл|Кириллович|2005-02-01|5632 584687|+79405060051|semenov.k78@edu.univ.ru|2023|учится|бюджет
352|11|Смирнов|Артём|Артёмович|2004-06-04|4436 669691|+79683728918|smirnov.a22@edu.univ.ru|2023|учится|контракт
353|11|Фёдорова|Татьяна|Ивановна|2004-06-21|4596 872876|+79434853966|fedorova.t42@edu.univ.ru|2023|учится|контракт
354|11|Соколов|Матвей|Михайлович|2003-08-17|2495 422071|+79712080646|sokolov.m77@edu.univ.ru|2023|учится|контракт
355|11|Козлова|Дарья|Романовна|2006-09-12|9237 896871|+79470765619|kozlova.d82@edu.univ.ru|2023|учится|бюджет
356|11|Андреева|Виктория|Кирилловна|2004-10-26|9588 826865|+79811921190|andreeva.v59@edu.univ.ru|2023|учится|бюджет
357|11|Павлова|Мария|Кирилловна|2005-05-04|6736 172033|+79747782161|pavlova.m24@edu.univ.ru|2023|учится|бюджет
358|11|Макарова|Полина|Александровна|2004-05-23|1954 444731|+79634300078|makarova.p32@edu.univ.ru|2023|учится|контракт
359|11|Семёнова|Дарья|Алексеевна|2006-08-01|1810 665987|+79869099326|semenova.d26@edu.univ.ru|2023|учится|бюджет
360|11|Васильев|Денис|Александрович|2004-09-20|5499 949692|+79404800056|vasilev.d30@edu.univ.ru|2023|учится|бюджет
361|11|Андреева|София|Ильинична|2003-05-20|5270 792582|+79973350641|andreeva.s73@edu.univ.ru|2023|учится|контракт
362|11|Морозов|Александр|Максимович|2005-09-07|1867 557998|+79076574815|morozov.a85@edu.univ.ru|2023|учится|контракт
363|11|Степанов|Иван|Андреевич|2003-02-26|9898 110965|+79378472045|stepanov.i11@edu.univ.ru|2023|учится|бюджет
364|11|Фёдоров|Дмитрий|Романович|2004-06-05|2488 982952|+79204027488|fedorov.d36@edu.univ.ru|2023|академ|контракт
365|11|Смирнова|Виктория|Артёмовна|2004-11-17|9486 803596|+79045938317|smirnova.v53@edu.univ.ru|2023|учится|контракт
366|11|Смирнов|Иван|Артёмович|2006-09-27|1259 304274|+79378272798|smirnov.i24@edu.univ.ru|2023|учится|бюджет
367|11|Волков|Илья|Александрович|2003-04-08|3414 543458|+79389052371|volkov.i80@edu.univ.ru|2023|учится|бюджет
368|11|Макарова|Татьяна|Александровна|2003-05-03|2045 559622|+79666834503|makarova.t48@edu.univ.ru|2023|учится|контракт
369|11|Алексеева|Полина|Романовна|2005-12-16|1135 565965|+79025053762|alekseeva.p38@edu.univ.ru|2023|учится|бюджет
370|11|Соколов|Алексей|Александрович|2003-01-20|3511 708365|+79062068327|sokolov.a38@edu.univ.ru|2023|учится|контракт
371|11|Попов|Матвей|Михайлович|2004-06-03|3264 576547|+79450699059|popov.m86@edu.univ.ru|2023|учится|бюджет
372|11|Михайлов|Артём|Иванович|2005-07-03|1870 737410|+79617520758|mihaylov.a43@edu.univ.ru|2023|учится|контракт
373|11|Иванов|Арсений|Алексеевич|2004-03-03|8799 502726|+79541871229|ivanov.a17@edu.univ.ru|2023|учится|контракт
374|11|Козлов|Иван|Михайлович|2004-09-06|1279 973112|+79216364568|kozlov.i74@edu.univ.ru|2023|учится|бюджет
375|11|Степанова|Екатерина|Андреевна|2004-01-23|2831 719681|+79444049921|stepanova.e91@edu.univ.ru|2023|учится|бюджет
376|12|Степанов|Матвей|Дмитриевич|2003-11-10|7744 951554|+79501039426|stepanov.m39@edu.univ.ru|2023|учится|бюджет
377|12|Смирнова|Анна|Максимовна|2006-10-16|7947 837710|+79201705118|smirnova.a17@edu.univ.ru|2023|учится|бюджет
378|12|Кузнецова|Анастасия|Дмитриевна|2006-02-18|4920 709969|+79974476797|kuznecova.a44@edu.univ.ru|2023|учится|бюджет
379|12|Лебедев|Никита|Александрович|2005-02-10|9688 164287|+79296112572|lebedev.n78@edu.univ.ru|2023|учится|контракт
380|12|Фёдоров|Алексей|Михайлович|2006-05-12|6448 240839|+79837378915|fedorov.a76@edu.univ.ru|2023|учится|контракт
381|12|Никитина|Дарья|Александровна|2006-01-15|8882 800108|+79145324947|nikitina.d36@edu.univ.ru|2023|учится|контракт
382|12|Алексеева|Ксения|Андреевна|2005-10-10|2553 164621|+79066479809|alekseeva.k27@edu.univ.ru|2023|учится|бюджет
383|12|Орлов|Артём|Дмитриевич|2004-06-14|3554 384080|+79673173942|orlov.a72@edu.univ.ru|2023|учится|контракт
384|12|Смирнова|Ксения|Кирилловна|2006-05-22|2664 336265|+79400128239|smirnova.k35@edu.univ.ru|2023|академ|бюджет
385|12|Павлов|Алексей|Алексеевич|2004-09-04|9011 614294|+79063830458|pavlov.a24@edu.univ.ru|2023|учится|контракт
386|12|Новикова|Анастасия|Романовна|2005-06-02|9884 965165|+79071971933|novikova.a61@edu.univ.ru|2023|учится|бюджет
387|12|Егорова|Елизавета|Дмитриевна|2005-10-07|3107 139518|+79724108746|egorova.e24@edu.univ.ru|2023|учится|бюджет
388|12|Алексеева|Мария|Андреевна|2006-02-19|1816 780350|+79912944824|alekseeva.m54@edu.univ.ru|2023|учится|контракт
389|12|Степанова|Анна|Ивановна|2006-09-12|8802 513334|+79092230771|stepanova.a43@edu.univ.ru|2023|учится|контракт
390|12|Васильев|Илья|Артёмович|2005-06-02|1603 150754|+79333104269|vasilev.i27@edu.univ.ru|2023|выпущен|бюджет
391|12|Михайлова|Екатерина|Максимовна|2004-10-15|9078 139423|+79305643903|mihaylova.e25@edu.univ.ru|2023|учится|контракт
392|12|Никитин|Егор|Сергеевич|2005-03-23|5684 635124|+79591573038|nikitin.e78@edu.univ.ru|2023|учится|контракт
393|12|Николаев|Илья|Александрович|2006-11-24|8537 842080|+79372444945|nikolaev.i83@edu.univ.ru|2023|отчислен|контракт
394|12|Егоров|Иван|Романович|2004-04-03|2353 200988|+79783868629|egorov.i76@edu.univ.ru|2023|учится|бюджет
395|12|Никитин|Матвей|Дмитриевич|2003-10-06|8454 744219|+79661241400|nikitin.m12@edu.univ.ru|2023|учится|контракт
396|12|Новикова|Алиса|Сергеевна|2006-07-05|6028 405652|+79692578331|novikova.a11@edu.univ.ru|2023|учится|контракт
397|12|Морозов|Андрей|Алексеевич|2003-07-10|3561 124383|+79786192961|morozov.a40@edu.univ.ru|2023|учится|контракт
398|12|Семёнов|Кирилл|Иванович|2004-01-01|6247 225718|+79804851740|semenov.k10@edu.univ.ru|2023|учится|контракт
399|12|Павлова|Марина|Сергеевна|2005-06-28|9090 493170|+79110647465|pavlova.m72@edu.univ.ru|2023|выпущен|бюджет
400|12|Новикова|Анастасия|Михайловна|2005-01-26|9036 623348|+79529018285|novikova.a69@edu.univ.ru|2023|учится|бюджет
401|12|Фёдоров|Михаил|Дмитриевич|2003-04-27|1886 980058|+79472411244|fedorov.m84@edu.univ.ru|2023|академ|контракт
402|12|Новиков|Денис|Максимович|2004-08-27|9016 530073|+79940113135|novikov.d44@edu.univ.ru|2023|учится|контракт
403|12|Васильева|Мария|Ивановна|2006-10-14|9920 947961|+79065139144|vasileva.m51@edu.univ.ru|2023|учится|контракт
404|12|Смирнов|Иван|Артёмович|2004-02-22|3036 127365|+79957787289|smirnov.i37@edu.univ.ru|2023|учится|бюджет
405|12|Николаева|Ксения|Дмитриевна|2004-04-28|2544 854682|+79759391481|nikolaeva.k10@edu.univ.ru|2023|учится|контракт
406|12|Новикова|Юлия|Кирилловна|2003-09-02|6209 682046|+79733383354|novikova.y88@edu.univ.ru|2023|учится|бюджет
407|12|Козлова|Татьяна|Артёмовна|2004-01-10|7410 458433|+79454466967|kozlova.t49@edu.univ.ru|2023|учится|контракт
408|12|Козлов|Иван|Артёмович|2006-01-26|7456 192891|+79641214972|kozlov.i95@edu.univ.ru|2023|учится|контракт
409|12|Соколов|Никита|Максимович|2004-03-23|7574 837601|+79309066856|sokolov.n11@edu.univ.ru|2023|учится|бюджет
410|12|Егорова|Ольга|Михайловна|2006-07-20|7699 766923|+79720550252|egorova.o93@edu.univ.ru|2023|учится|контракт
411|12|Лебедева|Виктория|Романовна|2006-05-21|9795 568232|+79794813386|lebedeva.v77@edu.univ.ru|2023|учится|бюджет
412|12|Макарова|Полина|Дмитриевна|2005-11-27|6738 175002|+79479420233|makarova.p87@edu.univ.ru|2023|учится|контракт
413|12|Никитин|Иван|Александрович|2006-08-20|3848 382501|+79887935322|nikitin.i19@edu.univ.ru|2023|учится|контракт
414|12|Васильева|Екатерина|Кирилловна|2003-10-11|5599 744884|+79508600963|vasileva.e71@edu.univ.ru|2023|учится|бюджет
415|13|Семёнова|Татьяна|Алексеевна|2004-09-02|1470 500906|+79223005042|semenova.t64@edu.univ.ru|2023|учится|бюджет
416|13|Попова|Ксения|Дмитриевна|2006-12-07|8263 743106|+79605452417|popova.k83@edu.univ.ru|2023|учится|бюджет
417|13|Иванова|Ксения|Ильинична|2004-12-08|1954 837105|+79686789378|ivanova.k75@edu.univ.ru|2023|учится|контракт
418|13|Макарова|Юлия|Ильинична|2003-05-15|9009 196104|+79802014539|makarova.y58@edu.univ.ru|2023|учится|контракт
419|13|Морозов|Арсений|Ильич|2005-01-22|3567 998345|+79406829327|morozov.a68@edu.univ.ru|2023|учится|контракт
420|13|Степанова|Марина|Кирилловна|2006-11-14|2407 689812|+79983259970|stepanova.m47@edu.univ.ru|2023|учится|бюджет
421|13|Попова|Екатерина|Максимовна|2005-08-21|7987 113134|+79786568497|popova.e32@edu.univ.ru|2023|учится|бюджет
422|13|Михайлова|Татьяна|Максимовна|2004-07-26|8799 331038|+79371459610|mihaylova.t26@edu.univ.ru|2023|учится|бюджет
423|13|Алексеев|Егор|Иванович|2003-09-06|5016 607196|+79669938328|alekseev.e67@edu.univ.ru|2023|учится|контракт
424|13|Соколова|Екатерина|Дмитриевна|2006-04-17|9369 813947|+79934142236|sokolova.e81@edu.univ.ru|2023|учится|бюджет
425|13|Петров|Арсений|Михайлович|2004-10-09|6755 159895|+79271648207|petrov.a21@edu.univ.ru|2023|учится|контракт
426|13|Попова|Юлия|Максимовна|2005-07-18|3494 822555|+79121935802|popova.y41@edu.univ.ru|2023|учится|контракт
427|13|Морозова|Юлия|Александровна|2003-02-12|2960 274383|+79637691611|morozova.y45@edu.univ.ru|2023|академ|бюджет
428|13|Кузнецов|Александр|Андреевич|2005-07-21|9550 956857|+79912030184|kuznecov.a52@edu.univ.ru|2023|учится|бюджет
429|13|Новикова|Ольга|Артёмовна|2006-06-10|3995 344643|+79958869633|novikova.o16@edu.univ.ru|2023|учится|бюджет
430|13|Макарова|Алиса|Андреевна|2003-01-05|7278 797373|+79063349955|makarova.a25@edu.univ.ru|2023|академ|бюджет
431|13|Смирнова|София|Романовна|2003-12-01|8961 601344|+79831943994|smirnova.s32@edu.univ.ru|2023|учится|бюджет
432|13|Лебедев|Сергей|Андреевич|2004-11-08|7398 457407|+79942144338|lebedev.s60@edu.univ.ru|2023|учится|бюджет
433|13|Степанов|Александр|Кириллович|2006-02-02|3608 540992|+79225774574|stepanov.a86@edu.univ.ru|2023|отчислен|бюджет
434|13|Фёдорова|Виктория|Дмитриевна|2003-08-10|7946 494854|+79914442211|fedorova.v34@edu.univ.ru|2023|учится|бюджет
435|13|Николаев|Артём|Александрович|2003-08-02|2050 889683|+79339149915|nikolaev.a59@edu.univ.ru|2023|учится|контракт
436|13|Волков|Александр|Кириллович|2003-10-19|1105 836956|+79674179708|volkov.a79@edu.univ.ru|2023|академ|контракт
437|13|Павлова|Ольга|Андреевна|2006-12-16|2963 923556|+79716819172|pavlova.o83@edu.univ.ru|2023|учится|контракт
438|13|Степанов|Михаил|Ильич|2006-09-25|1756 558459|+79810780286|stepanov.m20@edu.univ.ru|2023|учится|контракт
439|13|Петров|Арсений|Иванович|2004-01-21|2868 789351|+79798627217|petrov.a35@edu.univ.ru|2023|учится|контракт
440|13|Петров|Артём|Артёмович|2005-10-11|8508 218663|+79349477106|petrov.a36@edu.univ.ru|2023|учится|бюджет
441|13|Васильева|Полина|Максимовна|2003-10-27|6075 218555|+79769282723|vasileva.p70@edu.univ.ru|2023|учится|бюджет
442|13|Кузнецов|Иван|Иванович|2004-09-21|9996 331723|+79305286862|kuznecov.i94@edu.univ.ru|2023|учится|бюджет
443|13|Кузнецов|Артём|Дмитриевич|2005-12-03|5732 720256|+79286173467|kuznecov.a79@edu.univ.ru|2023|учится|бюджет
444|13|Алексеева|Мария|Ильинична|2004-11-06|2218 741312|+79988031823|alekseeva.m47@edu.univ.ru|2023|учится|бюджет
445|13|Алексеева|Алиса|Ивановна|2005-09-10|1262 513732|+79673866502|alekseeva.a59@edu.univ.ru|2023|учится|контракт
446|13|Морозова|Екатерина|Романовна|2005-12-13|4688 900098|+79746399008|morozova.e74@edu.univ.ru|2023|учится|контракт
447|13|Лебедева|Елизавета|Александровна|2006-03-01|4273 451275|+79553306337|lebedeva.e12@edu.univ.ru|2023|академ|бюджет
448|13|Морозова|Виктория|Дмитриевна|2003-04-18|3304 473826|+79566533902|morozova.v15@edu.univ.ru|2023|учится|контракт
449|13|Егоров|Алексей|Кириллович|2003-05-19|9864 989501|+79792262738|egorov.a63@edu.univ.ru|2023|учится|бюджет
450|13|Новиков|Артём|Дмитриевич|2005-12-07|8944 810646|+79865570125|novikov.a79@edu.univ.ru|2023|учится|бюджет
451|14|Павлова|Юлия|Александровна|2003-12-23|8740 390576|+79875807510|pavlova.y53@edu.univ.ru|2023|учится|контракт
452|14|Соколова|Елизавета|Максимовна|2005-10-09|1242 563555|+79664108442|sokolova.e97@edu.univ.ru|2023|учится|бюджет
453|14|Петров|Артём|Романович|2003-03-17|3740 672872|+79647464814|petrov.a84@edu.univ.ru|2023|учится|бюджет
454|14|Попова|Алиса|Романовна|2004-06-18|9170 185342|+79352608266|popova.a85@edu.univ.ru|2023|учится|бюджет
455|14|Иванова|Екатерина|Артёмовна|2003-12-24|7113 746396|+79918401950|ivanova.e12@edu.univ.ru|2023|учится|бюджет
456|14|Егорова|Полина|Дмитриевна|2005-12-09|6252 334823|+79501004240|egorova.p68@edu.univ.ru|2023|учится|контракт
457|14|Макаров|Андрей|Ильич|2005-03-10|8700 241838|+79118667522|makarov.a35@edu.univ.ru|2023|учится|бюджет
458|14|Козлова|Полина|Михайловна|2006-04-21|2110 588671|+79107750018|kozlova.p27@edu.univ.ru|2023|отчислен|бюджет
459|14|Никитина|Ксения|Ивановна|2006-08-02|8445 333971|+79839067100|nikitina.k91@edu.univ.ru|2023|учится|контракт
460|14|Павлова|Виктория|Сергеевна|2006-01-11|4565 844670|+79777030886|pavlova.v19@edu.univ.ru|2023|учится|бюджет
461|14|Семёнова|Елизавета|Максимовна|2004-01-11|2284 425858|+79789716553|semenova.e43@edu.univ.ru|2023|отчислен|контракт
462|14|Фёдорова|Марина|Дмитриевна|2005-12-26|4227 873333|+79709864719|fedorova.m18@edu.univ.ru|2023|академ|бюджет
463|14|Андреев|Сергей|Максимович|2004-02-18|6302 597841|+79711561244|andreev.s25@edu.univ.ru|2023|учится|бюджет
464|14|Фёдорова|Алиса|Александровна|2004-12-03|7949 703608|+79996277528|fedorova.a42@edu.univ.ru|2023|учится|бюджет
465|14|Новиков|Илья|Максимович|2004-06-27|2523 360573|+79070453243|novikov.i55@edu.univ.ru|2023|учится|бюджет
466|14|Лебедев|Кирилл|Кириллович|2006-08-21|2791 730951|+79713840197|lebedev.k84@edu.univ.ru|2023|учится|бюджет
467|14|Орлова|Мария|Алексеевна|2006-05-11|2470 906927|+79013802113|orlova.m60@edu.univ.ru|2023|учится|бюджет
468|14|Степанов|Артём|Алексеевич|2004-07-19|6196 610135|+79914328539|stepanov.a44@edu.univ.ru|2023|учится|контракт
469|14|Фёдоров|Арсений|Иванович|2004-09-17|5765 706310|+79392480615|fedorov.a42@edu.univ.ru|2023|учится|бюджет
470|14|Николаев|Никита|Сергеевич|2003-07-23|3455 693037|+79178122332|nikolaev.n29@edu.univ.ru|2023|учится|контракт
471|14|Новиков|Алексей|Дмитриевич|2004-03-11|2278 776218|+79230382698|novikov.a94@edu.univ.ru|2023|учится|контракт
472|14|Лебедева|Ксения|Алексеевна|2006-05-21|1820 935635|+79369242537|lebedeva.k63@edu.univ.ru|2023|учится|бюджет
473|14|Васильев|Роман|Александрович|2003-10-09|8186 405410|+79608716815|vasilev.r43@edu.univ.ru|2023|учится|бюджет
474|14|Козлов|Иван|Иванович|2005-12-03|4512 330100|+79581551818|kozlov.i85@edu.univ.ru|2023|учится|бюджет
475|14|Михайлов|Арсений|Александрович|2006-08-26|5537 312164|+79674564233|mihaylov.a75@edu.univ.ru|2023|учится|бюджет
476|14|Павлов|Никита|Максимович|2004-09-05|3944 242550|+79331052475|pavlov.n70@edu.univ.ru|2023|учится|бюджет
477|14|Волков|Арсений|Сергеевич|2006-08-24|2148 186716|+79768386469|volkov.a17@edu.univ.ru|2023|учится|бюджет
478|14|Волкова|Екатерина|Артёмовна|2004-07-06|3436 277499|+79516490603|volkova.e64@edu.univ.ru|2023|учится|бюджет
479|14|Николаева|Елизавета|Александровна|2006-07-01|1269 540986|+79425518028|nikolaeva.e36@edu.univ.ru|2023|учится|бюджет
480|14|Морозова|Анна|Алексеевна|2006-05-20|5091 410484|+79178788796|morozova.a24@edu.univ.ru|2023|академ|контракт
481|14|Никитина|Дарья|Ильинична|2003-10-15|8744 283668|+79565105466|nikitina.d87@edu.univ.ru|2023|учится|бюджет
482|14|Егорова|Анна|Андреевна|2003-04-18|4785 784131|+79703884274|egorova.a21@edu.univ.ru|2023|учится|бюджет
483|14|Волков|Илья|Романович|2005-07-20|2939 351373|+79882708368|volkov.i84@edu.univ.ru|2023|академ|контракт
484|14|Орлова|Ксения|Ильинична|2003-11-15|7522 525631|+79388566825|orlova.k99@edu.univ.ru|2023|учится|бюджет
485|14|Морозов|Александр|Александрович|2003-03-18|1416 318433|+79989472946|morozov.a80@edu.univ.ru|2023|учится|бюджет
486|14|Смирнов|Алексей|Андреевич|2004-03-28|4880 775505|+79729866424|smirnov.a85@edu.univ.ru|2023|учится|контракт
487|14|Николаева|Полина|Максимовна|2004-03-11|4061 236971|+79242825184|nikolaeva.p86@edu.univ.ru|2023|учится|бюджет
488|15|Новикова|Алиса|Александровна|2005-02-11|2131 930222|+79800517658|novikova.a47@edu.univ.ru|2022|учится|контракт
489|15|Фёдоров|Михаил|Михайлович|2002-09-16|7176 842050|+79916515584|fedorov.m16@edu.univ.ru|2022|учится|бюджет
490|15|Егорова|Виктория|Артёмовна|2005-07-22|2989 710766|+79262444297|egorova.v90@edu.univ.ru|2022|отчислен|бюджет
491|15|Попов|Дмитрий|Артёмович|2002-04-01|4112 910286|+79505216215|popov.d42@edu.univ.ru|2022|учится|бюджет
492|15|Макарова|Ксения|Артёмовна|2004-03-16|7777 723881|+79167859510|makarova.k91@edu.univ.ru|2022|учится|контракт
493|15|Васильев|Роман|Ильич|2002-12-04|4736 705804|+79148054287|vasilev.r91@edu.univ.ru|2022|учится|контракт
494|15|Николаева|Екатерина|Романовна|2003-03-19|5460 826465|+79073851307|nikolaeva.e83@edu.univ.ru|2022|учится|бюджет
495|15|Морозова|София|Дмитриевна|2005-02-05|7963 603642|+79153281348|morozova.s71@edu.univ.ru|2022|учится|бюджет
496|15|Алексеева|Виктория|Александровна|2004-01-22|4064 859532|+79770587333|alekseeva.v98@edu.univ.ru|2022|учится|бюджет
497|15|Никитин|Кирилл|Дмитриевич|2002-08-08|3121 579640|+79587080076|nikitin.k98@edu.univ.ru|2022|учится|контракт
498|15|Никитин|Матвей|Романович|2004-10-06|9222 475408|+79697303354|nikitin.m62@edu.univ.ru|2022|учится|бюджет
499|15|Морозов|Максим|Иванович|2004-05-28|6577 679115|+79702287485|morozov.m48@edu.univ.ru|2022|отчислен|бюджет
500|15|Смирнов|Арсений|Кириллович|2004-08-19|8770 386117|+79836854418|smirnov.a43@edu.univ.ru|2022|учится|бюджет
501|15|Соколова|Мария|Ивановна|2002-06-21|7896 640927|+79654975598|sokolova.m65@edu.univ.ru|2022|учится|бюджет
502|15|Лебедева|София|Александровна|2003-07-13|9959 943935|+79288541089|lebedeva.s88@edu.univ.ru|2022|учится|контракт
503|15|Павлова|Ольга|Михайловна|2004-11-28|9151 344658|+79187814657|pavlova.o22@edu.univ.ru|2022|отчислен|контракт
504|15|Степанов|Александр|Иванович|2005-09-23|5479 487481|+79518759704|stepanov.a63@edu.univ.ru|2022|учится|бюджет
505|15|Николаева|Марина|Андреевна|2003-07-01|5454 220698|+79063313363|nikolaeva.m47@edu.univ.ru|2022|учится|бюджет
506|15|Николаев|Михаил|Михайлович|2003-02-08|3476 361525|+79974084077|nikolaev.m57@edu.univ.ru|2022|академ|бюджет
507|15|Иванов|Денис|Дмитриевич|2003-06-04|9126 910051|+79665643137|ivanov.d46@edu.univ.ru|2022|учится|бюджет
508|15|Кузнецова|Екатерина|Алексеевна|2005-02-19|7638 713197|+79904085216|kuznecova.e99@edu.univ.ru|2022|учится|контракт
509|15|Соколов|Дмитрий|Кириллович|2003-09-02|2809 405070|+79736400197|sokolov.d55@edu.univ.ru|2022|учится|бюджет
510|15|Михайлова|Мария|Дмитриевна|2002-05-15|3242 654590|+79639513552|mihaylova.m50@edu.univ.ru|2022|академ|бюджет
511|15|Павлов|Дмитрий|Алексеевич|2005-06-22|3216 614919|+79923826085|pavlov.d93@edu.univ.ru|2022|учится|бюджет
512|15|Кузнецов|Денис|Сергеевич|2002-12-21|7440 442564|+79478938500|kuznecov.d64@edu.univ.ru|2022|учится|бюджет
513|15|Никитина|Елизавета|Алексеевна|2003-01-17|4839 745418|+79937254839|nikitina.e10@edu.univ.ru|2022|учится|бюджет
514|15|Никитина|Мария|Кирилловна|2003-02-04|1037 701400|+79572071657|nikitina.m16@edu.univ.ru|2022|академ|бюджет
515|15|Орлова|Мария|Александровна|2003-10-28|7745 561368|+79589341321|orlova.m72@edu.univ.ru|2022|учится|бюджет
516|15|Лебедев|Андрей|Ильич|2003-05-10|8012 656771|+79243350864|lebedev.a83@edu.univ.ru|2022|учится|бюджет
517|15|Никитин|Сергей|Кириллович|2004-12-20|6392 574059|+79232042330|nikitin.s66@edu.univ.ru|2022|учится|бюджет
518|15|Степанов|Арсений|Иванович|2004-01-03|4758 423301|+79610746197|stepanov.a87@edu.univ.ru|2022|отчислен|бюджет
519|16|Петров|Иван|Дмитриевич|2002-01-04|8849 758649|+79457409913|petrov.i12@edu.univ.ru|2022|учится|бюджет
520|16|Кузнецова|Наталья|Михайловна|2004-06-23|5038 589483|+79608529711|kuznecova.n93@edu.univ.ru|2022|учится|бюджет
521|16|Кузнецова|Екатерина|Сергеевна|2005-02-24|3434 826790|+79770253876|kuznecova.e63@edu.univ.ru|2022|учится|контракт
522|16|Смирнова|Виктория|Романовна|2002-11-20|7776 630784|+79789283838|smirnova.v62@edu.univ.ru|2022|учится|бюджет
523|16|Волков|Дмитрий|Сергеевич|2005-05-02|7755 608752|+79048006808|volkov.d45@edu.univ.ru|2022|учится|контракт
524|16|Егоров|Никита|Ильич|2004-05-19|7202 739813|+79789577141|egorov.n38@edu.univ.ru|2022|академ|бюджет
525|16|Макаров|Илья|Ильич|2004-03-16|6001 681558|+79341517600|makarov.i45@edu.univ.ru|2022|отчислен|контракт
526|16|Новиков|Егор|Михайлович|2005-04-19|1014 956340|+79488671506|novikov.e68@edu.univ.ru|2022|учится|бюджет
527|16|Николаева|Дарья|Артёмовна|2003-05-26|6456 690922|+79711189461|nikolaeva.d65@edu.univ.ru|2022|отчислен|бюджет
528|16|Фёдорова|Татьяна|Ивановна|2002-02-14|1850 647205|+79255394168|fedorova.t78@edu.univ.ru|2022|учится|контракт
529|16|Попова|Дарья|Александровна|2004-07-11|5479 224918|+79545761757|popova.d17@edu.univ.ru|2022|учится|бюджет
530|16|Алексеева|Юлия|Романовна|2005-03-19|9037 895589|+79408226210|alekseeva.y83@edu.univ.ru|2022|отчислен|контракт
531|16|Козлова|Ксения|Андреевна|2004-11-20|8437 526106|+79167647555|kozlova.k87@edu.univ.ru|2022|учится|бюджет
532|16|Волкова|Мария|Романовна|2004-04-19|4473 965239|+79948674850|volkova.m25@edu.univ.ru|2022|учится|контракт
533|16|Фёдорова|Дарья|Романовна|2002-12-09|8180 361525|+79598901798|fedorova.d13@edu.univ.ru|2022|учится|бюджет
534|16|Михайлова|Дарья|Михайловна|2003-05-17|8637 704762|+79815648466|mihaylova.d67@edu.univ.ru|2022|учится|бюджет
535|16|Кузнецов|Иван|Иванович|2003-08-09|1439 122991|+79033287842|kuznecov.i60@edu.univ.ru|2022|учится|контракт
536|16|Козлова|Алиса|Романовна|2005-05-07|7063 948580|+79359712613|kozlova.a73@edu.univ.ru|2022|учится|бюджет
537|16|Егоров|Никита|Артёмович|2005-05-15|8852 816436|+79077665832|egorov.n81@edu.univ.ru|2022|учится|контракт
538|16|Орлова|Виктория|Андреевна|2005-05-01|1070 583558|+79445309753|orlova.v48@edu.univ.ru|2022|учится|контракт
539|16|Соколова|Марина|Дмитриевна|2005-05-02|3818 108227|+79970642832|sokolova.m28@edu.univ.ru|2022|учится|контракт
540|16|Соколова|Виктория|Алексеевна|2005-06-04|8577 290782|+79419584152|sokolova.v13@edu.univ.ru|2022|учится|бюджет
541|16|Егорова|Елизавета|Ивановна|2005-07-10|8943 616655|+79900584107|egorova.e56@edu.univ.ru|2022|учится|бюджет
542|16|Соколова|Екатерина|Романовна|2004-01-04|3551 405697|+79026513723|sokolova.e69@edu.univ.ru|2022|учится|контракт
543|16|Егорова|Ольга|Кирилловна|2005-06-24|3496 208110|+79428278048|egorova.o61@edu.univ.ru|2022|учится|контракт
544|16|Степанова|София|Максимовна|2004-04-24|4235 197157|+79258344168|stepanova.s11@edu.univ.ru|2022|учится|контракт
545|16|Николаева|Екатерина|Артёмовна|2005-08-03|9599 553209|+79288874685|nikolaeva.e62@edu.univ.ru|2022|учится|контракт
546|16|Лебедев|Михаил|Артёмович|2003-11-08|5330 666696|+79705333707|lebedev.m65@edu.univ.ru|2022|учится|контракт
547|16|Лебедева|Полина|Александровна|2002-04-21|3171 969834|+79631079371|lebedeva.p73@edu.univ.ru|2022|учится|бюджет
548|16|Макарова|Татьяна|Артёмовна|2003-09-17|2577 911500|+79090913176|makarova.t86@edu.univ.ru|2022|учится|контракт
549|16|Петров|Кирилл|Максимович|2003-10-14|7721 852419|+79549365677|petrov.k42@edu.univ.ru|2022|учится|бюджет
550|16|Петрова|Анастасия|Кирилловна|2004-08-27|2670 801306|+79519632743|petrova.a54@edu.univ.ru|2022|учится|контракт
551|16|Михайлов|Андрей|Максимович|2003-09-20|5003 381108|+79701069319|mihaylov.a81@edu.univ.ru|2022|выпущен|бюджет
552|16|Никитин|Арсений|Алексеевич|2002-10-17|3765 910143|+79518183123|nikitin.a12@edu.univ.ru|2022|учится|бюджет
553|16|Степанов|Кирилл|Иванович|2004-04-04|1824 537356|+79445435564|stepanov.k33@edu.univ.ru|2022|учится|бюджет
554|16|Андреева|Елизавета|Максимовна|2005-02-09|6041 643129|+79917828188|andreeva.e89@edu.univ.ru|2022|учится|бюджет
555|16|Кузнецова|Марина|Дмитриевна|2002-07-09|2767 604781|+79554057614|kuznecova.m29@edu.univ.ru|2022|учится|бюджет
556|17|Иванова|Виктория|Ильинична|2005-10-16|4740 904481|+79442583131|ivanova.v32@edu.univ.ru|2022|академ|бюджет
557|17|Никитина|София|Ивановна|2005-06-12|9359 781316|+79527014506|nikitina.s76@edu.univ.ru|2022|учится|бюджет
558|17|Кузнецова|Наталья|Максимовна|2005-12-15|5157 712448|+79417570238|kuznecova.n55@edu.univ.ru|2022|учится|бюджет
559|17|Степанова|Елизавета|Андреевна|2005-11-21|3470 718501|+79203708152|stepanova.e80@edu.univ.ru|2022|учится|контракт
560|17|Козлова|Юлия|Сергеевна|2002-02-13|9839 513629|+79099701319|kozlova.y19@edu.univ.ru|2022|учится|бюджет
561|17|Иванова|Ксения|Дмитриевна|2004-08-23|4977 350717|+79337761215|ivanova.k29@edu.univ.ru|2022|учится|бюджет
562|17|Егоров|Кирилл|Алексеевич|2004-12-15|8509 305274|+79704647293|egorov.k37@edu.univ.ru|2022|учится|контракт
563|17|Смирнова|София|Андреевна|2003-08-20|4752 142657|+79559103296|smirnova.s62@edu.univ.ru|2022|учится|бюджет
564|17|Иванов|Артём|Ильич|2005-03-17|7129 212567|+79942259584|ivanov.a97@edu.univ.ru|2022|учится|бюджет
565|17|Кузнецова|Екатерина|Андреевна|2003-11-26|4533 597879|+79085909591|kuznecova.e66@edu.univ.ru|2022|учится|контракт
566|17|Попова|Алиса|Алексеевна|2005-08-27|1990 827098|+79217258429|popova.a41@edu.univ.ru|2022|учится|бюджет
567|17|Петров|Максим|Дмитриевич|2003-01-24|7321 101689|+79694255531|petrov.m39@edu.univ.ru|2022|отчислен|контракт
568|17|Никитина|Алиса|Кирилловна|2005-08-10|6364 192420|+79477042588|nikitina.a65@edu.univ.ru|2022|учится|бюджет
569|17|Кузнецов|Арсений|Михайлович|2005-10-24|7723 917698|+79013763948|kuznecov.a20@edu.univ.ru|2022|учится|бюджет
570|17|Иванов|Максим|Александрович|2005-06-21|9608 274940|+79926676959|ivanov.m21@edu.univ.ru|2022|учится|контракт
571|17|Макаров|Никита|Сергеевич|2004-07-25|4082 140391|+79894968206|makarov.n55@edu.univ.ru|2022|учится|контракт
572|17|Орлова|Анастасия|Максимовна|2005-05-16|5801 967663|+79132799830|orlova.a72@edu.univ.ru|2022|учится|бюджет
573|17|Иванов|Иван|Ильич|2002-07-15|5776 543603|+79291217828|ivanov.i33@edu.univ.ru|2022|учится|контракт
574|17|Андреева|Анастасия|Андреевна|2003-04-17|2576 498805|+79236258399|andreeva.a91@edu.univ.ru|2022|учится|контракт
575|17|Николаева|Марина|Александровна|2002-03-22|4528 795344|+79483750980|nikolaeva.m90@edu.univ.ru|2022|учится|бюджет
576|17|Алексеев|Максим|Александрович|2002-04-01|7544 435861|+79243982272|alekseev.m43@edu.univ.ru|2022|учится|контракт
577|17|Андреева|Полина|Сергеевна|2002-04-28|4815 717077|+79268417790|andreeva.p93@edu.univ.ru|2022|учится|контракт
578|17|Николаев|Артём|Сергеевич|2004-01-24|9712 594409|+79460088691|nikolaev.a34@edu.univ.ru|2022|учится|контракт
579|17|Николаев|Арсений|Иванович|2002-03-13|5899 115228|+79843787159|nikolaev.a65@edu.univ.ru|2022|учится|бюджет
580|17|Никитин|Арсений|Александрович|2003-12-26|8148 336002|+79572913021|nikitin.a42@edu.univ.ru|2022|учится|бюджет
581|17|Смирнова|София|Артёмовна|2003-12-14|1888 422949|+79432892391|smirnova.s12@edu.univ.ru|2022|отчислен|бюджет
582|17|Николаева|Ольга|Кирилловна|2005-01-23|6000 460771|+79522045666|nikolaeva.o91@edu.univ.ru|2022|учится|бюджет
583|17|Степанова|Полина|Романовна|2002-05-23|4408 317656|+79138172587|stepanova.p44@edu.univ.ru|2022|учится|контракт
584|17|Козлов|Кирилл|Иванович|2002-07-01|9519 343782|+79203033553|kozlov.k38@edu.univ.ru|2022|отчислен|бюджет
585|17|Морозова|Виктория|Артёмовна|2005-05-09|8406 802917|+79480232415|morozova.v11@edu.univ.ru|2022|учится|бюджет
586|17|Иванова|София|Артёмовна|2003-07-15|7640 819488|+79413903448|ivanova.s97@edu.univ.ru|2022|учится|контракт
587|17|Лебедев|Дмитрий|Дмитриевич|2005-10-10|3261 462878|+79997336624|lebedev.d45@edu.univ.ru|2022|учится|контракт
588|17|Михайлов|Артём|Романович|2003-12-24|7123 731122|+79287975931|mihaylov.a98@edu.univ.ru|2022|учится|бюджет
589|17|Петрова|Полина|Михайловна|2003-11-05|7316 622939|+79769932455|petrova.p50@edu.univ.ru|2022|учится|контракт
590|17|Козлов|Никита|Кириллович|2002-08-07|5444 245187|+79433024760|kozlov.n74@edu.univ.ru|2022|учится|бюджет
591|17|Волков|Андрей|Ильич|2002-01-03|5520 189981|+79402817424|volkov.a46@edu.univ.ru|2022|учится|бюджет
592|17|Степанова|Алиса|Романовна|2002-06-01|4455 155988|+79063074526|stepanova.a13@edu.univ.ru|2022|учится|бюджет
593|17|Иванов|Александр|Ильич|2002-05-03|3994 256535|+79781027337|ivanov.a79@edu.univ.ru|2022|учится|бюджет
594|18|Козлов|Егор|Дмитриевич|2003-04-11|8748 947017|+79035222810|kozlov.e87@edu.univ.ru|2022|отчислен|бюджет
595|18|Козлова|Наталья|Алексеевна|2005-07-20|9034 886072|+79682619629|kozlova.n61@edu.univ.ru|2022|учится|бюджет
596|18|Васильев|Артём|Алексеевич|2003-07-10|2555 101791|+79935340850|vasilev.a35@edu.univ.ru|2022|учится|бюджет
597|18|Николаева|Ксения|Романовна|2002-12-28|5642 716031|+79222742889|nikolaeva.k50@edu.univ.ru|2022|учится|бюджет
598|18|Михайлова|Дарья|Дмитриевна|2003-09-03|3221 702236|+79209016509|mihaylova.d48@edu.univ.ru|2022|учится|контракт
599|18|Иванов|Никита|Максимович|2003-03-18|2289 597769|+79859399453|ivanov.n62@edu.univ.ru|2022|учится|бюджет
600|18|Соколова|Юлия|Михайловна|2004-07-06|3405 617674|+79671047328|sokolova.y98@edu.univ.ru|2022|учится|бюджет
601|18|Волкова|Виктория|Дмитриевна|2003-01-02|2537 665633|+79339711477|volkova.v96@edu.univ.ru|2022|учится|бюджет
602|18|Алексеев|Максим|Дмитриевич|2003-12-24|7558 847334|+79092371393|alekseev.m83@edu.univ.ru|2022|учится|контракт
603|18|Степанова|София|Ивановна|2004-08-11|9708 101757|+79800757705|stepanova.s15@edu.univ.ru|2022|учится|контракт
604|18|Алексеев|Илья|Дмитриевич|2002-03-14|2074 643954|+79059734224|alekseev.i15@edu.univ.ru|2022|учится|контракт
605|18|Кузнецова|Юлия|Александровна|2002-09-28|5012 661015|+79274458955|kuznecova.y29@edu.univ.ru|2022|учится|бюджет
606|18|Попова|Мария|Романовна|2004-11-09|4672 168160|+79031536946|popova.m74@edu.univ.ru|2022|учится|контракт
607|18|Павлов|Алексей|Александрович|2002-03-08|5872 759046|+79435852213|pavlov.a47@edu.univ.ru|2022|учится|бюджет
608|18|Фёдоров|Михаил|Александрович|2005-02-14|3384 790423|+79622744817|fedorov.m74@edu.univ.ru|2022|учится|бюджет
609|18|Фёдоров|Артём|Артёмович|2003-09-21|8133 430546|+79631356965|fedorov.a31@edu.univ.ru|2022|учится|бюджет
610|18|Павлов|Кирилл|Александрович|2005-04-08|7881 308704|+79980143091|pavlov.k37@edu.univ.ru|2022|учится|контракт
611|18|Новиков|Иван|Ильич|2002-12-15|6099 721386|+79155884115|novikov.i96@edu.univ.ru|2022|учится|бюджет
612|18|Макаров|Александр|Александрович|2005-01-19|8189 391967|+79024235748|makarov.a48@edu.univ.ru|2022|учится|бюджет
613|18|Лебедев|Сергей|Романович|2003-03-02|2539 818059|+79419430764|lebedev.s57@edu.univ.ru|2022|учится|контракт
614|18|Андреев|Иван|Максимович|2005-10-09|5621 278093|+79205900155|andreev.i34@edu.univ.ru|2022|учится|бюджет
615|18|Петров|Дмитрий|Романович|2005-03-01|1947 918695|+79017134660|petrov.d86@edu.univ.ru|2022|учится|бюджет
616|18|Лебедев|Александр|Дмитриевич|2004-06-12|7011 650237|+79749630901|lebedev.a56@edu.univ.ru|2022|отчислен|бюджет
617|18|Попова|Анна|Кирилловна|2003-02-17|5298 912416|+79666529893|popova.a61@edu.univ.ru|2022|учится|бюджет
618|18|Андреева|Елизавета|Артёмовна|2002-09-11|5128 188588|+79243586652|andreeva.e35@edu.univ.ru|2022|учится|бюджет
619|18|Михайлов|Никита|Андреевич|2004-02-24|9404 688520|+79064644214|mihaylov.n22@edu.univ.ru|2022|учится|контракт
620|18|Алексеева|Марина|Кирилловна|2005-04-18|1113 511815|+79492289032|alekseeva.m24@edu.univ.ru|2022|учится|контракт
621|18|Петров|Алексей|Алексеевич|2003-01-17|2596 433295|+79838133156|petrov.a45@edu.univ.ru|2022|учится|бюджет
622|18|Егорова|Татьяна|Кирилловна|2005-07-23|9206 809743|+79196731824|egorova.t97@edu.univ.ru|2022|учится|бюджет
623|18|Никитин|Андрей|Андреевич|2003-09-12|7921 339944|+79834687833|nikitin.a66@edu.univ.ru|2022|учится|бюджет
624|18|Никитин|Дмитрий|Дмитриевич|2004-07-23|9438 772053|+79343141698|nikitin.d56@edu.univ.ru|2022|учится|бюджет
625|18|Соколов|Максим|Романович|2002-04-09|9656 514062|+79936877761|sokolov.m13@edu.univ.ru|2022|учится|контракт
626|18|Козлова|Мария|Артёмовна|2004-07-10|6437 874936|+79550443289|kozlova.m47@edu.univ.ru|2022|учится|контракт
627|18|Николаева|Полина|Алексеевна|2005-04-11|3993 302938|+79513703485|nikolaeva.p88@edu.univ.ru|2022|учится|бюджет
628|18|Николаева|Ольга|Кирилловна|2004-12-15|1200 565596|+79647374336|nikolaeva.o42@edu.univ.ru|2022|учится|бюджет
629|18|Кузнецов|Кирилл|Алексеевич|2003-06-11|6165 473524|+79664632480|kuznecov.k29@edu.univ.ru|2022|учится|контракт
630|18|Лебедев|Роман|Сергеевич|2004-10-06|3242 749993|+79743944737|lebedev.r60@edu.univ.ru|2022|учится|контракт
631|27|Иванов|Алексей|Александрович|2004-04-27|5204 700442|+79112065057|ivanov.a96@edu.univ.ru|2024|учится|контракт
632|27|Иванов|Алексей|Максимович|2007-08-11|4230 837259|+79903057814|ivanov.a30@edu.univ.ru|2024|академ|бюджет
633|27|Иванова|Мария|Александровна|2006-05-05|2253 346869|+79830574516|ivanova.m22@edu.univ.ru|2024|учится|контракт
634|27|Козлов|Роман|Александрович|2005-11-26|5818 948481|+79078213781|kozlov.r67@edu.univ.ru|2024|учится|бюджет
635|27|Васильева|Марина|Кирилловна|2005-01-27|9486 589303|+79026637342|vasileva.m23@edu.univ.ru|2024|учится|бюджет
636|27|Андреев|Денис|Сергеевич|2005-09-24|8823 317193|+79834617766|andreev.d86@edu.univ.ru|2024|учится|контракт
637|27|Павлова|Наталья|Кирилловна|2006-06-16|2250 790709|+79077046638|pavlova.n20@edu.univ.ru|2024|учится|бюджет
638|27|Никитин|Дмитрий|Александрович|2007-09-05|5695 134626|+79304562943|nikitin.d68@edu.univ.ru|2024|учится|бюджет
639|27|Попова|Дарья|Ильинична|2007-07-27|5006 753921|+79523833933|popova.d74@edu.univ.ru|2024|учится|контракт
640|27|Петрова|Юлия|Романовна|2005-01-10|5233 519595|+79388664125|petrova.y55@edu.univ.ru|2024|учится|бюджет
641|27|Смирнов|Михаил|Ильич|2004-02-12|5453 122791|+79036869563|smirnov.m50@edu.univ.ru|2024|отчислен|бюджет
642|27|Козлов|Матвей|Максимович|2005-05-14|9162 268636|+79558464602|kozlov.m26@edu.univ.ru|2024|учится|бюджет
643|27|Степанов|Егор|Кириллович|2007-07-14|3134 937224|+79003477254|stepanov.e13@edu.univ.ru|2024|учится|бюджет
644|27|Фёдорова|Татьяна|Алексеевна|2007-10-12|4028 235997|+79005355998|fedorova.t99@edu.univ.ru|2024|учится|контракт
645|27|Смирнов|Иван|Александрович|2005-08-04|2558 571861|+79842322279|smirnov.i77@edu.univ.ru|2024|учится|бюджет
646|27|Никитина|Екатерина|Артёмовна|2007-09-03|6403 968741|+79670772530|nikitina.e16@edu.univ.ru|2024|учится|бюджет
647|27|Николаев|Иван|Дмитриевич|2004-05-01|2914 407269|+79537453499|nikolaev.i95@edu.univ.ru|2024|учится|бюджет
648|27|Кузнецов|Никита|Андреевич|2005-01-10|8479 889850|+79153436931|kuznecov.n11@edu.univ.ru|2024|учится|контракт
649|27|Михайлов|Алексей|Кириллович|2004-06-03|7031 599317|+79930145291|mihaylov.a26@edu.univ.ru|2024|учится|бюджет
650|27|Соколов|Кирилл|Михайлович|2004-06-06|1648 366108|+79693167898|sokolov.k86@edu.univ.ru|2024|учится|бюджет
651|27|Михайлов|Артём|Кириллович|2005-12-02|3192 583099|+79438301289|mihaylov.a41@edu.univ.ru|2024|учится|бюджет
652|27|Кузнецов|Александр|Сергеевич|2005-01-22|9965 832969|+79753908943|kuznecov.a73@edu.univ.ru|2024|учится|бюджет
653|27|Николаев|Алексей|Иванович|2004-04-11|8380 242103|+79737234969|nikolaev.a89@edu.univ.ru|2024|учится|бюджет
654|27|Николаев|Максим|Андреевич|2006-10-08|3241 352525|+79403086447|nikolaev.m95@edu.univ.ru|2024|учится|бюджет
655|27|Павлова|Дарья|Ильинична|2005-10-22|5469 120197|+79479084237|pavlova.d45@edu.univ.ru|2024|учится|бюджет
656|27|Волков|Сергей|Максимович|2006-01-19|7434 633948|+79546039115|volkov.s70@edu.univ.ru|2024|учится|бюджет
657|27|Фёдоров|Иван|Алексеевич|2006-03-20|4172 270240|+79205206637|fedorov.i88@edu.univ.ru|2024|учится|контракт
658|27|Никитин|Артём|Алексеевич|2006-03-04|5459 628735|+79535841223|nikitin.a38@edu.univ.ru|2024|учится|бюджет
659|27|Петров|Матвей|Максимович|2005-01-28|5195 331007|+79942412011|petrov.m40@edu.univ.ru|2024|учится|бюджет
660|27|Козлов|Никита|Андреевич|2006-04-15|7056 481314|+79872859192|kozlov.n64@edu.univ.ru|2024|учится|контракт
661|27|Алексеев|Алексей|Иванович|2005-12-14|2625 785786|+79943046318|alekseev.a24@edu.univ.ru|2024|учится|бюджет
662|27|Новикова|Анна|Алексеевна|2004-02-12|8381 995400|+79695524846|novikova.a20@edu.univ.ru|2024|учится|бюджет
663|27|Орлова|Алиса|Артёмовна|2004-03-14|7169 264129|+79864201454|orlova.a96@edu.univ.ru|2024|учится|бюджет
664|27|Андреева|Ксения|Дмитриевна|2007-02-26|5393 137303|+79421285593|andreeva.k99@edu.univ.ru|2024|учится|контракт
665|27|Михайлов|Артём|Романович|2004-07-03|9390 567572|+79325977216|mihaylov.a11@edu.univ.ru|2024|учится|контракт
666|27|Новикова|Екатерина|Михайловна|2004-12-19|6273 614679|+79196560535|novikova.e22@edu.univ.ru|2024|учится|контракт
667|27|Кузнецова|Татьяна|Дмитриевна|2007-03-17|5307 254530|+79526557825|kuznecova.t70@edu.univ.ru|2024|учится|контракт
668|27|Новикова|София|Сергеевна|2007-04-05|2965 250937|+79528538683|novikova.s71@edu.univ.ru|2024|учится|бюджет
669|27|Иванов|Роман|Иванович|2004-11-07|9416 192188|+79247765352|ivanov.r57@edu.univ.ru|2024|учится|бюджет
670|27|Петрова|Татьяна|Сергеевна|2004-01-15|3149 894504|+79943453346|petrova.t51@edu.univ.ru|2024|отчислен|контракт
671|37|Попов|Андрей|Дмитриевич|2005-05-17|8823 700492|+79455309601|popov.a27@edu.univ.ru|2025|учится|контракт
672|37|Макарова|Татьяна|Артёмовна|2007-07-12|2229 496707|+79489955449|makarova.t70@edu.univ.ru|2025|учится|бюджет
673|37|Смирнов|Кирилл|Максимович|2006-10-11|8737 472538|+79482740616|smirnov.k49@edu.univ.ru|2025|отчислен|бюджет
674|37|Волков|Кирилл|Артёмович|2006-11-27|5063 534037|+79597471114|volkov.k36@edu.univ.ru|2025|учится|бюджет
675|37|Степанов|Алексей|Ильич|2008-03-19|5527 945184|+79169080771|stepanov.a21@edu.univ.ru|2025|учится|бюджет
676|37|Смирнова|Марина|Сергеевна|2005-06-02|5920 246299|+79368916538|smirnova.m86@edu.univ.ru|2025|учится|бюджет
677|37|Петрова|Виктория|Артёмовна|2005-01-22|8986 389993|+79886552235|petrova.v82@edu.univ.ru|2025|учится|бюджет
678|37|Михайлова|Марина|Дмитриевна|2007-12-25|7287 177163|+79159564634|mihaylova.m42@edu.univ.ru|2025|учится|бюджет
679|37|Соколов|Никита|Максимович|2008-02-09|5301 359626|+79756618290|sokolov.n69@edu.univ.ru|2025|учится|бюджет
680|37|Алексеев|Александр|Артёмович|2005-06-15|7399 982254|+79452541423|alekseev.a71@edu.univ.ru|2025|учится|бюджет
681|37|Никитин|Матвей|Сергеевич|2007-07-17|8997 269318|+79720427833|nikitin.m38@edu.univ.ru|2025|учится|бюджет
682|37|Семёнов|Кирилл|Сергеевич|2007-06-24|9461 299993|+79364113063|semenov.k89@edu.univ.ru|2025|учится|бюджет
683|37|Иванов|Артём|Александрович|2008-06-15|4833 946729|+79820665010|ivanov.a51@edu.univ.ru|2025|учится|контракт
684|37|Егоров|Егор|Романович|2008-04-02|4862 991992|+79878905719|egorov.e67@edu.univ.ru|2025|учится|контракт
685|37|Кузнецова|Елизавета|Ильинична|2006-02-05|6994 614804|+79760095238|kuznecova.e73@edu.univ.ru|2025|отчислен|бюджет
686|37|Смирнова|Юлия|Александровна|2008-09-11|5335 565108|+79252897095|smirnova.y25@edu.univ.ru|2025|учится|контракт
687|37|Орлов|Денис|Дмитриевич|2006-04-22|9828 364088|+79425357167|orlov.d13@edu.univ.ru|2025|учится|бюджет
688|37|Лебедева|София|Кирилловна|2008-03-22|5126 915480|+79676466425|lebedeva.s74@edu.univ.ru|2025|учится|контракт
689|37|Лебедева|Юлия|Максимовна|2008-05-20|8305 618608|+79729355380|lebedeva.y39@edu.univ.ru|2025|учится|контракт
690|37|Макаров|Александр|Сергеевич|2006-08-09|5938 462324|+79060681040|makarov.a72@edu.univ.ru|2025|академ|контракт
691|37|Никитина|Виктория|Кирилловна|2006-09-14|1977 275072|+79206553937|nikitina.v94@edu.univ.ru|2025|выпущен|бюджет
692|37|Морозова|Мария|Александровна|2007-12-21|5311 485148|+79825536124|morozova.m18@edu.univ.ru|2025|учится|бюджет
693|37|Семёнов|Матвей|Иванович|2006-06-28|3666 703908|+79852427221|semenov.m37@edu.univ.ru|2025|учится|бюджет
694|37|Волков|Иван|Алексеевич|2007-12-03|3853 678134|+79601532463|volkov.i26@edu.univ.ru|2025|учится|контракт
695|37|Павлов|Кирилл|Дмитриевич|2007-06-06|5933 805324|+79971620188|pavlov.k61@edu.univ.ru|2025|учится|бюджет
696|37|Морозов|Денис|Ильич|2008-01-22|3736 810782|+79869899011|morozov.d47@edu.univ.ru|2025|учится|бюджет
697|37|Смирнова|Анна|Артёмовна|2008-06-15|9137 116341|+79834676890|smirnova.a92@edu.univ.ru|2025|учится|бюджет
698|37|Васильева|Наталья|Ильинична|2005-05-06|5532 182754|+79776295088|vasileva.n39@edu.univ.ru|2025|учится|бюджет
699|37|Семёнов|Арсений|Андреевич|2005-07-20|1951 548167|+79685096863|semenov.a32@edu.univ.ru|2025|учится|бюджет
700|37|Фёдорова|Татьяна|Артёмовна|2008-11-06|5521 965259|+79299680358|fedorova.t81@edu.univ.ru|2025|учится|контракт
701|37|Попов|Илья|Андреевич|2008-10-09|8319 164960|+79551646480|popov.i49@edu.univ.ru|2025|учится|контракт
702|37|Смирнов|Егор|Иванович|2006-02-22|1342 817355|+79588405311|smirnov.e21@edu.univ.ru|2025|отчислен|бюджет
703|38|Орлова|Марина|Алексеевна|2006-04-16|4261 784770|+79226938042|orlova.m96@edu.univ.ru|2025|учится|бюджет
704|38|Алексеева|Наталья|Михайловна|2008-10-07|2110 558281|+79767927194|alekseeva.n35@edu.univ.ru|2025|выпущен|контракт
705|38|Николаева|Виктория|Максимовна|2008-03-08|8459 130477|+79802708708|nikolaeva.v59@edu.univ.ru|2025|учится|бюджет
706|38|Николаев|Денис|Александрович|2006-06-22|5583 620941|+79216093803|nikolaev.d53@edu.univ.ru|2025|учится|бюджет
707|38|Орлова|Татьяна|Михайловна|2008-04-12|4866 643305|+79094454084|orlova.t64@edu.univ.ru|2025|учится|контракт
708|38|Михайлов|Кирилл|Кириллович|2005-04-22|9114 934852|+79332212149|mihaylov.k86@edu.univ.ru|2025|учится|контракт
709|38|Смирнова|Ольга|Алексеевна|2005-07-01|7656 667985|+79162640200|smirnova.o12@edu.univ.ru|2025|учится|контракт
710|38|Михайлова|Дарья|Дмитриевна|2005-11-08|9311 925390|+79106955588|mihaylova.d96@edu.univ.ru|2025|учится|контракт
711|38|Андреев|Егор|Ильич|2007-07-18|3006 321736|+79267536354|andreev.e48@edu.univ.ru|2025|учится|бюджет
712|38|Козлова|Анастасия|Дмитриевна|2005-12-16|5244 381509|+79065535200|kozlova.a19@edu.univ.ru|2025|учится|бюджет
713|38|Попова|Анна|Кирилловна|2005-09-02|6623 847106|+79526051926|popova.a61@edu.univ.ru|2025|учится|бюджет
714|38|Михайлов|Максим|Александрович|2008-12-27|2938 176525|+79210159568|mihaylov.m82@edu.univ.ru|2025|учится|контракт
715|38|Семёнов|Егор|Андреевич|2007-04-02|5864 513553|+79689929867|semenov.e67@edu.univ.ru|2025|учится|бюджет
716|38|Иванов|Никита|Ильич|2005-10-11|7493 986454|+79563276027|ivanov.n75@edu.univ.ru|2025|отчислен|контракт
717|38|Андреева|Виктория|Александровна|2007-04-25|4340 826280|+79367507299|andreeva.v50@edu.univ.ru|2025|учится|бюджет
718|38|Попов|Илья|Сергеевич|2007-07-19|5387 226175|+79848647217|popov.i79@edu.univ.ru|2025|выпущен|бюджет
719|38|Петрова|Дарья|Кирилловна|2008-11-07|4630 489561|+79840462960|petrova.d23@edu.univ.ru|2025|учится|контракт
720|38|Степанова|Татьяна|Сергеевна|2006-02-11|4494 673063|+79993628735|stepanova.t86@edu.univ.ru|2025|учится|контракт
721|38|Козлов|Матвей|Кириллович|2005-01-13|1734 580999|+79347520682|kozlov.m78@edu.univ.ru|2025|учится|контракт
722|38|Николаев|Сергей|Ильич|2006-11-08|9992 976137|+79289003386|nikolaev.s45@edu.univ.ru|2025|учится|контракт
723|38|Никитина|Виктория|Алексеевна|2005-09-04|2731 476148|+79472275422|nikitina.v72@edu.univ.ru|2025|учится|бюджет
724|38|Макарова|Анастасия|Андреевна|2006-05-22|6863 739195|+79547839955|makarova.a58@edu.univ.ru|2025|учится|контракт
725|38|Макарова|Марина|Александровна|2008-08-12|9960 828068|+79105869048|makarova.m68@edu.univ.ru|2025|отчислен|бюджет
726|38|Смирнов|Илья|Максимович|2007-04-10|6229 523670|+79103914191|smirnov.i96@edu.univ.ru|2025|академ|контракт
727|38|Попова|Юлия|Алексеевна|2006-08-21|1801 224436|+79990877622|popova.y91@edu.univ.ru|2025|академ|бюджет
728|38|Петров|Матвей|Артёмович|2005-05-12|6987 234808|+79212741685|petrov.m15@edu.univ.ru|2025|учится|контракт
729|38|Петров|Кирилл|Иванович|2005-11-28|2315 196513|+79192108438|petrov.k12@edu.univ.ru|2025|учится|бюджет
730|38|Фёдорова|Мария|Ильинична|2008-12-26|6842 344909|+79801624116|fedorova.m31@edu.univ.ru|2025|учится|контракт
731|38|Алексеев|Иван|Иванович|2007-11-18|6331 375056|+79047628848|alekseev.i93@edu.univ.ru|2025|учится|бюджет
732|38|Кузнецов|Алексей|Романович|2006-08-21|2313 109790|+79828777562|kuznecov.a60@edu.univ.ru|2025|отчислен|контракт
733|38|Орлова|Мария|Артёмовна|2008-09-09|6104 201245|+79837304981|orlova.m69@edu.univ.ru|2025|учится|бюджет
734|38|Петров|Илья|Романович|2005-01-02|2807 478540|+79646073032|petrov.i10@edu.univ.ru|2025|учится|бюджет
735|39|Михайлов|Андрей|Романович|2008-05-17|6057 961947|+79914198256|mihaylov.a53@edu.univ.ru|2025|учится|бюджет
736|39|Кузнецов|Артём|Сергеевич|2006-11-11|9935 556855|+79727094337|kuznecov.a76@edu.univ.ru|2025|учится|бюджет
737|39|Волкова|Наталья|Максимовна|2005-05-16|6124 868866|+79873911787|volkova.n44@edu.univ.ru|2025|учится|бюджет
738|39|Иванов|Артём|Михайлович|2007-01-16|6457 232970|+79853151151|ivanov.a18@edu.univ.ru|2025|учится|контракт
739|39|Петров|Егор|Кириллович|2008-04-05|8302 291879|+79708205831|petrov.e94@edu.univ.ru|2025|учится|контракт
740|39|Волкова|Татьяна|Сергеевна|2006-05-06|6205 463194|+79799588531|volkova.t72@edu.univ.ru|2025|учится|контракт
741|39|Новикова|Виктория|Кирилловна|2006-02-24|9458 827417|+79645668279|novikova.v25@edu.univ.ru|2025|учится|бюджет
742|39|Соколов|Роман|Андреевич|2006-10-20|3193 548333|+79739670895|sokolov.r39@edu.univ.ru|2025|учится|бюджет
743|39|Кузнецов|Дмитрий|Артёмович|2007-11-13|3754 658245|+79467823624|kuznecov.d11@edu.univ.ru|2025|учится|контракт
744|39|Егорова|Анна|Михайловна|2006-02-26|5824 141097|+79811065314|egorova.a98@edu.univ.ru|2025|учится|бюджет
745|39|Алексеева|Алиса|Ивановна|2006-02-05|1071 828847|+79582099117|alekseeva.a28@edu.univ.ru|2025|учится|бюджет
746|39|Новиков|Артём|Ильич|2008-02-16|3125 273588|+79308963520|novikov.a11@edu.univ.ru|2025|учится|бюджет
747|39|Лебедева|Ольга|Ильинична|2008-11-27|9513 837411|+79968128199|lebedeva.o69@edu.univ.ru|2025|учится|бюджет
748|39|Морозов|Денис|Алексеевич|2008-01-15|4945 119029|+79736591106|morozov.d65@edu.univ.ru|2025|учится|бюджет
749|39|Михайлова|Татьяна|Андреевна|2007-05-27|3975 448619|+79314088563|mihaylova.t37@edu.univ.ru|2025|учится|контракт
750|39|Новиков|Денис|Артёмович|2007-12-08|4315 126516|+79580074152|novikov.d30@edu.univ.ru|2025|учится|контракт
751|39|Иванов|Никита|Кириллович|2007-01-12|4039 642441|+79228150253|ivanov.n20@edu.univ.ru|2025|учится|бюджет
752|39|Никитин|Арсений|Ильич|2007-06-22|5455 870896|+79632472103|nikitin.a31@edu.univ.ru|2025|академ|контракт
753|39|Егоров|Никита|Андреевич|2006-07-06|8058 805183|+79489589515|egorov.n80@edu.univ.ru|2025|учится|контракт
754|39|Алексеев|Кирилл|Михайлович|2008-02-25|1038 161841|+79221637703|alekseev.k96@edu.univ.ru|2025|учится|бюджет
755|39|Петрова|Наталья|Кирилловна|2005-11-22|9952 425556|+79842307819|petrova.n38@edu.univ.ru|2025|учится|бюджет
756|39|Иванова|Анна|Александровна|2007-07-26|3929 908610|+79458782545|ivanova.a11@edu.univ.ru|2025|учится|бюджет
757|39|Андреев|Сергей|Дмитриевич|2006-09-05|8755 399723|+79208141642|andreev.s28@edu.univ.ru|2025|учится|бюджет
758|39|Егорова|Юлия|Алексеевна|2007-04-09|6992 100425|+79928366042|egorova.y46@edu.univ.ru|2025|учится|бюджет
759|39|Соколова|Дарья|Романовна|2007-09-17|3847 511035|+79666758000|sokolova.d96@edu.univ.ru|2025|учится|бюджет
760|39|Егоров|Михаил|Михайлович|2005-02-20|7689 637747|+79075186575|egorov.m26@edu.univ.ru|2025|учится|контракт
761|39|Андреев|Илья|Сергеевич|2008-05-09|7908 413959|+79368575130|andreev.i21@edu.univ.ru|2025|выпущен|бюджет
762|39|Михайлова|Юлия|Ильинична|2005-12-04|8325 131998|+79955543375|mihaylova.y82@edu.univ.ru|2025|учится|бюджет
763|39|Семёнова|София|Ильинична|2007-03-01|8406 755511|+79306236503|semenova.s53@edu.univ.ru|2025|учится|контракт
764|39|Макарова|София|Сергеевна|2007-12-21|7200 611181|+79274345471|makarova.s63@edu.univ.ru|2025|учится|контракт
765|39|Николаева|Юлия|Романовна|2006-04-15|7548 123004|+79740867866|nikolaeva.y85@edu.univ.ru|2025|учится|бюджет
766|39|Макарова|Мария|Сергеевна|2008-02-20|8786 701554|+79730229490|makarova.m47@edu.univ.ru|2025|выпущен|бюджет
767|39|Соколов|Егор|Дмитриевич|2008-01-11|5646 377043|+79409105204|sokolov.e75@edu.univ.ru|2025|учится|бюджет
768|39|Соколов|Александр|Михайлович|2006-11-21|6869 465127|+79046294568|sokolov.a11@edu.univ.ru|2025|учится|бюджет
769|39|Михайлов|Никита|Алексеевич|2008-04-27|6458 915648|+79604450539|mihaylov.n99@edu.univ.ru|2025|академ|бюджет
770|39|Соколова|Екатерина|Дмитриевна|2005-04-20|5440 663378|+79055189013|sokolova.e73@edu.univ.ru|2025|учится|бюджет
771|39|Никитина|Елизавета|Ивановна|2007-06-06|7843 662114|+79559113628|nikitina.e41@edu.univ.ru|2025|учится|контракт
772|39|Степанов|Денис|Романович|2005-02-17|3397 233712|+79120747148|stepanov.d63@edu.univ.ru|2025|учится|бюджет
773|39|Попов|Алексей|Алексеевич|2007-02-03|6724 157449|+79418170653|popov.a85@edu.univ.ru|2025|учится|контракт
774|39|Степанов|Сергей|Михайлович|2008-07-22|9623 686775|+79829614745|stepanov.s83@edu.univ.ru|2025|учится|контракт
775|40|Петрова|Дарья|Ивановна|2007-02-02|3747 715586|+79321862532|petrova.d27@edu.univ.ru|2025|учится|контракт
776|40|Васильева|Алиса|Ильинична|2007-11-07|5618 749080|+79499615971|vasileva.a78@edu.univ.ru|2025|отчислен|бюджет
777|40|Фёдорова|Ольга|Алексеевна|2008-07-05|2551 683816|+79465668011|fedorova.o32@edu.univ.ru|2025|учится|контракт
778|40|Соколов|Кирилл|Андреевич|2005-01-18|9714 406759|+79373962242|sokolov.k98@edu.univ.ru|2025|учится|бюджет
779|40|Козлова|Ольга|Ильинична|2005-11-14|7207 997390|+79948768372|kozlova.o49@edu.univ.ru|2025|учится|контракт
780|40|Фёдорова|Екатерина|Александровна|2006-10-25|6107 978043|+79282798166|fedorova.e19@edu.univ.ru|2025|учится|контракт
781|40|Никитина|Анна|Сергеевна|2005-11-24|5460 215634|+79594144446|nikitina.a76@edu.univ.ru|2025|учится|бюджет
782|40|Орлова|Ольга|Ивановна|2008-12-05|8012 339527|+79813994393|orlova.o18@edu.univ.ru|2025|учится|бюджет
783|40|Орлова|Ксения|Александровна|2008-09-01|2610 695800|+79190512630|orlova.k75@edu.univ.ru|2025|учится|бюджет
784|40|Фёдоров|Арсений|Алексеевич|2006-04-15|6028 419833|+79253997116|fedorov.a84@edu.univ.ru|2025|учится|бюджет
785|40|Васильева|Татьяна|Артёмовна|2006-04-21|6532 206334|+79433248280|vasileva.t33@edu.univ.ru|2025|учится|бюджет
786|40|Смирнова|Екатерина|Сергеевна|2006-03-05|6849 512248|+79596638158|smirnova.e22@edu.univ.ru|2025|учится|бюджет
787|40|Козлова|Елизавета|Александровна|2007-11-24|5936 678025|+79731853658|kozlova.e18@edu.univ.ru|2025|учится|бюджет
788|40|Васильева|Виктория|Андреевна|2007-10-22|3397 398067|+79273365471|vasileva.v78@edu.univ.ru|2025|учится|бюджет
789|40|Соколова|Дарья|Александровна|2006-06-18|1424 451603|+79291851157|sokolova.d92@edu.univ.ru|2025|учится|контракт
790|40|Никитина|София|Сергеевна|2006-10-11|4458 247037|+79941708601|nikitina.s70@edu.univ.ru|2025|учится|бюджет
791|40|Новиков|Роман|Александрович|2006-03-06|5180 340023|+79904672068|novikov.r40@edu.univ.ru|2025|учится|бюджет
792|40|Семёнова|Виктория|Сергеевна|2005-02-10|1521 505637|+79289206542|semenova.v11@edu.univ.ru|2025|учится|бюджет
793|40|Макаров|Сергей|Андреевич|2007-07-09|5660 740954|+79841321428|makarov.s96@edu.univ.ru|2025|учится|бюджет
794|40|Новиков|Никита|Иванович|2006-04-26|4424 792617|+79599569510|novikov.n15@edu.univ.ru|2025|учится|контракт
795|40|Волкова|Мария|Сергеевна|2008-04-11|5983 888245|+79707497936|volkova.m87@edu.univ.ru|2025|учится|контракт
796|40|Степанов|Матвей|Романович|2008-09-01|2818 268725|+79444851601|stepanov.m15@edu.univ.ru|2025|учится|бюджет
797|40|Николаева|Виктория|Максимовна|2008-09-08|4921 574284|+79708018480|nikolaeva.v42@edu.univ.ru|2025|учится|бюджет
798|40|Васильева|Елизавета|Романовна|2008-09-16|9124 438433|+79528168246|vasileva.e29@edu.univ.ru|2025|учится|контракт
799|40|Степанов|Алексей|Михайлович|2005-12-27|7479 214073|+79447248596|stepanov.a78@edu.univ.ru|2025|отчислен|бюджет
800|40|Соколова|Марина|Дмитриевна|2005-07-01|7969 889253|+79297220721|sokolova.m79@edu.univ.ru|2025|учится|бюджет
801|40|Николаева|Елизавета|Алексеевна|2006-03-25|7316 762433|+79109177750|nikolaeva.e94@edu.univ.ru|2025|учится|бюджет
802|40|Павлова|Екатерина|Максимовна|2006-04-24|8177 812053|+79574324653|pavlova.e50@edu.univ.ru|2025|учится|бюджет
803|40|Попов|Арсений|Артёмович|2006-02-04|9795 424630|+79401011922|popov.a43@edu.univ.ru|2025|учится|бюджет
804|40|Кузнецова|София|Ивановна|2008-05-03|2144 153463|+79667321109|kuznecova.s83@edu.univ.ru|2025|отчислен|бюджет
805|40|Козлова|Елизавета|Кирилловна|2008-09-01|6596 137524|+79665181330|kozlova.e45@edu.univ.ru|2025|учится|бюджет
806|40|Андреев|Егор|Александрович|2006-05-23|8405 244714|+79013254996|andreev.e40@edu.univ.ru|2025|учится|контракт
807|40|Семёнова|Ксения|Артёмовна|2006-10-24|7620 742449|+79622867669|semenova.k13@edu.univ.ru|2025|учится|бюджет
808|40|Петров|Никита|Сергеевич|2008-08-10|2867 707567|+79655814867|petrov.n96@edu.univ.ru|2025|учится|бюджет
809|40|Козлов|Матвей|Дмитриевич|2006-03-04|3921 533554|+79491024306|kozlov.m52@edu.univ.ru|2025|учится|контракт
810|40|Волкова|Анна|Михайловна|2005-08-05|7629 234787|+79385843710|volkova.a94@edu.univ.ru|2025|учится|бюджет
811|40|Орлов|Иван|Романович|2005-12-22|3526 528799|+79805354928|orlov.i85@edu.univ.ru|2025|учится|бюджет
812|40|Васильев|Алексей|Кириллович|2008-09-18|1687 395587|+79369594974|vasilev.a55@edu.univ.ru|2025|отчислен|бюджет
813|41|Степанов|Матвей|Романович|2008-11-11|6636 458164|+79428339030|stepanov.m59@edu.univ.ru|2025|учится|контракт
814|41|Алексеева|Дарья|Дмитриевна|2006-05-08|5093 353986|+79885818126|alekseeva.d84@edu.univ.ru|2025|учится|бюджет
815|41|Кузнецов|Никита|Максимович|2006-06-10|5049 250898|+79647516467|kuznecov.n12@edu.univ.ru|2025|учится|бюджет
816|41|Павлова|Наталья|Михайловна|2007-04-15|8736 804832|+79874020433|pavlova.n10@edu.univ.ru|2025|отчислен|бюджет
817|41|Николаева|Ксения|Алексеевна|2005-04-12|6765 891533|+79708467975|nikolaeva.k32@edu.univ.ru|2025|учится|контракт
818|41|Павлов|Арсений|Ильич|2005-08-13|1249 761934|+79812521011|pavlov.a47@edu.univ.ru|2025|учится|контракт
819|41|Попова|Марина|Максимовна|2005-04-05|6804 804192|+79119469441|popova.m25@edu.univ.ru|2025|учится|контракт
820|41|Николаев|Алексей|Михайлович|2007-11-10|7380 634548|+79593454032|nikolaev.a41@edu.univ.ru|2025|учится|бюджет
821|41|Алексеев|Роман|Алексеевич|2008-04-09|4526 205788|+79126217831|alekseev.r11@edu.univ.ru|2025|учится|контракт
822|41|Семёнов|Андрей|Андреевич|2007-04-15|8642 288680|+79413310841|semenov.a94@edu.univ.ru|2025|учится|бюджет
823|41|Степанова|Ольга|Сергеевна|2006-09-19|2582 606315|+79222506753|stepanova.o50@edu.univ.ru|2025|учится|бюджет
824|41|Смирнов|Сергей|Кириллович|2008-02-26|1470 517065|+79074856802|smirnov.s53@edu.univ.ru|2025|учится|контракт
825|41|Соколов|Сергей|Сергеевич|2008-09-20|8421 263004|+79902177618|sokolov.s19@edu.univ.ru|2025|учится|контракт
826|41|Степанов|Сергей|Сергеевич|2007-05-18|3043 619272|+79632820359|stepanov.s94@edu.univ.ru|2025|академ|бюджет
827|41|Никитин|Михаил|Ильич|2005-04-23|3043 976495|+79231395641|nikitin.m74@edu.univ.ru|2025|учится|бюджет
828|41|Новиков|Илья|Романович|2006-08-27|7776 173271|+79633869876|novikov.i41@edu.univ.ru|2025|учится|бюджет
829|41|Фёдорова|Мария|Артёмовна|2007-04-15|8131 202345|+79857398178|fedorova.m92@edu.univ.ru|2025|академ|бюджет
830|41|Козлова|Екатерина|Ивановна|2006-01-25|1728 868153|+79143998084|kozlova.e28@edu.univ.ru|2025|учится|бюджет
831|41|Андреев|Алексей|Сергеевич|2007-08-09|4416 278884|+79639459773|andreev.a16@edu.univ.ru|2025|учится|бюджет
832|41|Петрова|Марина|Максимовна|2006-02-07|4765 606764|+79054793485|petrova.m20@edu.univ.ru|2025|учится|контракт
833|41|Павлова|Анастасия|Кирилловна|2005-05-17|3064 927185|+79174898120|pavlova.a27@edu.univ.ru|2025|учится|бюджет
834|41|Иванов|Арсений|Артёмович|2008-03-16|8389 445594|+79327925922|ivanov.a12@edu.univ.ru|2025|отчислен|бюджет
835|41|Николаев|Алексей|Александрович|2005-10-15|7470 962454|+79107386083|nikolaev.a67@edu.univ.ru|2025|учится|контракт
836|41|Соколов|Дмитрий|Ильич|2006-09-03|5545 155996|+79128520862|sokolov.d45@edu.univ.ru|2025|отчислен|контракт
837|41|Степанов|Кирилл|Александрович|2006-03-09|7740 982547|+79519901550|stepanov.k37@edu.univ.ru|2025|учится|бюджет
838|41|Никитина|Ольга|Андреевна|2006-08-05|9514 519078|+79043017629|nikitina.o68@edu.univ.ru|2025|учится|контракт
839|41|Михайлов|Кирилл|Романович|2008-01-20|2053 446305|+79317130171|mihaylov.k17@edu.univ.ru|2025|учится|контракт
840|41|Лебедева|Екатерина|Романовна|2005-10-09|8554 312919|+79865901208|lebedeva.e94@edu.univ.ru|2025|учится|бюджет
841|41|Смирнов|Сергей|Андреевич|2007-11-20|8587 785764|+79669780901|smirnov.s36@edu.univ.ru|2025|учится|бюджет
842|41|Волков|Арсений|Иванович|2006-02-11|1504 291535|+79350162007|volkov.a91@edu.univ.ru|2025|учится|контракт
843|41|Макаров|Александр|Романович|2006-09-19|8127 148838|+79225243507|makarov.a65@edu.univ.ru|2025|учится|контракт
844|41|Новикова|Марина|Александровна|2008-06-12|4336 148566|+79414711255|novikova.m74@edu.univ.ru|2025|учится|контракт
845|41|Иванов|Никита|Дмитриевич|2008-08-07|9276 911285|+79557806257|ivanov.n17@edu.univ.ru|2025|учится|контракт
846|41|Степанова|Анна|Алексеевна|2005-04-06|6561 925119|+79238313104|stepanova.a32@edu.univ.ru|2025|учится|бюджет
847|41|Лебедева|Юлия|Дмитриевна|2007-11-08|9891 103694|+79946591947|lebedeva.y77@edu.univ.ru|2025|учится|контракт
848|41|Волкова|Татьяна|Михайловна|2006-09-22|5578 216432|+79466105620|volkova.t97@edu.univ.ru|2025|учится|бюджет
849|42|Никитина|Марина|Михайловна|2004-11-12|4998 253794|+79580227083|nikitina.m84@edu.univ.ru|2024|учится|контракт
850|42|Козлова|Ксения|Александровна|2007-08-07|9624 372095|+79623151852|kozlova.k74@edu.univ.ru|2024|учится|контракт
851|42|Орлов|Матвей|Дмитриевич|2007-04-26|7505 874423|+79211822595|orlov.m88@edu.univ.ru|2024|учится|контракт
852|42|Лебедев|Егор|Максимович|2005-07-03|1516 496760|+79130369492|lebedev.e96@edu.univ.ru|2024|учится|бюджет
853|42|Кузнецов|Никита|Алексеевич|2006-11-23|8126 648827|+79004014787|kuznecov.n67@edu.univ.ru|2024|учится|контракт
854|42|Андреев|Роман|Алексеевич|2006-10-09|3189 586512|+79552788267|andreev.r58@edu.univ.ru|2024|учится|бюджет
855|42|Михайлова|Юлия|Ильинична|2005-04-01|6731 823825|+79142385989|mihaylova.y22@edu.univ.ru|2024|выпущен|бюджет
856|42|Алексеева|Ксения|Андреевна|2005-06-28|3282 793091|+79377259279|alekseeva.k38@edu.univ.ru|2024|учится|бюджет
857|42|Алексеев|Дмитрий|Александрович|2006-06-04|3718 144702|+79490018415|alekseev.d93@edu.univ.ru|2024|учится|бюджет
858|42|Егоров|Егор|Иванович|2007-05-19|1809 410581|+79889670001|egorov.e91@edu.univ.ru|2024|учится|бюджет
859|42|Соколова|Наталья|Ильинична|2007-10-08|7906 185882|+79909751687|sokolova.n73@edu.univ.ru|2024|учится|контракт
860|42|Никитин|Иван|Михайлович|2006-08-17|1834 107254|+79846660744|nikitin.i28@edu.univ.ru|2024|учится|контракт
861|42|Егоров|Максим|Максимович|2006-06-16|5540 308158|+79576215478|egorov.m48@edu.univ.ru|2024|учится|бюджет
862|42|Степанов|Егор|Александрович|2004-06-15|5709 300415|+79864369188|stepanov.e39@edu.univ.ru|2024|учится|контракт
863|42|Николаева|София|Алексеевна|2005-10-06|3973 151066|+79334922992|nikolaeva.s21@edu.univ.ru|2024|учится|бюджет
864|42|Морозов|Денис|Алексеевич|2004-04-06|6747 382482|+79916850396|morozov.d86@edu.univ.ru|2024|учится|контракт
865|42|Козлов|Михаил|Артёмович|2007-06-16|5162 867697|+79175583232|kozlov.m20@edu.univ.ru|2024|учится|бюджет
866|42|Орлов|Кирилл|Алексеевич|2005-11-18|1189 600469|+79978337435|orlov.k65@edu.univ.ru|2024|учится|контракт
867|42|Петров|Арсений|Иванович|2006-06-22|7732 884138|+79137430503|petrov.a26@edu.univ.ru|2024|учится|бюджет
868|42|Никитина|Елизавета|Александровна|2007-01-10|4338 277024|+79409909588|nikitina.e76@edu.univ.ru|2024|учится|бюджет
869|42|Алексеев|Илья|Кириллович|2005-06-24|8228 342407|+79415887345|alekseev.i15@edu.univ.ru|2024|отчислен|бюджет
870|42|Макаров|Илья|Сергеевич|2005-11-16|6594 111098|+79310621619|makarov.i91@edu.univ.ru|2024|учится|бюджет
871|42|Попова|София|Артёмовна|2007-08-28|4873 896332|+79259832652|popova.s29@edu.univ.ru|2024|учится|бюджет
872|42|Смирнов|Матвей|Ильич|2007-10-18|8796 480952|+79112237520|smirnov.m30@edu.univ.ru|2024|учится|бюджет
873|42|Смирнова|София|Кирилловна|2006-03-03|8523 202156|+79854359251|smirnova.s76@edu.univ.ru|2024|академ|бюджет
874|42|Лебедева|Елизавета|Александровна|2005-09-06|6823 686505|+79550957661|lebedeva.e99@edu.univ.ru|2024|учится|бюджет
875|42|Орлова|Алиса|Кирилловна|2006-07-11|3330 507737|+79645472542|orlova.a16@edu.univ.ru|2024|учится|бюджет
876|42|Андреев|Денис|Андреевич|2005-11-06|6194 132970|+79068249412|andreev.d29@edu.univ.ru|2024|учится|контракт
877|42|Кузнецова|Дарья|Артёмовна|2007-04-19|5803 766124|+79346089694|kuznecova.d23@edu.univ.ru|2024|отчислен|контракт
878|42|Смирнова|Мария|Алексеевна|2006-04-11|6486 822107|+79564795613|smirnova.m61@edu.univ.ru|2024|отчислен|контракт
879|42|Никитин|Денис|Ильич|2004-07-13|6894 881202|+79521667528|nikitin.d95@edu.univ.ru|2024|учится|бюджет
880|42|Алексеева|Елизавета|Артёмовна|2005-04-13|5830 192217|+79924805013|alekseeva.e16@edu.univ.ru|2024|учится|бюджет
881|42|Егоров|Егор|Михайлович|2005-07-25|8421 409908|+79672893360|egorov.e90@edu.univ.ru|2024|учится|бюджет
882|42|Фёдорова|Дарья|Романовна|2006-12-04|3270 538327|+79058011727|fedorova.d10@edu.univ.ru|2024|выпущен|бюджет
883|42|Соколов|Дмитрий|Александрович|2005-07-27|8282 132204|+79095289605|sokolov.d87@edu.univ.ru|2024|учится|контракт
884|42|Смирнова|Юлия|Алексеевна|2004-06-27|2769 541917|+79404129333|smirnova.y49@edu.univ.ru|2024|учится|контракт
885|42|Петров|Сергей|Дмитриевич|2007-04-24|3826 464805|+79947925123|petrov.s11@edu.univ.ru|2024|учится|контракт
886|42|Орлова|Анастасия|Кирилловна|2004-07-04|4763 465211|+79749983049|orlova.a49@edu.univ.ru|2024|учится|бюджет
887|42|Никитин|Никита|Артёмович|2005-01-18|6753 677952|+79848691473|nikitin.n70@edu.univ.ru|2024|учится|бюджет
888|42|Михайлов|Александр|Дмитриевич|2005-06-18|4815 445517|+79859748094|mihaylov.a42@edu.univ.ru|2024|учится|контракт
889|42|Павлова|Алиса|Максимовна|2004-04-02|8765 710175|+79516359459|pavlova.a75@edu.univ.ru|2024|учится|контракт
890|43|Никитин|Максим|Дмитриевич|2005-05-18|9531 458626|+79691441041|nikitin.m69@edu.univ.ru|2024|учится|бюджет
891|43|Козлова|Ксения|Алексеевна|2006-12-14|1959 583878|+79045252276|kozlova.k31@edu.univ.ru|2024|учится|бюджет
892|43|Павлова|Юлия|Дмитриевна|2007-10-21|6469 646953|+79334110611|pavlova.y50@edu.univ.ru|2024|учится|бюджет
893|43|Васильева|Екатерина|Михайловна|2006-01-03|7148 610920|+79690955069|vasileva.e85@edu.univ.ru|2024|учится|контракт
894|43|Морозова|Мария|Ильинична|2006-01-14|6519 241369|+79122409809|morozova.m44@edu.univ.ru|2024|учится|бюджет
895|43|Лебедева|Алиса|Александровна|2004-10-02|3493 150076|+79514897495|lebedeva.a41@edu.univ.ru|2024|академ|бюджет
896|43|Кузнецова|Мария|Андреевна|2006-05-16|5985 727427|+79266990959|kuznecova.m80@edu.univ.ru|2024|учится|бюджет
897|43|Кузнецов|Роман|Иванович|2005-01-24|6560 237328|+79479493615|kuznecov.r22@edu.univ.ru|2024|учится|бюджет
898|43|Волков|Максим|Дмитриевич|2004-12-05|8182 510395|+79004895621|volkov.m72@edu.univ.ru|2024|учится|контракт
899|43|Никитина|Мария|Ильинична|2006-09-15|6006 109758|+79211756207|nikitina.m93@edu.univ.ru|2024|учится|бюджет
900|43|Иванова|Алиса|Романовна|2007-01-28|4600 400814|+79599091132|ivanova.a14@edu.univ.ru|2024|учится|бюджет
901|43|Смирнов|Дмитрий|Дмитриевич|2006-04-21|5134 655081|+79588744550|smirnov.d40@edu.univ.ru|2024|учится|бюджет
902|43|Волкова|Юлия|Романовна|2005-11-08|7745 341311|+79750464779|volkova.y62@edu.univ.ru|2024|учится|контракт
903|43|Михайлова|Полина|Александровна|2006-02-14|1062 421851|+79299629536|mihaylova.p16@edu.univ.ru|2024|учится|бюджет
904|43|Егорова|Екатерина|Ивановна|2005-01-13|1199 146949|+79745156327|egorova.e50@edu.univ.ru|2024|учится|бюджет
905|43|Егорова|Юлия|Кирилловна|2004-10-08|4051 810753|+79815881795|egorova.y51@edu.univ.ru|2024|учится|контракт
906|43|Козлов|Максим|Сергеевич|2006-09-09|8379 420410|+79459006611|kozlov.m45@edu.univ.ru|2024|учится|бюджет
907|43|Егоров|Алексей|Артёмович|2005-02-04|3954 559024|+79599169833|egorov.a32@edu.univ.ru|2024|учится|бюджет
908|43|Николаева|Татьяна|Романовна|2006-12-24|8315 366048|+79351264664|nikolaeva.t67@edu.univ.ru|2024|учится|контракт
909|43|Кузнецова|Дарья|Андреевна|2005-03-06|9538 221997|+79564549156|kuznecova.d81@edu.univ.ru|2024|учится|контракт
910|43|Егорова|Елизавета|Сергеевна|2004-11-14|7046 337288|+79828653920|egorova.e92@edu.univ.ru|2024|учится|контракт
911|43|Иванова|Татьяна|Алексеевна|2006-01-10|5472 171894|+79770748214|ivanova.t77@edu.univ.ru|2024|отчислен|контракт
912|43|Волкова|Марина|Максимовна|2004-04-14|7986 360293|+79365341258|volkova.m39@edu.univ.ru|2024|учится|бюджет
913|43|Новиков|Артём|Иванович|2006-02-05|7178 826913|+79268118752|novikov.a42@edu.univ.ru|2024|учится|бюджет
914|43|Попов|Иван|Кириллович|2004-08-18|3765 855993|+79879425241|popov.i40@edu.univ.ru|2024|академ|бюджет
915|43|Васильев|Илья|Сергеевич|2005-10-19|2440 158573|+79616406504|vasilev.i47@edu.univ.ru|2024|учится|бюджет
916|43|Павлов|Роман|Ильич|2004-07-06|6254 774024|+79305589977|pavlov.r98@edu.univ.ru|2024|учится|бюджет
917|43|Смирнов|Александр|Андреевич|2005-04-24|8785 962864|+79237387011|smirnov.a13@edu.univ.ru|2024|учится|бюджет
918|43|Кузнецова|Татьяна|Алексеевна|2006-09-01|8499 501378|+79946870691|kuznecova.t59@edu.univ.ru|2024|учится|бюджет
919|43|Иванова|Наталья|Максимовна|2004-12-26|5476 296075|+79080110961|ivanova.n67@edu.univ.ru|2024|учится|контракт
920|43|Николаев|Арсений|Алексеевич|2005-08-01|8426 618282|+79719390684|nikolaev.a71@edu.univ.ru|2024|учится|бюджет
921|43|Кузнецов|Максим|Максимович|2007-08-06|2581 231630|+79934729596|kuznecov.m78@edu.univ.ru|2024|учится|бюджет
922|43|Семёнова|Виктория|Михайловна|2004-08-10|3084 257202|+79169542210|semenova.v12@edu.univ.ru|2024|учится|контракт
923|43|Иванов|Сергей|Романович|2005-11-10|3564 129334|+79375928131|ivanov.s46@edu.univ.ru|2024|учится|бюджет
924|43|Козлова|Юлия|Кирилловна|2005-11-03|2284 893758|+79926524184|kozlova.y56@edu.univ.ru|2024|учится|контракт
925|43|Васильева|Екатерина|Александровна|2006-08-15|1010 185818|+79678362041|vasileva.e98@edu.univ.ru|2024|отчислен|бюджет
926|43|Волков|Андрей|Романович|2007-07-23|3875 870652|+79792677881|volkov.a95@edu.univ.ru|2024|учится|контракт
927|43|Иванов|Денис|Ильич|2005-12-13|6545 447935|+79021286458|ivanov.d78@edu.univ.ru|2024|учится|контракт
928|43|Николаева|Виктория|Алексеевна|2006-10-10|6601 717837|+79162241138|nikolaeva.v95@edu.univ.ru|2024|учится|бюджет
929|44|Козлова|Татьяна|Сергеевна|2006-08-16|2805 865455|+79950994636|kozlova.t17@edu.univ.ru|2024|учится|контракт
930|44|Попов|Арсений|Романович|2006-06-16|1861 110982|+79463977183|popov.a59@edu.univ.ru|2024|учится|контракт
931|44|Павлова|София|Андреевна|2007-01-13|2774 261802|+79340304185|pavlova.s63@edu.univ.ru|2024|учится|контракт
932|44|Попов|Матвей|Романович|2004-09-21|5013 296058|+79127717168|popov.m82@edu.univ.ru|2024|учится|бюджет
933|44|Попов|Максим|Александрович|2007-03-09|3783 382125|+79044246306|popov.m71@edu.univ.ru|2024|учится|бюджет
934|44|Новиков|Александр|Кириллович|2005-03-18|6330 495581|+79791830840|novikov.a59@edu.univ.ru|2024|отчислен|контракт
935|44|Васильев|Максим|Дмитриевич|2004-12-04|6477 763233|+79289596079|vasilev.m52@edu.univ.ru|2024|учится|бюджет
936|44|Никитин|Никита|Дмитриевич|2007-11-04|1914 405185|+79575531009|nikitin.n23@edu.univ.ru|2024|учится|бюджет
937|44|Иванова|Татьяна|Кирилловна|2005-07-18|6106 765680|+79289355110|ivanova.t64@edu.univ.ru|2024|учится|бюджет
938|44|Михайлов|Матвей|Сергеевич|2004-06-02|2409 819493|+79452856045|mihaylov.m53@edu.univ.ru|2024|учится|контракт
939|44|Петрова|Ксения|Максимовна|2006-09-11|9633 171582|+79949323422|petrova.k80@edu.univ.ru|2024|учится|бюджет
940|44|Никитин|Арсений|Ильич|2006-02-05|9333 915053|+79281318192|nikitin.a12@edu.univ.ru|2024|учится|бюджет
941|44|Соколова|Марина|Ивановна|2006-08-11|4948 127972|+79601314450|sokolova.m62@edu.univ.ru|2024|учится|бюджет
942|44|Волков|Сергей|Максимович|2004-07-02|2804 807151|+79846147158|volkov.s97@edu.univ.ru|2024|учится|бюджет
943|44|Степанова|Юлия|Алексеевна|2004-04-21|8631 301024|+79656182858|stepanova.y29@edu.univ.ru|2024|учится|бюджет
944|44|Волкова|Мария|Михайловна|2004-10-19|4874 498664|+79305531167|volkova.m30@edu.univ.ru|2024|учится|контракт
945|44|Кузнецова|София|Дмитриевна|2007-05-26|4956 467311|+79714588690|kuznecova.s24@edu.univ.ru|2024|учится|бюджет
946|44|Никитина|Наталья|Сергеевна|2006-04-15|4913 686643|+79706864934|nikitina.n96@edu.univ.ru|2024|учится|контракт
947|44|Алексеева|София|Михайловна|2006-06-02|7733 579281|+79225270116|alekseeva.s21@edu.univ.ru|2024|учится|бюджет
948|44|Попов|Андрей|Александрович|2006-03-20|1227 806235|+79424644322|popov.a26@edu.univ.ru|2024|учится|бюджет
949|44|Соколова|Екатерина|Ильинична|2007-06-05|8484 762444|+79671344396|sokolova.e99@edu.univ.ru|2024|учится|контракт
950|44|Козлов|Никита|Романович|2004-03-13|4144 675859|+79010407820|kozlov.n82@edu.univ.ru|2024|учится|бюджет
951|44|Алексеев|Никита|Романович|2004-01-04|4397 965025|+79793167855|alekseev.n34@edu.univ.ru|2024|учится|контракт
952|44|Лебедева|Ксения|Андреевна|2007-04-03|9048 317749|+79338065585|lebedeva.k28@edu.univ.ru|2024|учится|бюджет
953|44|Попова|Екатерина|Михайловна|2004-03-07|9965 754384|+79019822691|popova.e12@edu.univ.ru|2024|учится|контракт
954|44|Фёдоров|Иван|Дмитриевич|2005-02-09|2231 442014|+79261746303|fedorov.i33@edu.univ.ru|2024|учится|бюджет
955|44|Егоров|Кирилл|Ильич|2004-08-19|2189 445554|+79539778580|egorov.k46@edu.univ.ru|2024|учится|бюджет
956|44|Попов|Егор|Алексеевич|2004-04-13|2688 740281|+79967986245|popov.e64@edu.univ.ru|2024|учится|бюджет
957|44|Макарова|Екатерина|Кирилловна|2005-10-02|3404 904518|+79194434326|makarova.e15@edu.univ.ru|2024|учится|контракт
958|44|Кузнецов|Дмитрий|Ильич|2006-07-11|3883 242850|+79202856544|kuznecov.d17@edu.univ.ru|2024|учится|контракт
959|44|Кузнецова|Марина|Ильинична|2005-10-26|8017 626133|+79308613388|kuznecova.m68@edu.univ.ru|2024|учится|контракт
960|45|Николаева|Анастасия|Александровна|2005-07-02|7010 225909|+79438843210|nikolaeva.a75@edu.univ.ru|2024|учится|контракт
961|45|Волкова|Татьяна|Сергеевна|2007-08-02|2758 626896|+79955549637|volkova.t67@edu.univ.ru|2024|выпущен|контракт
962|45|Соколова|Виктория|Андреевна|2005-04-18|3562 908770|+79327832230|sokolova.v30@edu.univ.ru|2024|учится|бюджет
963|45|Соколова|Анна|Ивановна|2005-12-28|8355 205847|+79764192862|sokolova.a38@edu.univ.ru|2024|учится|контракт
964|45|Павлов|Алексей|Сергеевич|2005-10-02|5095 216823|+79105983357|pavlov.a57@edu.univ.ru|2024|учится|бюджет
965|45|Кузнецова|Екатерина|Ильинична|2006-10-17|3295 854839|+79489714643|kuznecova.e99@edu.univ.ru|2024|учится|контракт
966|45|Кузнецова|Елизавета|Ивановна|2005-10-10|9320 582546|+79199527356|kuznecova.e82@edu.univ.ru|2024|учится|бюджет
967|45|Орлова|Анастасия|Андреевна|2007-06-26|6711 918048|+79556676480|orlova.a33@edu.univ.ru|2024|учится|бюджет
968|45|Фёдоров|Матвей|Михайлович|2005-05-01|7951 668022|+79300769301|fedorov.m45@edu.univ.ru|2024|учится|бюджет
969|45|Орлова|Марина|Максимовна|2006-01-19|6177 296575|+79474349302|orlova.m66@edu.univ.ru|2024|учится|бюджет
970|45|Лебедева|Мария|Сергеевна|2006-03-28|9730 732772|+79854185877|lebedeva.m88@edu.univ.ru|2024|учится|бюджет
971|45|Козлова|Екатерина|Ивановна|2005-04-24|4793 739964|+79952613690|kozlova.e93@edu.univ.ru|2024|учится|контракт
972|45|Семёнова|Ольга|Максимовна|2004-09-09|6924 461431|+79384120836|semenova.o60@edu.univ.ru|2024|отчислен|бюджет
973|45|Егорова|Анастасия|Михайловна|2006-11-27|3221 706837|+79759690081|egorova.a72@edu.univ.ru|2024|учится|бюджет
974|45|Попов|Арсений|Михайлович|2004-08-25|4125 958299|+79359710173|popov.a77@edu.univ.ru|2024|учится|бюджет
975|45|Андреева|Наталья|Александровна|2006-09-12|7611 689888|+79410806213|andreeva.n51@edu.univ.ru|2024|учится|контракт
976|45|Соколов|Александр|Дмитриевич|2004-02-27|9773 326517|+79517499192|sokolov.a85@edu.univ.ru|2024|учится|бюджет
977|45|Андреев|Арсений|Кириллович|2005-05-08|8651 293202|+79234536824|andreev.a79@edu.univ.ru|2024|учится|бюджет
978|45|Смирнов|Андрей|Алексеевич|2006-09-06|5622 264049|+79283948313|smirnov.a98@edu.univ.ru|2024|учится|контракт
979|45|Никитина|Ксения|Кирилловна|2007-04-06|2813 650851|+79669784313|nikitina.k68@edu.univ.ru|2024|учится|бюджет
980|45|Павлов|Егор|Сергеевич|2006-09-25|9272 618893|+79405821053|pavlov.e73@edu.univ.ru|2024|учится|бюджет
981|45|Макарова|Анна|Сергеевна|2004-09-18|5535 101245|+79386952972|makarova.a81@edu.univ.ru|2024|учится|бюджет
982|45|Петров|Иван|Максимович|2004-08-14|6920 850756|+79557398128|petrov.i85@edu.univ.ru|2024|учится|бюджет
983|45|Васильева|Дарья|Романовна|2007-12-10|3045 603089|+79156258058|vasileva.d94@edu.univ.ru|2024|учится|контракт
984|45|Петрова|Елизавета|Андреевна|2004-11-11|1158 680248|+79932619515|petrova.e64@edu.univ.ru|2024|учится|бюджет
985|45|Козлова|Дарья|Александровна|2005-09-01|7151 193072|+79886189746|kozlova.d50@edu.univ.ru|2024|учится|контракт
986|45|Орлова|Ольга|Романовна|2006-07-16|6116 349081|+79283059690|orlova.o84@edu.univ.ru|2024|учится|контракт
987|45|Смирнова|Дарья|Андреевна|2006-06-26|4957 659002|+79956615528|smirnova.d18@edu.univ.ru|2024|учится|бюджет
988|45|Орлова|Марина|Дмитриевна|2007-11-03|1231 492141|+79625023315|orlova.m89@edu.univ.ru|2024|учится|контракт
989|45|Петрова|Анастасия|Андреевна|2006-06-28|4355 510784|+79596088827|petrova.a81@edu.univ.ru|2024|учится|контракт
990|45|Степанов|Илья|Ильич|2006-10-16|8249 124195|+79748371164|stepanov.i14@edu.univ.ru|2024|учится|контракт
991|45|Лебедев|Егор|Дмитриевич|2006-01-07|2377 855697|+79385516112|lebedev.e65@edu.univ.ru|2024|учится|контракт
992|45|Степанов|Матвей|Андреевич|2006-03-03|4013 250308|+79826643070|stepanov.m66@edu.univ.ru|2024|учится|контракт
993|45|Волков|Денис|Максимович|2007-10-01|7598 978398|+79148982523|volkov.d34@edu.univ.ru|2024|учится|бюджет
994|45|Иванов|Никита|Михайлович|2007-03-01|3743 516485|+79712246586|ivanov.n40@edu.univ.ru|2024|учится|контракт
995|45|Михайлова|Татьяна|Михайловна|2005-05-20|3266 446980|+79057271528|mihaylova.t96@edu.univ.ru|2024|учится|бюджет
996|45|Орлова|Мария|Михайловна|2007-09-16|2482 362361|+79475665328|orlova.m23@edu.univ.ru|2024|учится|контракт
997|45|Степанова|Елизавета|Андреевна|2004-06-12|4226 750946|+79683957585|stepanova.e11@edu.univ.ru|2024|академ|бюджет
998|45|Иванова|Анна|Александровна|2004-07-11|9242 330350|+79811667919|ivanova.a30@edu.univ.ru|2024|учится|бюджет
999|45|Васильев|Никита|Сергеевич|2007-03-04|8950 348479|+79852917915|vasilev.n36@edu.univ.ru|2024|отчислен|бюджет
1000|45|Степанова|Мария|Дмитриевна|2004-10-13|7343 243418|+79461188469|stepanova.m29@edu.univ.ru|2024|учится|бюджет
1001|45|Фёдоров|Максим|Артёмович|2006-07-10|7639 257165|+79453283300|fedorov.m53@edu.univ.ru|2024|учится|бюджет
1002|46|Семёнов|Артём|Сергеевич|2006-05-28|4605 898961|+79515415042|semenov.a43@edu.univ.ru|2024|учится|бюджет
1003|46|Смирнов|Алексей|Максимович|2007-06-09|8533 981681|+79777295535|smirnov.a46@edu.univ.ru|2024|учится|контракт
1004|46|Смирнова|Марина|Ивановна|2006-01-27|4328 869629|+79125466766|smirnova.m47@edu.univ.ru|2024|учится|контракт
1005|46|Никитина|Ксения|Ильинична|2006-01-09|7380 138366|+79598468519|nikitina.k88@edu.univ.ru|2024|учится|бюджет
1006|46|Лебедева|Марина|Сергеевна|2004-09-12|8141 444817|+79884344031|lebedeva.m32@edu.univ.ru|2024|учится|бюджет
1007|46|Николаева|Марина|Ивановна|2006-05-14|6013 392330|+79439888123|nikolaeva.m32@edu.univ.ru|2024|отчислен|бюджет
1008|46|Смирнова|Ксения|Артёмовна|2007-11-10|8828 313695|+79858799371|smirnova.k91@edu.univ.ru|2024|учится|бюджет
1009|46|Макарова|Мария|Ивановна|2006-03-12|7120 127763|+79751978849|makarova.m69@edu.univ.ru|2024|учится|бюджет
1010|46|Орлова|Ольга|Максимовна|2004-09-14|6593 655982|+79638403233|orlova.o69@edu.univ.ru|2024|учится|бюджет
1011|46|Макарова|Полина|Ивановна|2006-11-23|6351 262118|+79372137550|makarova.p15@edu.univ.ru|2024|отчислен|контракт
1012|46|Иванова|Ольга|Сергеевна|2004-11-16|1927 932340|+79962412489|ivanova.o20@edu.univ.ru|2024|учится|контракт
1013|46|Егорова|Виктория|Андреевна|2004-03-23|2004 694136|+79423760964|egorova.v91@edu.univ.ru|2024|учится|бюджет
1014|46|Попов|Денис|Иванович|2006-04-24|1200 951174|+79185465647|popov.d85@edu.univ.ru|2024|учится|бюджет
1015|46|Егорова|Полина|Романовна|2005-03-21|6694 897276|+79389620451|egorova.p70@edu.univ.ru|2024|учится|бюджет
1016|46|Иванова|Екатерина|Александровна|2007-11-13|3012 723716|+79380422235|ivanova.e21@edu.univ.ru|2024|учится|бюджет
1017|46|Андреева|Елизавета|Дмитриевна|2004-12-05|3932 931521|+79128178011|andreeva.e13@edu.univ.ru|2024|учится|бюджет
1018|46|Михайлова|Марина|Алексеевна|2005-10-16|4711 867847|+79756228947|mihaylova.m17@edu.univ.ru|2024|учится|бюджет
1019|46|Фёдорова|София|Дмитриевна|2005-08-23|7592 992239|+79910088300|fedorova.s46@edu.univ.ru|2024|учится|бюджет
1020|46|Андреев|Роман|Ильич|2007-10-09|7605 762925|+79783189794|andreev.r72@edu.univ.ru|2024|учится|контракт
1021|46|Смирнов|Максим|Михайлович|2007-05-18|3470 747875|+79562580753|smirnov.m98@edu.univ.ru|2024|учится|бюджет
1022|46|Никитина|Татьяна|Андреевна|2004-03-07|5910 140553|+79589112686|nikitina.t80@edu.univ.ru|2024|учится|бюджет
1023|46|Алексеева|Ксения|Ильинична|2005-01-27|5160 599780|+79811150580|alekseeva.k72@edu.univ.ru|2024|учится|контракт
1024|46|Фёдорова|София|Кирилловна|2004-06-16|7900 853935|+79185481159|fedorova.s14@edu.univ.ru|2024|учится|бюджет
1025|46|Новикова|Полина|Михайловна|2007-06-16|8133 390674|+79237075438|novikova.p64@edu.univ.ru|2024|учится|бюджет
1026|46|Кузнецов|Арсений|Ильич|2007-03-23|6575 182275|+79910746528|kuznecov.a27@edu.univ.ru|2024|учится|бюджет
1027|46|Лебедев|Егор|Артёмович|2007-11-20|3517 475611|+79375077636|lebedev.e63@edu.univ.ru|2024|учится|контракт
1028|46|Морозов|Дмитрий|Сергеевич|2007-07-25|6198 148708|+79467066830|morozov.d76@edu.univ.ru|2024|учится|контракт
1029|46|Андреев|Андрей|Максимович|2006-12-09|7116 534322|+79705573495|andreev.a92@edu.univ.ru|2024|учится|бюджет
1030|46|Орлов|Дмитрий|Андреевич|2006-09-19|3602 633192|+79092710595|orlov.d13@edu.univ.ru|2024|академ|контракт
1031|46|Петров|Дмитрий|Андреевич|2007-12-16|1270 279459|+79189782966|petrov.d93@edu.univ.ru|2024|отчислен|контракт
1032|46|Соколов|Михаил|Александрович|2006-12-13|1372 997976|+79767554101|sokolov.m49@edu.univ.ru|2024|выпущен|контракт
1033|46|Михайлов|Дмитрий|Иванович|2007-12-08|4752 347036|+79442985753|mihaylov.d28@edu.univ.ru|2024|учится|бюджет
1034|46|Козлова|Екатерина|Артёмовна|2004-02-16|8882 688014|+79648858272|kozlova.e23@edu.univ.ru|2024|учится|бюджет
1035|46|Егоров|Роман|Михайлович|2006-09-02|2978 897982|+79038930581|egorov.r36@edu.univ.ru|2024|учится|бюджет
1036|46|Кузнецов|Александр|Кириллович|2006-05-15|8005 304430|+79143551862|kuznecov.a29@edu.univ.ru|2024|учится|контракт
1037|46|Петрова|Анастасия|Андреевна|2007-05-09|4458 484917|+79302524095|petrova.a61@edu.univ.ru|2024|учится|бюджет
1038|46|Орлов|Роман|Сергеевич|2004-01-28|1033 916993|+79530533066|orlov.r13@edu.univ.ru|2024|учится|бюджет
1039|46|Павлова|Татьяна|Андреевна|2007-10-15|6696 106456|+79069169673|pavlova.t38@edu.univ.ru|2024|учится|бюджет
1040|46|Новиков|Андрей|Дмитриевич|2006-06-27|9580 143532|+79928555357|novikov.a93@edu.univ.ru|2024|выпущен|контракт
1041|46|Козлов|Иван|Ильич|2006-06-01|8683 405219|+79805017411|kozlov.i92@edu.univ.ru|2024|учится|бюджет
1042|46|Фёдорова|Виктория|Дмитриевна|2004-01-05|7416 764750|+79841185237|fedorova.v67@edu.univ.ru|2024|учится|бюджет
1043|47|Орлова|Наталья|Ильинична|2005-04-08|3625 954549|+79844896811|orlova.n95@edu.univ.ru|2023|учится|контракт
1044|47|Николаева|София|Алексеевна|2005-08-06|5195 780856|+79556411374|nikolaeva.s84@edu.univ.ru|2023|учится|бюджет
1045|47|Петрова|Марина|Андреевна|2005-11-03|8768 901107|+79772137038|petrova.m13@edu.univ.ru|2023|учится|контракт
1046|47|Морозова|София|Алексеевна|2006-03-18|5126 817367|+79998821676|morozova.s59@edu.univ.ru|2023|учится|контракт
1047|47|Петров|Денис|Александрович|2003-11-10|1879 471590|+79901412372|petrov.d98@edu.univ.ru|2023|отчислен|контракт
1048|47|Николаев|Арсений|Кириллович|2006-02-02|1922 789890|+79978334099|nikolaev.a81@edu.univ.ru|2023|академ|бюджет
1049|47|Петрова|Дарья|Сергеевна|2003-12-27|8818 781503|+79209436578|petrova.d15@edu.univ.ru|2023|учится|бюджет
1050|47|Козлов|Александр|Сергеевич|2005-02-07|4198 624018|+79955302623|kozlov.a45@edu.univ.ru|2023|учится|бюджет
1051|47|Никитин|Кирилл|Ильич|2005-07-06|7566 529508|+79116917522|nikitin.k32@edu.univ.ru|2023|учится|бюджет
1052|47|Иванов|Кирилл|Максимович|2005-06-22|8527 879230|+79857035637|ivanov.k45@edu.univ.ru|2023|учится|бюджет
1053|47|Николаева|Марина|Алексеевна|2006-04-09|7089 641315|+79449914681|nikolaeva.m43@edu.univ.ru|2023|учится|бюджет
1054|47|Михайлов|Роман|Сергеевич|2004-02-13|3834 787499|+79051439850|mihaylov.r72@edu.univ.ru|2023|учится|бюджет
1055|47|Михайлова|Елизавета|Михайловна|2004-07-11|6080 992980|+79454607131|mihaylova.e68@edu.univ.ru|2023|учится|бюджет
1056|47|Попов|Максим|Максимович|2004-03-20|8432 670695|+79396977634|popov.m77@edu.univ.ru|2023|отчислен|контракт
1057|47|Лебедев|Матвей|Сергеевич|2003-02-15|9516 851387|+79544035530|lebedev.m72@edu.univ.ru|2023|отчислен|контракт
1058|47|Кузнецова|Алиса|Андреевна|2005-01-26|7820 298176|+79446238189|kuznecova.a20@edu.univ.ru|2023|учится|бюджет
1059|47|Андреев|Кирилл|Александрович|2006-04-24|5667 246546|+79019417932|andreev.k70@edu.univ.ru|2023|учится|контракт
1060|47|Кузнецова|Юлия|Андреевна|2005-05-19|4175 147509|+79681213372|kuznecova.y86@edu.univ.ru|2023|учится|бюджет
1061|47|Егоров|Роман|Ильич|2005-10-20|7063 367112|+79016095717|egorov.r55@edu.univ.ru|2023|учится|бюджет
1062|47|Попова|Марина|Дмитриевна|2003-02-21|1111 242309|+79412984245|popova.m29@edu.univ.ru|2023|учится|контракт
1063|47|Макаров|Сергей|Романович|2005-05-11|8473 421132|+79651527459|makarov.s79@edu.univ.ru|2023|учится|бюджет
1064|47|Никитина|Мария|Артёмовна|2003-06-17|3168 117942|+79615209037|nikitina.m80@edu.univ.ru|2023|учится|бюджет
1065|47|Егоров|Денис|Ильич|2004-12-19|3087 506955|+79654621271|egorov.d23@edu.univ.ru|2023|учится|контракт
1066|47|Волков|Сергей|Ильич|2003-05-28|6922 447021|+79067448693|volkov.s84@edu.univ.ru|2023|учится|бюджет
1067|47|Семёнова|Виктория|Ильинична|2004-04-25|3197 714142|+79776408075|semenova.v88@edu.univ.ru|2023|учится|бюджет
1068|47|Смирнова|Полина|Ивановна|2004-10-19|6105 411824|+79603192951|smirnova.p17@edu.univ.ru|2023|учится|контракт
1069|47|Лебедева|Екатерина|Кирилловна|2006-07-21|6327 485205|+79397220695|lebedeva.e40@edu.univ.ru|2023|учится|бюджет
1070|47|Попов|Кирилл|Артёмович|2003-09-04|3985 217135|+79087286885|popov.k56@edu.univ.ru|2023|учится|контракт
1071|47|Егоров|Андрей|Алексеевич|2006-11-02|9623 605729|+79071050860|egorov.a57@edu.univ.ru|2023|выпущен|бюджет
1072|47|Соколов|Дмитрий|Максимович|2006-12-18|7299 199106|+79298246463|sokolov.d49@edu.univ.ru|2023|учится|контракт
1073|47|Андреева|Екатерина|Алексеевна|2006-01-12|7128 275203|+79251985269|andreeva.e76@edu.univ.ru|2023|учится|бюджет
1074|47|Егорова|Анна|Алексеевна|2006-10-16|4483 314769|+79954459196|egorova.a88@edu.univ.ru|2023|учится|контракт
1075|47|Волкова|Полина|Михайловна|2003-08-15|8707 552360|+79434187064|volkova.p74@edu.univ.ru|2023|академ|бюджет
1076|48|Петрова|Алиса|Максимовна|2004-02-01|2911 570452|+79168882308|petrova.a31@edu.univ.ru|2023|учится|бюджет
1077|48|Попов|Роман|Иванович|2003-07-15|6487 263277|+79382984278|popov.r19@edu.univ.ru|2023|учится|бюджет
1078|48|Орлов|Егор|Романович|2004-11-25|6026 288600|+79544466407|orlov.e77@edu.univ.ru|2023|учится|контракт
1079|48|Николаева|Виктория|Алексеевна|2004-03-04|9684 203679|+79085325681|nikolaeva.v34@edu.univ.ru|2023|учится|контракт
1080|48|Андреев|Максим|Ильич|2004-12-12|4632 143186|+79641514372|andreev.m35@edu.univ.ru|2023|учится|бюджет
1081|48|Лебедева|Анна|Александровна|2005-08-03|1856 279734|+79474007579|lebedeva.a61@edu.univ.ru|2023|учится|контракт
1082|48|Орлова|Марина|Артёмовна|2003-10-07|9825 388195|+79530694480|orlova.m54@edu.univ.ru|2023|учится|контракт
1083|48|Павлова|Виктория|Артёмовна|2003-03-23|5866 116643|+79726054812|pavlova.v79@edu.univ.ru|2023|учится|контракт
1084|48|Макарова|Полина|Кирилловна|2006-06-22|2537 404814|+79048047961|makarova.p26@edu.univ.ru|2023|учится|контракт
1085|48|Лебедева|София|Алексеевна|2006-11-13|7839 528758|+79109017155|lebedeva.s10@edu.univ.ru|2023|учится|бюджет
1086|48|Михайлов|Михаил|Александрович|2005-12-24|8823 458216|+79928992077|mihaylov.m81@edu.univ.ru|2023|отчислен|бюджет
1087|48|Алексеев|Матвей|Максимович|2003-01-19|9169 731609|+79935161559|alekseev.m18@edu.univ.ru|2023|учится|контракт
1088|48|Козлова|Юлия|Артёмовна|2003-07-21|6635 312161|+79189657396|kozlova.y15@edu.univ.ru|2023|учится|бюджет
1089|48|Николаев|Артём|Сергеевич|2006-05-04|3115 450903|+79544595613|nikolaev.a15@edu.univ.ru|2023|учится|контракт
1090|48|Орлов|Алексей|Дмитриевич|2004-02-13|4842 159464|+79312694925|orlov.a11@edu.univ.ru|2023|академ|бюджет
1091|48|Лебедева|Полина|Александровна|2006-08-28|3305 579219|+79960299252|lebedeva.p57@edu.univ.ru|2023|учится|бюджет
1092|48|Егоров|Артём|Александрович|2004-02-15|7955 132108|+79300129419|egorov.a53@edu.univ.ru|2023|учится|контракт
1093|48|Андреев|Дмитрий|Иванович|2005-06-24|9230 674431|+79099235155|andreev.d50@edu.univ.ru|2023|учится|бюджет
1094|48|Николаева|Наталья|Романовна|2006-10-03|3963 591910|+79018264703|nikolaeva.n70@edu.univ.ru|2023|учится|бюджет
1095|48|Лебедева|Марина|Александровна|2006-05-27|7590 840508|+79939408587|lebedeva.m72@edu.univ.ru|2023|учится|бюджет
1096|48|Егорова|Анна|Дмитриевна|2004-02-15|3677 352835|+79347267557|egorova.a44@edu.univ.ru|2023|учится|бюджет
1097|48|Никитин|Максим|Романович|2004-12-15|3431 270869|+79991913034|nikitin.m37@edu.univ.ru|2023|учится|бюджет
1098|48|Орлов|Алексей|Сергеевич|2003-06-23|7490 405982|+79640051167|orlov.a27@edu.univ.ru|2023|учится|бюджет
1099|48|Никитин|Денис|Сергеевич|2004-05-20|2275 545289|+79110417880|nikitin.d24@edu.univ.ru|2023|учится|бюджет
1100|48|Соколова|Дарья|Ильинична|2005-01-12|1227 134655|+79692765545|sokolova.d75@edu.univ.ru|2023|учится|контракт
1101|48|Смирнов|Сергей|Кириллович|2006-12-06|4144 779065|+79551821267|smirnov.s45@edu.univ.ru|2023|учится|бюджет
1102|48|Макаров|Максим|Романович|2003-12-07|6571 217930|+79565634095|makarov.m61@edu.univ.ru|2023|учится|бюджет
1103|48|Петрова|Татьяна|Романовна|2005-01-16|7593 944212|+79970435620|petrova.t54@edu.univ.ru|2023|учится|контракт
1104|48|Волков|Дмитрий|Михайлович|2005-11-12|6705 216900|+79439879751|volkov.d73@edu.univ.ru|2023|академ|контракт
1105|48|Михайлова|Татьяна|Кирилловна|2005-05-05|2629 674769|+79119223291|mihaylova.t18@edu.univ.ru|2023|учится|контракт
1106|48|Егорова|Татьяна|Алексеевна|2006-04-10|7151 479355|+79627589899|egorova.t71@edu.univ.ru|2023|учится|бюджет
1107|48|Смирнов|Илья|Андреевич|2005-11-09|2464 829023|+79094886662|smirnov.i46@edu.univ.ru|2023|учится|бюджет
1108|48|Козлова|Виктория|Михайловна|2004-08-07|3585 365202|+79075589327|kozlova.v89@edu.univ.ru|2023|учится|контракт
1109|48|Фёдоров|Алексей|Ильич|2003-02-01|7289 137694|+79364681824|fedorov.a86@edu.univ.ru|2023|учится|бюджет
1110|49|Макаров|Роман|Александрович|2005-11-28|1228 889806|+79823977606|makarov.r45@edu.univ.ru|2023|учится|бюджет
1111|49|Волкова|Татьяна|Андреевна|2004-09-19|9990 499762|+79401910665|volkova.t35@edu.univ.ru|2023|учится|бюджет
1112|49|Макарова|Мария|Дмитриевна|2006-11-16|8001 692978|+79550452447|makarova.m23@edu.univ.ru|2023|учится|бюджет
1113|49|Васильева|Юлия|Андреевна|2005-12-10|4080 854015|+79099321774|vasileva.y98@edu.univ.ru|2023|учится|бюджет
1114|49|Иванов|Михаил|Сергеевич|2006-05-01|7473 190997|+79846705128|ivanov.m10@edu.univ.ru|2023|учится|бюджет
1115|49|Михайлов|Алексей|Максимович|2006-02-23|8794 410002|+79264039010|mihaylov.a11@edu.univ.ru|2023|учится|контракт
1116|49|Николаева|Юлия|Алексеевна|2006-01-18|6332 789809|+79060563597|nikolaeva.y82@edu.univ.ru|2023|учится|контракт
1117|49|Никитин|Дмитрий|Алексеевич|2003-01-25|9132 146010|+79480206021|nikitin.d25@edu.univ.ru|2023|учится|контракт
1118|49|Васильев|Денис|Алексеевич|2006-03-25|5346 187184|+79084471517|vasilev.d17@edu.univ.ru|2023|учится|контракт
1119|49|Иванова|Дарья|Дмитриевна|2004-06-22|1711 451498|+79732267851|ivanova.d82@edu.univ.ru|2023|учится|контракт
1120|49|Фёдорова|Ольга|Кирилловна|2003-02-21|9880 950273|+79328700803|fedorova.o90@edu.univ.ru|2023|учится|контракт
1121|49|Михайлова|Анастасия|Кирилловна|2006-06-05|8949 578083|+79373464099|mihaylova.a63@edu.univ.ru|2023|отчислен|бюджет
1122|49|Егоров|Кирилл|Сергеевич|2006-11-01|5755 406386|+79735962190|egorov.k55@edu.univ.ru|2023|учится|контракт
1123|49|Соколова|София|Романовна|2004-05-11|1090 590420|+79753254668|sokolova.s72@edu.univ.ru|2023|учится|бюджет
1124|49|Лебедева|Ксения|Ивановна|2006-11-02|5189 744725|+79590979782|lebedeva.k94@edu.univ.ru|2023|учится|бюджет
1125|49|Егорова|Елизавета|Сергеевна|2005-09-09|9917 387183|+79962667357|egorova.e42@edu.univ.ru|2023|учится|бюджет
1126|49|Орлова|Екатерина|Алексеевна|2006-04-19|4367 435715|+79160460796|orlova.e25@edu.univ.ru|2023|учится|бюджет
1127|49|Степанов|Егор|Артёмович|2006-02-21|1683 826778|+79220908107|stepanov.e28@edu.univ.ru|2023|учится|бюджет
1128|49|Козлов|Андрей|Андреевич|2003-02-28|2276 226646|+79333025890|kozlov.a32@edu.univ.ru|2023|учится|контракт
1129|49|Семёнов|Дмитрий|Михайлович|2004-05-01|6663 353229|+79679684915|semenov.d48@edu.univ.ru|2023|академ|бюджет
1130|49|Павлова|Алиса|Максимовна|2005-02-17|4587 345174|+79318610801|pavlova.a16@edu.univ.ru|2023|учится|контракт
1131|49|Алексеев|Сергей|Артёмович|2006-02-28|5511 570946|+79408001493|alekseev.s19@edu.univ.ru|2023|академ|бюджет
1132|49|Макаров|Кирилл|Кириллович|2006-11-21|6989 246548|+79346030239|makarov.k73@edu.univ.ru|2023|учится|контракт
1133|49|Семёнова|Полина|Артёмовна|2004-12-18|1646 426404|+79539679086|semenova.p52@edu.univ.ru|2023|отчислен|бюджет
1134|49|Семёнов|Михаил|Дмитриевич|2003-11-11|1838 192209|+79568460133|semenov.m98@edu.univ.ru|2023|учится|контракт
1135|49|Степанов|Дмитрий|Артёмович|2004-08-14|5338 288616|+79008009019|stepanov.d35@edu.univ.ru|2023|учится|контракт
1136|49|Макарова|Ксения|Михайловна|2004-05-02|5387 332816|+79100712566|makarova.k33@edu.univ.ru|2023|учится|бюджет
1137|49|Никитина|Ксения|Романовна|2003-01-21|3750 730409|+79697281717|nikitina.k76@edu.univ.ru|2023|учится|бюджет
1138|49|Николаева|Дарья|Артёмовна|2004-05-23|5487 934320|+79617522435|nikolaeva.d26@edu.univ.ru|2023|академ|бюджет
1139|49|Алексеева|Татьяна|Алексеевна|2006-12-21|6181 775498|+79968111555|alekseeva.t60@edu.univ.ru|2023|учится|контракт
1140|49|Никитин|Андрей|Кириллович|2003-03-18|1226 480491|+79337244322|nikitin.a17@edu.univ.ru|2023|учится|бюджет
1141|49|Кузнецов|Андрей|Михайлович|2004-05-24|4164 818850|+79990769552|kuznecov.a70@edu.univ.ru|2023|учится|контракт
1142|49|Морозова|Наталья|Ивановна|2005-06-22|4536 208652|+79952438884|morozova.n16@edu.univ.ru|2023|учится|бюджет
1143|49|Егоров|Кирилл|Андреевич|2004-08-15|7991 735961|+79019761822|egorov.k86@edu.univ.ru|2023|учится|контракт
1144|49|Николаев|Кирилл|Дмитриевич|2004-07-23|2055 306578|+79078020399|nikolaev.k33@edu.univ.ru|2023|учится|контракт
1145|49|Никитин|Сергей|Максимович|2006-08-03|1913 980559|+79780359463|nikitin.s75@edu.univ.ru|2023|учится|бюджет
1146|49|Волкова|Елизавета|Михайловна|2004-02-28|4129 649497|+79947967543|volkova.e58@edu.univ.ru|2023|учится|контракт
1147|50|Семёнова|Елизавета|Михайловна|2003-09-25|1002 857359|+79309343503|semenova.e70@edu.univ.ru|2023|учится|бюджет
1148|50|Лебедева|Виктория|Александровна|2005-06-23|5976 349682|+79724622718|lebedeva.v17@edu.univ.ru|2023|учится|контракт
1149|50|Новиков|Михаил|Кириллович|2006-10-24|5570 701337|+79855658519|novikov.m33@edu.univ.ru|2023|учится|контракт
1150|50|Соколова|Анна|Михайловна|2004-07-07|3235 834357|+79313843045|sokolova.a80@edu.univ.ru|2023|академ|контракт
1151|50|Егоров|Артём|Иванович|2003-09-09|7836 406464|+79084624671|egorov.a18@edu.univ.ru|2023|учится|бюджет
1152|50|Егорова|Татьяна|Андреевна|2003-04-10|5052 464493|+79866004582|egorova.t60@edu.univ.ru|2023|учится|бюджет
1153|50|Петрова|Виктория|Андреевна|2005-09-14|2425 681852|+79895384397|petrova.v59@edu.univ.ru|2023|учится|бюджет
1154|50|Степанов|Матвей|Ильич|2004-06-22|1313 259777|+79427248603|stepanov.m79@edu.univ.ru|2023|отчислен|бюджет
1155|50|Николаева|Анастасия|Максимовна|2005-10-13|7446 934507|+79138681891|nikolaeva.a89@edu.univ.ru|2023|учится|бюджет
1156|50|Андреев|Дмитрий|Александрович|2003-08-10|5975 652898|+79868387221|andreev.d74@edu.univ.ru|2023|учится|контракт
1157|50|Соколов|Алексей|Андреевич|2005-01-17|6413 253891|+79963757956|sokolov.a32@edu.univ.ru|2023|учится|бюджет
1158|50|Никитина|Марина|Сергеевна|2005-11-05|5465 598450|+79142710970|nikitina.m39@edu.univ.ru|2023|учится|бюджет
1159|50|Макаров|Егор|Ильич|2003-11-04|9970 535333|+79997199655|makarov.e38@edu.univ.ru|2023|учится|бюджет
1160|50|Андреев|Михаил|Сергеевич|2006-02-26|9710 180400|+79888510707|andreev.m31@edu.univ.ru|2023|академ|бюджет
1161|50|Новиков|Сергей|Дмитриевич|2005-08-01|8416 499054|+79644972521|novikov.s83@edu.univ.ru|2023|учится|бюджет
1162|50|Волков|Роман|Сергеевич|2004-09-11|4836 122995|+79080752274|volkov.r65@edu.univ.ru|2023|учится|бюджет
1163|50|Морозова|Ксения|Максимовна|2003-11-13|3170 786072|+79492181720|morozova.k49@edu.univ.ru|2023|учится|бюджет
1164|50|Васильев|Артём|Максимович|2003-09-24|5566 767305|+79912106851|vasilev.a23@edu.univ.ru|2023|учится|бюджет
1165|50|Андреева|Марина|Алексеевна|2006-11-04|4089 610646|+79155331163|andreeva.m55@edu.univ.ru|2023|учится|бюджет
1166|50|Козлов|Никита|Кириллович|2005-08-16|3564 700879|+79106023600|kozlov.n97@edu.univ.ru|2023|учится|контракт
1167|50|Кузнецов|Матвей|Ильич|2003-04-13|7929 946025|+79053949404|kuznecov.m31@edu.univ.ru|2023|учится|контракт
1168|50|Алексеева|Ксения|Дмитриевна|2006-10-11|1456 862805|+79616407187|alekseeva.k20@edu.univ.ru|2023|учится|бюджет
1169|50|Лебедев|Дмитрий|Максимович|2003-09-14|1502 430109|+79728071521|lebedev.d85@edu.univ.ru|2023|учится|контракт
1170|50|Алексеев|Михаил|Кириллович|2003-12-16|2907 175221|+79999767302|alekseev.m39@edu.univ.ru|2023|учится|бюджет
1171|50|Никитина|София|Ильинична|2005-09-27|8843 421635|+79341742357|nikitina.s70@edu.univ.ru|2023|учится|бюджет
1172|50|Смирнова|Виктория|Дмитриевна|2003-01-19|2828 620131|+79658394531|smirnova.v10@edu.univ.ru|2023|учится|контракт
1173|50|Семёнов|Кирилл|Иванович|2004-11-05|9392 572643|+79254989670|semenov.k35@edu.univ.ru|2023|учится|бюджет
1174|50|Михайлов|Егор|Кириллович|2003-10-03|5293 750853|+79905059283|mihaylov.e35@edu.univ.ru|2023|отчислен|бюджет
1175|50|Петрова|Ксения|Кирилловна|2003-06-13|6437 889082|+79940873434|petrova.k64@edu.univ.ru|2023|учится|бюджет
1176|50|Козлов|Роман|Александрович|2005-12-28|1742 250279|+79185461761|kozlov.r64@edu.univ.ru|2023|учится|бюджет
1177|50|Иванова|Ксения|Алексеевна|2004-11-01|7467 285106|+79295789657|ivanova.k86@edu.univ.ru|2023|учится|бюджет
1178|50|Алексеев|Сергей|Михайлович|2004-02-10|7617 353533|+79416839247|alekseev.s28@edu.univ.ru|2023|учится|бюджет
1179|50|Михайлова|Татьяна|Романовна|2006-06-12|3200 727361|+79614546512|mihaylova.t96@edu.univ.ru|2023|учится|контракт
1180|50|Николаева|Ольга|Михайловна|2004-04-03|1181 130861|+79168571435|nikolaeva.o93@edu.univ.ru|2023|учится|бюджет
1181|50|Павлова|Марина|Ивановна|2004-10-22|9731 901570|+79887888911|pavlova.m22@edu.univ.ru|2023|учится|бюджет
1182|50|Смирнова|Алиса|Ивановна|2004-07-07|5643 854105|+79294992710|smirnova.a97@edu.univ.ru|2023|отчислен|контракт
1183|50|Смирнов|Артём|Андреевич|2003-01-13|3296 512493|+79719973992|smirnov.a91@edu.univ.ru|2023|учится|контракт
1184|50|Новиков|Дмитрий|Александрович|2006-12-04|1296 195653|+79844372988|novikov.d31@edu.univ.ru|2023|учится|бюджет
1185|50|Семёнов|Андрей|Дмитриевич|2004-10-21|7839 920173|+79484894118|semenov.a20@edu.univ.ru|2023|учится|бюджет
1186|51|Петрова|Алиса|Александровна|2002-05-17|2651 781675|+79759878027|petrova.a47@edu.univ.ru|2022|учится|контракт
1187|51|Васильев|Андрей|Максимович|2005-01-07|4609 950589|+79502039110|vasilev.a21@edu.univ.ru|2022|учится|бюджет
1188|51|Лебедев|Максим|Романович|2003-02-04|6586 166195|+79871524569|lebedev.m93@edu.univ.ru|2022|учится|бюджет
1189|51|Козлов|Никита|Иванович|2002-10-16|9638 246233|+79884361869|kozlov.n98@edu.univ.ru|2022|учится|бюджет
1190|51|Лебедева|Екатерина|Ивановна|2002-05-11|8456 197690|+79093241846|lebedeva.e40@edu.univ.ru|2022|учится|бюджет
1191|51|Попова|Юлия|Дмитриевна|2003-08-01|6155 455313|+79441240160|popova.y62@edu.univ.ru|2022|учится|контракт
1192|51|Иванова|Ксения|Сергеевна|2003-07-24|8687 508586|+79759120249|ivanova.k79@edu.univ.ru|2022|учится|бюджет
1193|51|Михайлова|Ксения|Ивановна|2002-11-24|5598 484740|+79459649010|mihaylova.k19@edu.univ.ru|2022|учится|контракт
1194|51|Семёнов|Сергей|Максимович|2002-10-20|7465 775378|+79572570365|semenov.s89@edu.univ.ru|2022|учится|бюджет
1195|51|Степанова|Татьяна|Ильинична|2004-02-20|9530 466025|+79243393484|stepanova.t38@edu.univ.ru|2022|учится|контракт
1196|51|Соколов|Егор|Артёмович|2005-05-15|1347 212865|+79900661630|sokolov.e53@edu.univ.ru|2022|учится|бюджет
1197|51|Михайлова|Виктория|Ильинична|2003-03-09|8855 721277|+79327871845|mihaylova.v25@edu.univ.ru|2022|учится|контракт
1198|51|Макаров|Никита|Иванович|2005-07-02|6418 270170|+79602107857|makarov.n88@edu.univ.ru|2022|учится|бюджет
1199|51|Волков|Дмитрий|Сергеевич|2005-06-24|1227 634503|+79503410510|volkov.d23@edu.univ.ru|2022|отчислен|бюджет
1200|51|Андреева|Дарья|Алексеевна|2005-01-07|7114 571978|+79584468984|andreeva.d28@edu.univ.ru|2022|учится|бюджет
1201|51|Егорова|Дарья|Михайловна|2005-11-27|8929 768789|+79760860271|egorova.d91@edu.univ.ru|2022|учится|бюджет
1202|51|Николаев|Андрей|Максимович|2005-08-15|2437 227989|+79239712501|nikolaev.a65@edu.univ.ru|2022|отчислен|бюджет
1203|51|Козлова|Виктория|Романовна|2004-04-27|9586 387032|+79459342501|kozlova.v87@edu.univ.ru|2022|учится|контракт
1204|51|Павлов|Илья|Андреевич|2002-08-17|3924 482031|+79252521398|pavlov.i12@edu.univ.ru|2022|учится|бюджет
1205|51|Николаев|Александр|Александрович|2004-04-19|7390 176044|+79922619071|nikolaev.a74@edu.univ.ru|2022|учится|контракт
1206|51|Новикова|София|Александровна|2002-02-22|1793 389057|+79790733692|novikova.s82@edu.univ.ru|2022|учится|контракт
1207|51|Егоров|Матвей|Сергеевич|2004-09-03|2239 347041|+79898196649|egorov.m66@edu.univ.ru|2022|учится|контракт
1208|51|Попова|Ксения|Артёмовна|2003-10-27|9308 451256|+79953281268|popova.k14@edu.univ.ru|2022|учится|контракт
1209|51|Павлова|Анна|Дмитриевна|2002-10-17|9354 154719|+79260978945|pavlova.a44@edu.univ.ru|2022|учится|бюджет
1210|51|Соколов|Артём|Кириллович|2004-01-22|2424 242958|+79592106332|sokolov.a29@edu.univ.ru|2022|учится|бюджет
1211|51|Новикова|Екатерина|Андреевна|2002-03-21|3373 438145|+79846926556|novikova.e59@edu.univ.ru|2022|учится|бюджет
1212|51|Лебедев|Арсений|Кириллович|2002-03-13|2256 476932|+79524109265|lebedev.a98@edu.univ.ru|2022|учится|контракт
1213|51|Козлов|Иван|Сергеевич|2002-03-18|7130 582179|+79139647855|kozlov.i46@edu.univ.ru|2022|учится|бюджет
1214|51|Волков|Роман|Алексеевич|2002-03-18|4335 659153|+79250946179|volkov.r89@edu.univ.ru|2022|академ|контракт
1215|51|Новикова|Наталья|Сергеевна|2002-06-13|3979 144128|+79221196125|novikova.n99@edu.univ.ru|2022|учится|бюджет
1216|51|Попов|Арсений|Иванович|2004-07-18|4483 100876|+79973971486|popov.a18@edu.univ.ru|2022|учится|бюджет
1217|51|Семёнов|Михаил|Алексеевич|2004-02-23|3780 107575|+79156287812|semenov.m84@edu.univ.ru|2022|учится|контракт
1218|51|Новиков|Сергей|Михайлович|2004-07-25|3150 890068|+79123615310|novikov.s50@edu.univ.ru|2022|учится|бюджет
1219|51|Новикова|Анастасия|Сергеевна|2005-07-05|7157 334429|+79408798915|novikova.a14@edu.univ.ru|2022|учится|бюджет
1220|51|Волкова|София|Максимовна|2002-10-20|7845 448568|+79420975787|volkova.s97@edu.univ.ru|2022|учится|контракт
1221|51|Михайлова|Марина|Максимовна|2002-02-01|9445 386783|+79747113913|mihaylova.m32@edu.univ.ru|2022|отчислен|бюджет
1222|51|Павлова|Анна|Андреевна|2002-04-07|5605 503920|+79521456573|pavlova.a67@edu.univ.ru|2022|учится|бюджет
1223|51|Андреев|Алексей|Максимович|2004-05-06|5125 238477|+79869006885|andreev.a91@edu.univ.ru|2022|учится|контракт
1224|51|Павлов|Никита|Романович|2002-05-17|1188 592344|+79160136778|pavlov.n54@edu.univ.ru|2022|учится|бюджет
1225|51|Андреев|Михаил|Александрович|2003-02-05|2938 155712|+79611550046|andreev.m90@edu.univ.ru|2022|учится|контракт
1226|52|Степанов|Алексей|Максимович|2005-05-07|2633 117378|+79436305650|stepanov.a97@edu.univ.ru|2022|учится|бюджет
1227|52|Семёнов|Арсений|Михайлович|2005-06-03|6693 169834|+79550940449|semenov.a64@edu.univ.ru|2022|учится|бюджет
1228|52|Волкова|Ксения|Михайловна|2004-05-25|6168 918962|+79730171646|volkova.k37@edu.univ.ru|2022|учится|бюджет
1229|52|Павлова|Елизавета|Ильинична|2005-11-04|9216 390885|+79575551244|pavlova.e41@edu.univ.ru|2022|учится|контракт
1230|52|Новикова|Дарья|Ильинична|2004-02-18|6605 804898|+79349334416|novikova.d13@edu.univ.ru|2022|учится|бюджет
1231|52|Волкова|Ксения|Кирилловна|2002-09-17|3845 108119|+79624105828|volkova.k29@edu.univ.ru|2022|учится|бюджет
1232|52|Степанов|Алексей|Алексеевич|2002-02-25|3825 348958|+79857226413|stepanov.a60@edu.univ.ru|2022|учится|контракт
1233|52|Алексеева|Мария|Александровна|2003-09-26|9827 226534|+79716996660|alekseeva.m33@edu.univ.ru|2022|учится|бюджет
1234|52|Петров|Дмитрий|Алексеевич|2005-05-23|5081 147350|+79780596047|petrov.d81@edu.univ.ru|2022|учится|контракт
1235|52|Морозов|Роман|Кириллович|2003-10-11|4139 384518|+79964990991|morozov.r65@edu.univ.ru|2022|отчислен|контракт
1236|52|Козлова|Наталья|Андреевна|2002-09-19|7747 320105|+79369189480|kozlova.n92@edu.univ.ru|2022|отчислен|бюджет
1237|52|Николаева|Елизавета|Дмитриевна|2004-06-21|8461 364573|+79397372691|nikolaeva.e19@edu.univ.ru|2022|учится|бюджет
1238|52|Михайлов|Роман|Иванович|2003-11-08|8474 908273|+79674231006|mihaylov.r91@edu.univ.ru|2022|учится|бюджет
1239|52|Павлова|Ольга|Михайловна|2005-10-11|5694 409723|+79680121079|pavlova.o99@edu.univ.ru|2022|учится|бюджет
1240|52|Волкова|Дарья|Максимовна|2003-03-19|3344 161225|+79484973184|volkova.d73@edu.univ.ru|2022|учится|бюджет
1241|52|Степанова|Ольга|Кирилловна|2003-01-25|7249 741755|+79169684268|stepanova.o41@edu.univ.ru|2022|учится|бюджет
1242|52|Степанов|Кирилл|Дмитриевич|2005-04-10|9762 834192|+79084293092|stepanov.k34@edu.univ.ru|2022|учится|контракт
1243|52|Степанов|Максим|Иванович|2004-05-25|8165 257096|+79796106287|stepanov.m47@edu.univ.ru|2022|учится|бюджет
1244|52|Алексеев|Андрей|Ильич|2003-08-19|5389 927073|+79930347390|alekseev.a76@edu.univ.ru|2022|учится|бюджет
1245|52|Макарова|Полина|Сергеевна|2004-03-02|6262 668920|+79351608456|makarova.p95@edu.univ.ru|2022|учится|бюджет
1246|52|Павлова|Полина|Дмитриевна|2005-08-01|8246 937129|+79993745765|pavlova.p88@edu.univ.ru|2022|учится|контракт
1247|52|Смирнов|Максим|Кириллович|2004-01-19|4676 982278|+79657931221|smirnov.m81@edu.univ.ru|2022|учится|контракт
1248|52|Новикова|София|Кирилловна|2003-01-01|5563 995002|+79253654319|novikova.s40@edu.univ.ru|2022|учится|бюджет
1249|52|Новикова|Алиса|Михайловна|2004-07-10|4525 780095|+79794553705|novikova.a15@edu.univ.ru|2022|академ|контракт
1250|52|Алексеев|Роман|Александрович|2004-10-08|9986 282329|+79577780263|alekseev.r31@edu.univ.ru|2022|учится|бюджет
1251|52|Волкова|Марина|Сергеевна|2004-12-15|9324 988346|+79526694591|volkova.m34@edu.univ.ru|2022|учится|контракт
1252|52|Макаров|Денис|Сергеевич|2004-05-21|8810 766424|+79835503804|makarov.d74@edu.univ.ru|2022|учится|бюджет
1253|52|Макаров|Максим|Ильич|2002-02-26|7452 511329|+79379769179|makarov.m80@edu.univ.ru|2022|учится|бюджет
1254|52|Николаева|Ксения|Михайловна|2005-07-17|8473 225280|+79463190281|nikolaeva.k48@edu.univ.ru|2022|учится|бюджет
1255|52|Соколова|Виктория|Алексеевна|2002-09-10|3455 760570|+79701186672|sokolova.v12@edu.univ.ru|2022|учится|бюджет
1256|52|Павлов|Сергей|Максимович|2003-05-11|7829 422472|+79698296951|pavlov.s45@edu.univ.ru|2022|учится|бюджет
1257|52|Петрова|Мария|Михайловна|2004-08-07|7782 938779|+79888760782|petrova.m68@edu.univ.ru|2022|отчислен|контракт
1258|53|Орлова|Татьяна|Романовна|2003-10-22|4679 817872|+79073515011|orlova.t67@edu.univ.ru|2022|учится|бюджет
1259|53|Никитина|Полина|Артёмовна|2005-09-04|1081 339304|+79698496365|nikitina.p20@edu.univ.ru|2022|учится|контракт
1260|53|Смирнов|Матвей|Сергеевич|2004-12-05|8489 663687|+79931023328|smirnov.m70@edu.univ.ru|2022|учится|контракт
1261|53|Павлова|Юлия|Андреевна|2002-12-17|9040 955419|+79837228037|pavlova.y73@edu.univ.ru|2022|отчислен|контракт
1262|53|Андреева|Марина|Алексеевна|2005-02-16|3888 174493|+79311962469|andreeva.m94@edu.univ.ru|2022|учится|контракт
1263|53|Макаров|Александр|Иванович|2005-02-15|8763 353823|+79660245696|makarov.a27@edu.univ.ru|2022|учится|бюджет
1264|53|Егорова|Елизавета|Александровна|2002-06-09|1446 426395|+79849835480|egorova.e31@edu.univ.ru|2022|учится|бюджет
1265|53|Попова|Елизавета|Ивановна|2003-04-09|9791 992294|+79487109386|popova.e29@edu.univ.ru|2022|учится|бюджет
1266|53|Степанов|Артём|Романович|2004-02-21|4759 528362|+79997087616|stepanov.a87@edu.univ.ru|2022|учится|контракт
1267|53|Павлов|Илья|Кириллович|2005-01-02|9119 615899|+79955957800|pavlov.i86@edu.univ.ru|2022|учится|бюджет
1268|53|Николаева|Алиса|Кирилловна|2002-09-21|4342 283714|+79083714449|nikolaeva.a61@edu.univ.ru|2022|учится|контракт
1269|53|Орлов|Михаил|Кириллович|2005-10-06|2853 662205|+79397580140|orlov.m72@edu.univ.ru|2022|учится|контракт
1270|53|Смирнов|Илья|Андреевич|2002-09-22|9075 724756|+79121293637|smirnov.i58@edu.univ.ru|2022|учится|контракт
1271|53|Николаева|Татьяна|Ильинична|2002-12-08|5574 156515|+79221818041|nikolaeva.t66@edu.univ.ru|2022|учится|бюджет
1272|53|Новиков|Максим|Иванович|2002-06-18|3894 241229|+79909468863|novikov.m33@edu.univ.ru|2022|учится|бюджет
1273|53|Николаева|Дарья|Александровна|2003-12-27|5998 406775|+79162729507|nikolaeva.d63@edu.univ.ru|2022|учится|контракт
1274|53|Степанова|Марина|Андреевна|2005-03-22|4294 552702|+79597748100|stepanova.m10@edu.univ.ru|2022|учится|бюджет
1275|53|Иванова|Татьяна|Артёмовна|2003-11-19|8605 870922|+79748816935|ivanova.t99@edu.univ.ru|2022|учится|бюджет
1276|53|Новиков|Михаил|Ильич|2002-08-10|8293 548991|+79213633586|novikov.m82@edu.univ.ru|2022|учится|контракт
1277|53|Егоров|Роман|Максимович|2004-01-02|3021 815136|+79703328632|egorov.r49@edu.univ.ru|2022|учится|контракт
1278|53|Алексеев|Михаил|Михайлович|2002-09-22|7526 970972|+79972650448|alekseev.m57@edu.univ.ru|2022|учится|бюджет
1279|53|Макарова|Ольга|Артёмовна|2005-12-09|6637 742672|+79533130935|makarova.o68@edu.univ.ru|2022|учится|бюджет
1280|53|Соколов|Кирилл|Романович|2004-07-02|8902 866123|+79674530913|sokolov.k66@edu.univ.ru|2022|учится|бюджет
1281|53|Козлов|Иван|Кириллович|2003-08-27|6005 883176|+79381498455|kozlov.i65@edu.univ.ru|2022|учится|бюджет
1282|53|Лебедев|Дмитрий|Ильич|2005-04-18|9973 540228|+79795293476|lebedev.d33@edu.univ.ru|2022|учится|бюджет
1283|53|Новиков|Дмитрий|Алексеевич|2004-12-10|5150 287815|+79215076457|novikov.d76@edu.univ.ru|2022|учится|контракт
1284|53|Козлова|Ксения|Алексеевна|2004-04-23|3172 582914|+79197702802|kozlova.k73@edu.univ.ru|2022|учится|бюджет
1285|53|Степанов|Дмитрий|Михайлович|2002-03-08|8668 540193|+79489016123|stepanov.d12@edu.univ.ru|2022|учится|бюджет
1286|53|Новиков|Илья|Артёмович|2004-11-08|7068 269907|+79697330996|novikov.i17@edu.univ.ru|2022|учится|бюджет
1287|53|Новиков|Максим|Дмитриевич|2002-07-03|1939 596966|+79506391175|novikov.m19@edu.univ.ru|2022|учится|контракт
1288|63|Новиков|Алексей|Сергеевич|2007-01-05|9273 218142|+79031957859|novikov.a35@edu.univ.ru|2024|учится|контракт
1289|63|Васильева|Наталья|Кирилловна|2007-02-08|2142 351044|+79535528580|vasileva.n77@edu.univ.ru|2024|учится|бюджет
1290|63|Степанова|Екатерина|Романовна|2006-02-05|7479 527190|+79406684204|stepanova.e82@edu.univ.ru|2024|учится|бюджет
1291|63|Егорова|Екатерина|Михайловна|2005-09-15|7477 305655|+79125101752|egorova.e93@edu.univ.ru|2024|учится|бюджет
1292|63|Иванов|Арсений|Кириллович|2005-06-24|9093 328585|+79574619838|ivanov.a79@edu.univ.ru|2024|отчислен|бюджет
1293|63|Павлов|Роман|Сергеевич|2006-06-08|6131 815906|+79715922956|pavlov.r62@edu.univ.ru|2024|учится|бюджет
1294|63|Козлов|Кирилл|Иванович|2007-08-27|6349 729151|+79629744732|kozlov.k84@edu.univ.ru|2024|учится|контракт
1295|63|Новиков|Егор|Артёмович|2005-03-05|6729 882607|+79609710656|novikov.e87@edu.univ.ru|2024|учится|бюджет
1296|63|Попова|Марина|Михайловна|2006-08-28|3929 689133|+79088888150|popova.m14@edu.univ.ru|2024|учится|бюджет
1297|63|Лебедева|Наталья|Ивановна|2006-09-01|8021 474982|+79640812869|lebedeva.n66@edu.univ.ru|2024|учится|бюджет
1298|63|Семёнов|Матвей|Артёмович|2006-05-14|3145 663788|+79252091764|semenov.m79@edu.univ.ru|2024|учится|бюджет
1299|63|Попова|Ксения|Михайловна|2004-11-27|2748 815511|+79413903037|popova.k50@edu.univ.ru|2024|учится|контракт
1300|63|Морозов|Иван|Сергеевич|2005-10-21|6122 919692|+79301834049|morozov.i61@edu.univ.ru|2024|учится|контракт
1301|63|Новиков|Артём|Алексеевич|2006-05-21|7704 446207|+79402541825|novikov.a78@edu.univ.ru|2024|учится|бюджет
1302|63|Смирнов|Денис|Романович|2004-09-12|3879 319981|+79596561145|smirnov.d27@edu.univ.ru|2024|учится|контракт
1303|63|Морозова|Анна|Михайловна|2007-12-09|7818 243824|+79074200376|morozova.a17@edu.univ.ru|2024|учится|бюджет
1304|63|Макаров|Денис|Ильич|2007-12-18|5230 469931|+79734837790|makarov.d94@edu.univ.ru|2024|учится|контракт
1305|63|Васильева|Елизавета|Дмитриевна|2007-12-15|4679 215789|+79821973701|vasileva.e83@edu.univ.ru|2024|учится|контракт
1306|63|Орлов|Роман|Алексеевич|2007-11-11|6771 242209|+79970364598|orlov.r68@edu.univ.ru|2024|учится|контракт
1307|63|Павлова|София|Александровна|2007-05-05|5754 308141|+79490242537|pavlova.s52@edu.univ.ru|2024|учится|бюджет
1308|63|Егорова|Наталья|Артёмовна|2005-07-03|8544 535059|+79890508363|egorova.n66@edu.univ.ru|2024|учится|бюджет
1309|63|Алексеев|Егор|Романович|2006-08-17|8569 110863|+79333961208|alekseev.e44@edu.univ.ru|2024|отчислен|бюджет
1310|63|Морозова|София|Артёмовна|2007-11-17|4590 469933|+79962032175|morozova.s90@edu.univ.ru|2024|учится|контракт
1311|63|Николаева|Анастасия|Александровна|2004-07-08|7183 161332|+79622274100|nikolaeva.a89@edu.univ.ru|2024|учится|бюджет
1312|63|Васильев|Алексей|Андреевич|2005-02-05|9283 637716|+79661472667|vasilev.a91@edu.univ.ru|2024|учится|контракт
1313|63|Козлов|Сергей|Сергеевич|2005-12-02|9712 125891|+79265011333|kozlov.s62@edu.univ.ru|2024|учится|бюджет
1314|63|Кузнецов|Алексей|Максимович|2006-03-19|2550 817893|+79735468126|kuznecov.a62@edu.univ.ru|2024|отчислен|бюджет
1315|63|Соколова|Ольга|Дмитриевна|2006-03-26|8401 719128|+79657164256|sokolova.o69@edu.univ.ru|2024|отчислен|бюджет
1316|63|Орлова|Ксения|Алексеевна|2006-11-19|4635 265540|+79521375843|orlova.k95@edu.univ.ru|2024|учится|контракт
1317|63|Степанов|Денис|Ильич|2004-03-20|6189 574244|+79054617319|stepanov.d38@edu.univ.ru|2024|учится|бюджет
1318|63|Васильева|Мария|Романовна|2004-10-20|9583 225122|+79828250422|vasileva.m59@edu.univ.ru|2024|учится|контракт
1319|63|Андреева|Алиса|Александровна|2005-07-22|8583 811774|+79198290056|andreeva.a31@edu.univ.ru|2024|отчислен|бюджет
1320|63|Лебедев|Матвей|Романович|2005-07-21|7555 190078|+79948592480|lebedev.m55@edu.univ.ru|2024|отчислен|бюджет
1321|63|Новикова|София|Сергеевна|2006-07-24|1263 835605|+79430320259|novikova.s84@edu.univ.ru|2024|учится|контракт
1322|63|Орлов|Илья|Сергеевич|2005-01-02|6518 559597|+79394672003|orlov.i40@edu.univ.ru|2024|отчислен|бюджет
1323|63|Николаев|Максим|Иванович|2006-01-18|5963 854458|+79877524417|nikolaev.m67@edu.univ.ru|2024|учится|бюджет
1324|63|Степанов|Алексей|Кириллович|2006-06-18|6706 611623|+79917811149|stepanov.a47@edu.univ.ru|2024|учится|бюджет
1325|63|Попова|Алиса|Сергеевна|2007-08-24|6168 493711|+79709040774|popova.a48@edu.univ.ru|2024|учится|контракт
1326|63|Козлова|Марина|Романовна|2006-05-16|9085 279875|+79344580768|kozlova.m83@edu.univ.ru|2024|учится|бюджет
1327|63|Павлов|Андрей|Сергеевич|2007-10-28|5807 521900|+79466927134|pavlov.a86@edu.univ.ru|2024|учится|контракт
1328|64|Михайлова|Юлия|Алексеевна|2006-04-16|3294 330318|+79775639847|mihaylova.y48@edu.univ.ru|2025|учится|бюджет
1329|64|Морозова|Юлия|Алексеевна|2008-10-23|5350 125740|+79610030362|morozova.y63@edu.univ.ru|2025|отчислен|контракт
1330|64|Попова|Ксения|Сергеевна|2006-09-09|6907 324276|+79066156700|popova.k65@edu.univ.ru|2025|учится|бюджет
1331|64|Алексеев|Илья|Александрович|2007-02-07|7314 406798|+79438097671|alekseev.i97@edu.univ.ru|2025|учится|бюджет
1332|64|Павлова|Елизавета|Сергеевна|2005-10-13|8311 491667|+79613866776|pavlova.e11@edu.univ.ru|2025|академ|бюджет
1333|64|Николаева|Елизавета|Ильинична|2007-10-07|1282 842311|+79310436443|nikolaeva.e60@edu.univ.ru|2025|учится|контракт
1334|64|Егорова|Полина|Ильинична|2005-09-24|1479 229886|+79143926322|egorova.p89@edu.univ.ru|2025|учится|контракт
1335|64|Соколов|Максим|Кириллович|2007-02-23|1437 853253|+79927081962|sokolov.m45@edu.univ.ru|2025|учится|бюджет
1336|64|Николаев|Арсений|Артёмович|2006-10-07|3621 944373|+79770070237|nikolaev.a64@edu.univ.ru|2025|учится|контракт
1337|64|Лебедева|Ольга|Ивановна|2005-09-11|8693 827917|+79666443862|lebedeva.o80@edu.univ.ru|2025|учится|контракт
1338|64|Соколова|Алиса|Сергеевна|2007-04-11|6148 387923|+79343729265|sokolova.a93@edu.univ.ru|2025|учится|бюджет
1339|64|Новиков|Андрей|Максимович|2005-10-28|5256 516395|+79633356565|novikov.a58@edu.univ.ru|2025|учится|контракт
1340|64|Лебедева|Дарья|Максимовна|2008-08-24|5462 733289|+79648927947|lebedeva.d40@edu.univ.ru|2025|учится|контракт
1341|64|Попов|Кирилл|Иванович|2008-08-23|1045 604902|+79688887914|popov.k34@edu.univ.ru|2025|отчислен|бюджет
1342|64|Степанов|Арсений|Романович|2007-03-07|9605 361437|+79479587453|stepanov.a45@edu.univ.ru|2025|учится|контракт
1343|64|Павлова|Елизавета|Максимовна|2008-07-15|9254 271925|+79938633553|pavlova.e61@edu.univ.ru|2025|учится|контракт
1344|64|Соколова|Анна|Артёмовна|2005-03-04|3137 388743|+79117046526|sokolova.a88@edu.univ.ru|2025|учится|бюджет
1345|64|Волков|Матвей|Максимович|2008-04-14|5848 620340|+79257756407|volkov.m62@edu.univ.ru|2025|учится|бюджет
1346|64|Смирнова|Анна|Максимовна|2008-12-17|6541 944256|+79586561770|smirnova.a19@edu.univ.ru|2025|выпущен|контракт
1347|64|Степанова|Ксения|Алексеевна|2006-06-10|8054 204144|+79969406315|stepanova.k70@edu.univ.ru|2025|учится|бюджет
1348|64|Кузнецова|Анастасия|Максимовна|2007-03-17|4119 934273|+79078964878|kuznecova.a59@edu.univ.ru|2025|учится|бюджет
1349|64|Новиков|Никита|Ильич|2006-09-10|9988 364397|+79676681473|novikov.n68@edu.univ.ru|2025|учится|контракт
1350|64|Орлова|Ксения|Александровна|2006-06-25|5315 109812|+79699194819|orlova.k50@edu.univ.ru|2025|учится|бюджет
1351|64|Николаев|Максим|Сергеевич|2008-05-14|5627 161372|+79814407889|nikolaev.m11@edu.univ.ru|2025|учится|контракт
1352|64|Николаева|Ольга|Романовна|2006-09-09|5989 668453|+79696967824|nikolaeva.o50@edu.univ.ru|2025|учится|контракт
1353|64|Алексеев|Михаил|Артёмович|2007-09-23|5300 622551|+79102874665|alekseev.m88@edu.univ.ru|2025|учится|контракт
1354|64|Орлов|Роман|Михайлович|2008-08-02|5907 868983|+79380533664|orlov.r20@edu.univ.ru|2025|учится|контракт
1355|64|Макарова|Ольга|Романовна|2008-06-03|2873 657985|+79317701482|makarova.o10@edu.univ.ru|2025|учится|бюджет
1356|64|Васильева|София|Алексеевна|2007-12-10|9563 985123|+79384900471|vasileva.s45@edu.univ.ru|2025|учится|контракт
1357|64|Фёдорова|Екатерина|Михайловна|2007-04-13|8507 615844|+79914643133|fedorova.e62@edu.univ.ru|2025|учится|бюджет
1358|64|Соколова|Юлия|Максимовна|2005-11-11|3097 712034|+79386666607|sokolova.y39@edu.univ.ru|2025|учится|контракт
1359|64|Соколова|Наталья|Максимовна|2006-06-28|7688 640377|+79439965950|sokolova.n35@edu.univ.ru|2025|учится|контракт
1360|64|Козлов|Артём|Андреевич|2007-12-10|8851 564598|+79603236775|kozlov.a15@edu.univ.ru|2025|отчислен|бюджет
1361|64|Михайлова|Мария|Романовна|2008-11-19|7343 350125|+79809742492|mihaylova.m56@edu.univ.ru|2025|учится|контракт
1362|64|Николаев|Иван|Максимович|2005-12-23|8624 629826|+79266554184|nikolaev.i57@edu.univ.ru|2025|отчислен|бюджет
1363|65|Егоров|Денис|Романович|2007-05-07|2593 671195|+79454253472|egorov.d10@edu.univ.ru|2025|академ|бюджет
1364|65|Орлов|Андрей|Алексеевич|2007-04-21|3413 424522|+79683073189|orlov.a47@edu.univ.ru|2025|учится|бюджет
1365|65|Иванов|Сергей|Артёмович|2008-01-24|8938 895867|+79457527977|ivanov.s81@edu.univ.ru|2025|учится|бюджет
1366|65|Васильева|Ксения|Кирилловна|2007-12-04|1468 370907|+79051767856|vasileva.k77@edu.univ.ru|2025|учится|бюджет
1367|65|Иванова|Анна|Дмитриевна|2008-03-13|5042 764931|+79125565927|ivanova.a77@edu.univ.ru|2025|учится|бюджет
1368|65|Козлов|Александр|Дмитриевич|2006-12-02|5351 735913|+79855814420|kozlov.a95@edu.univ.ru|2025|учится|бюджет
1369|65|Волкова|Анна|Кирилловна|2008-05-21|3279 127968|+79885428413|volkova.a22@edu.univ.ru|2025|учится|контракт
1370|65|Морозова|Юлия|Максимовна|2007-05-16|1314 413804|+79251056415|morozova.y37@edu.univ.ru|2025|учится|бюджет
1371|65|Морозов|Андрей|Ильич|2008-03-08|4087 151329|+79727943991|morozov.a45@edu.univ.ru|2025|учится|бюджет
1372|65|Петрова|Наталья|Алексеевна|2007-09-14|7995 232858|+79119491967|petrova.n47@edu.univ.ru|2025|учится|бюджет
1373|65|Степанов|Андрей|Андреевич|2007-09-16|8660 401908|+79253660975|stepanov.a59@edu.univ.ru|2025|учится|контракт
1374|65|Николаев|Михаил|Романович|2006-09-28|1885 757530|+79447394146|nikolaev.m77@edu.univ.ru|2025|учится|бюджет
1375|65|Алексеев|Андрей|Михайлович|2005-07-08|7428 339422|+79114702063|alekseev.a63@edu.univ.ru|2025|учится|бюджет
1376|65|Андреева|София|Александровна|2007-10-17|2726 783094|+79635804913|andreeva.s70@edu.univ.ru|2025|учится|контракт
1377|65|Новиков|Роман|Артёмович|2005-03-12|9055 182698|+79180859225|novikov.r44@edu.univ.ru|2025|учится|контракт
1378|65|Павлов|Арсений|Сергеевич|2007-08-21|8800 403847|+79742653490|pavlov.a23@edu.univ.ru|2025|отчислен|бюджет
1379|65|Павлов|Иван|Ильич|2005-12-26|5836 592529|+79237229067|pavlov.i64@edu.univ.ru|2025|учится|контракт
1380|65|Лебедева|Ольга|Максимовна|2006-07-04|1818 120152|+79387403619|lebedeva.o38@edu.univ.ru|2025|учится|бюджет
1381|65|Егорова|Алиса|Сергеевна|2006-05-05|6974 324808|+79073491909|egorova.a10@edu.univ.ru|2025|академ|бюджет
1382|65|Соколов|Денис|Романович|2008-09-08|4545 914680|+79199862124|sokolov.d88@edu.univ.ru|2025|учится|контракт
1383|65|Павлов|Роман|Александрович|2008-05-14|8192 706359|+79016638031|pavlov.r42@edu.univ.ru|2025|учится|бюджет
1384|65|Петрова|Марина|Ивановна|2007-02-08|7846 709015|+79353654551|petrova.m99@edu.univ.ru|2025|выпущен|бюджет
1385|65|Петрова|Марина|Романовна|2006-11-19|9457 187079|+79448107455|petrova.m24@edu.univ.ru|2025|учится|бюджет
1386|65|Фёдорова|Алиса|Ивановна|2007-07-01|4604 299281|+79450919346|fedorova.a65@edu.univ.ru|2025|отчислен|контракт
1387|65|Макарова|Марина|Артёмовна|2005-12-12|1746 936442|+79924422731|makarova.m64@edu.univ.ru|2025|учится|бюджет
1388|65|Егоров|Алексей|Иванович|2008-07-18|6547 918180|+79764193172|egorov.a78@edu.univ.ru|2025|учится|бюджет
1389|65|Морозова|Полина|Сергеевна|2006-11-08|8830 571662|+79905111298|morozova.p54@edu.univ.ru|2025|учится|контракт
1390|65|Фёдорова|Ксения|Романовна|2007-05-14|4041 933123|+79542870874|fedorova.k35@edu.univ.ru|2025|учится|бюджет
1391|65|Семёнова|София|Алексеевна|2006-03-27|2345 981472|+79288968406|semenova.s19@edu.univ.ru|2025|учится|бюджет
1392|65|Иванова|София|Ильинична|2008-02-19|5841 798723|+79230454994|ivanova.s40@edu.univ.ru|2025|академ|бюджет
1393|65|Семёнова|София|Артёмовна|2007-01-09|8270 977358|+79109041340|semenova.s58@edu.univ.ru|2025|учится|бюджет
1394|65|Семёнов|Егор|Михайлович|2005-06-17|7861 401045|+79057355961|semenov.e88@edu.univ.ru|2025|отчислен|контракт
1395|65|Петров|Максим|Алексеевич|2005-11-06|8178 140597|+79968290174|petrov.m50@edu.univ.ru|2025|академ|контракт
1396|65|Павлов|Алексей|Максимович|2007-02-22|1176 377954|+79522889572|pavlov.a46@edu.univ.ru|2025|учится|контракт
1397|65|Фёдорова|Наталья|Романовна|2006-01-18|7632 603906|+79406984784|fedorova.n18@edu.univ.ru|2025|учится|бюджет
1398|65|Смирнова|Полина|Кирилловна|2005-10-20|3629 951107|+79404285056|smirnova.p74@edu.univ.ru|2025|учится|контракт
1399|65|Андреев|Роман|Алексеевич|2007-12-28|8000 778517|+79976910531|andreev.r72@edu.univ.ru|2025|учится|контракт
1400|66|Никитина|Полина|Максимовна|2006-10-20|8907 152248|+79223645605|nikitina.p39@edu.univ.ru|2025|учится|бюджет
1401|66|Морозов|Сергей|Кириллович|2005-07-17|1315 868375|+79829076870|morozov.s54@edu.univ.ru|2025|учится|бюджет
1402|66|Егорова|Ксения|Артёмовна|2006-06-21|2545 213502|+79509923910|egorova.k85@edu.univ.ru|2025|учится|бюджет
1403|66|Михайлов|Алексей|Иванович|2005-05-07|1109 840398|+79443354110|mihaylov.a85@edu.univ.ru|2025|учится|бюджет
1404|66|Орлов|Илья|Дмитриевич|2007-01-04|7692 812175|+79680404677|orlov.i27@edu.univ.ru|2025|учится|бюджет
1405|66|Егоров|Михаил|Дмитриевич|2007-09-07|4781 830551|+79317679259|egorov.m94@edu.univ.ru|2025|учится|контракт
1406|66|Васильев|Илья|Ильич|2008-09-15|6588 773683|+79553774336|vasilev.i11@edu.univ.ru|2025|учится|бюджет
1407|66|Семёнова|Марина|Ильинична|2007-09-28|5637 947511|+79067077257|semenova.m71@edu.univ.ru|2025|учится|бюджет
1408|66|Степанова|Виктория|Дмитриевна|2005-06-04|7737 356556|+79675078225|stepanova.v69@edu.univ.ru|2025|учится|бюджет
1409|66|Егоров|Егор|Артёмович|2007-07-16|5267 732733|+79091608321|egorov.e87@edu.univ.ru|2025|учится|контракт
1410|66|Новикова|София|Артёмовна|2008-12-21|1481 548608|+79345434257|novikova.s70@edu.univ.ru|2025|учится|контракт
1411|66|Петрова|Марина|Максимовна|2007-07-26|6894 538539|+79189935771|petrova.m95@edu.univ.ru|2025|учится|контракт
1412|66|Степанова|Алиса|Дмитриевна|2008-06-24|3103 428321|+79028605617|stepanova.a99@edu.univ.ru|2025|учится|бюджет
1413|66|Степанова|Алиса|Максимовна|2006-07-28|1367 997779|+79361764029|stepanova.a56@edu.univ.ru|2025|учится|бюджет
1414|66|Васильева|Полина|Ильинична|2008-02-03|1864 878339|+79829215928|vasileva.p88@edu.univ.ru|2025|учится|контракт
1415|66|Иванова|Анастасия|Андреевна|2005-02-17|4845 527618|+79170854537|ivanova.a24@edu.univ.ru|2025|учится|бюджет
1416|66|Иванов|Дмитрий|Дмитриевич|2006-01-22|5681 555303|+79561927028|ivanov.d85@edu.univ.ru|2025|отчислен|бюджет
1417|66|Васильев|Андрей|Иванович|2007-09-11|3796 303303|+79221835160|vasilev.a35@edu.univ.ru|2025|отчислен|контракт
1418|66|Егорова|Дарья|Дмитриевна|2005-01-21|8897 318427|+79350013611|egorova.d25@edu.univ.ru|2025|академ|бюджет
1419|66|Кузнецова|Дарья|Сергеевна|2005-06-10|3293 767190|+79153135985|kuznecova.d78@edu.univ.ru|2025|учится|бюджет
1420|66|Фёдорова|Полина|Алексеевна|2005-08-01|2253 563865|+79154785725|fedorova.p92@edu.univ.ru|2025|учится|бюджет
1421|66|Кузнецов|Егор|Алексеевич|2006-07-21|7224 389848|+79390804864|kuznecov.e95@edu.univ.ru|2025|учится|контракт
1422|66|Егорова|Мария|Сергеевна|2008-04-08|3916 486850|+79359187742|egorova.m19@edu.univ.ru|2025|учится|бюджет
1423|66|Степанов|Матвей|Сергеевич|2005-12-20|3163 254406|+79583016556|stepanov.m11@edu.univ.ru|2025|учится|бюджет
1424|66|Васильев|Иван|Алексеевич|2006-09-15|6929 493186|+79992384172|vasilev.i69@edu.univ.ru|2025|выпущен|бюджет
1425|66|Егоров|Дмитрий|Артёмович|2008-12-26|7173 333534|+79657503483|egorov.d36@edu.univ.ru|2025|учится|контракт
1426|66|Семёнов|Кирилл|Романович|2007-09-26|4253 698262|+79990042013|semenov.k97@edu.univ.ru|2025|учится|бюджет
1427|66|Михайлов|Алексей|Дмитриевич|2005-07-22|5478 274989|+79474291938|mihaylov.a26@edu.univ.ru|2025|учится|бюджет
1428|66|Семёнова|Ольга|Кирилловна|2005-08-09|3906 418629|+79067141942|semenova.o43@edu.univ.ru|2025|учится|бюджет
1429|66|Смирнов|Михаил|Кириллович|2007-12-20|3430 766778|+79600833610|smirnov.m47@edu.univ.ru|2025|учится|бюджет
1430|66|Соколова|Анастасия|Ильинична|2007-06-08|4227 611067|+79727388032|sokolova.a43@edu.univ.ru|2025|учится|бюджет
1431|66|Васильев|Алексей|Артёмович|2005-09-27|9264 444877|+79445813761|vasilev.a82@edu.univ.ru|2025|отчислен|бюджет
1432|66|Егорова|Виктория|Кирилловна|2006-11-03|8055 296740|+79732668654|egorova.v52@edu.univ.ru|2025|учится|контракт
1433|66|Смирнов|Андрей|Михайлович|2008-12-16|6567 839342|+79482687658|smirnov.a89@edu.univ.ru|2025|учится|бюджет
1434|66|Кузнецова|Алиса|Романовна|2005-11-10|4686 642499|+79961392944|kuznecova.a75@edu.univ.ru|2025|учится|контракт
1435|66|Николаев|Артём|Алексеевич|2006-06-15|1506 411052|+79827566243|nikolaev.a52@edu.univ.ru|2025|учится|контракт
1436|66|Степанов|Андрей|Александрович|2005-03-28|3485 694866|+79067118179|stepanov.a19@edu.univ.ru|2025|учится|бюджет
1437|66|Павлова|Мария|Ивановна|2006-01-18|1325 357496|+79860774436|pavlova.m45@edu.univ.ru|2025|учится|бюджет
1438|66|Михайлова|Ксения|Артёмовна|2008-10-14|6075 190994|+79866276594|mihaylova.k58@edu.univ.ru|2025|учится|бюджет
1439|66|Иванова|Алиса|Максимовна|2006-11-23|5315 281075|+79640638383|ivanova.a62@edu.univ.ru|2025|учится|бюджет
1440|66|Новикова|Полина|Ильинична|2007-10-16|2683 313951|+79214300363|novikova.p65@edu.univ.ru|2025|учится|бюджет
1441|67|Алексеева|Мария|Кирилловна|2007-02-16|2087 411722|+79617284970|alekseeva.m15@edu.univ.ru|2025|выпущен|контракт
1442|67|Лебедев|Матвей|Кириллович|2008-02-28|6195 111007|+79321922418|lebedev.m25@edu.univ.ru|2025|учится|контракт
1443|67|Кузнецова|Елизавета|Андреевна|2006-06-18|1823 679735|+79612927827|kuznecova.e28@edu.univ.ru|2025|учится|бюджет
1444|67|Алексеева|Елизавета|Дмитриевна|2008-11-13|3267 938206|+79982969099|alekseeva.e10@edu.univ.ru|2025|учится|бюджет
1445|67|Орлов|Артём|Сергеевич|2008-10-14|5417 987135|+79972501001|orlov.a10@edu.univ.ru|2025|учится|контракт
1446|67|Семёнова|Анна|Ильинична|2007-03-05|4888 565769|+79086832919|semenova.a35@edu.univ.ru|2025|учится|бюджет
1447|67|Орлов|Александр|Максимович|2005-05-01|3100 762489|+79710544679|orlov.a82@edu.univ.ru|2025|учится|бюджет
1448|67|Степанов|Андрей|Артёмович|2005-05-11|1081 309749|+79382736966|stepanov.a98@edu.univ.ru|2025|учится|контракт
1449|67|Смирнова|Наталья|Романовна|2005-08-12|6016 998810|+79378911834|smirnova.n17@edu.univ.ru|2025|учится|бюджет
1450|67|Степанова|Алиса|Ивановна|2006-01-27|5966 271095|+79299558822|stepanova.a69@edu.univ.ru|2025|учится|бюджет
1451|67|Никитин|Матвей|Кириллович|2008-12-22|7109 630328|+79420062051|nikitin.m22@edu.univ.ru|2025|учится|контракт
1452|67|Семёнов|Роман|Александрович|2005-02-03|9370 902449|+79995448499|semenov.r94@edu.univ.ru|2025|учится|контракт
1453|67|Иванов|Никита|Максимович|2006-08-08|7988 358393|+79024851025|ivanov.n87@edu.univ.ru|2025|учится|бюджет
1454|67|Павлова|Ксения|Сергеевна|2006-01-18|7180 358579|+79002727408|pavlova.k93@edu.univ.ru|2025|учится|контракт
1455|67|Павлов|Михаил|Александрович|2005-06-06|4131 669631|+79501099763|pavlov.m59@edu.univ.ru|2025|учится|бюджет
1456|67|Павлова|Алиса|Андреевна|2005-05-16|1730 840164|+79763323783|pavlova.a80@edu.univ.ru|2025|учится|бюджет
1457|67|Фёдорова|Анастасия|Дмитриевна|2007-09-01|9307 770708|+79739285443|fedorova.a36@edu.univ.ru|2025|учится|контракт
1458|67|Никитина|Мария|Кирилловна|2005-10-28|5965 465864|+79577795606|nikitina.m23@edu.univ.ru|2025|учится|бюджет
1459|67|Никитина|София|Алексеевна|2006-05-21|4743 213159|+79492955822|nikitina.s53@edu.univ.ru|2025|учится|бюджет
1460|67|Васильева|Екатерина|Алексеевна|2005-08-06|5623 215334|+79142882164|vasileva.e34@edu.univ.ru|2025|учится|бюджет
1461|67|Николаева|Виктория|Ильинична|2007-04-09|7210 749943|+79326224271|nikolaeva.v82@edu.univ.ru|2025|учится|контракт
1462|67|Смирнов|Кирилл|Сергеевич|2005-03-28|3175 498746|+79358970542|smirnov.k52@edu.univ.ru|2025|учится|контракт
1463|67|Соколова|Татьяна|Кирилловна|2007-03-07|9584 362478|+79838945014|sokolova.t61@edu.univ.ru|2025|учится|бюджет
1464|67|Егорова|Анастасия|Алексеевна|2005-02-15|8994 260658|+79740644946|egorova.a95@edu.univ.ru|2025|академ|бюджет
1465|67|Макарова|Марина|Кирилловна|2007-08-19|3037 154040|+79717435119|makarova.m16@edu.univ.ru|2025|учится|бюджет
1466|67|Николаев|Илья|Артёмович|2005-09-17|5098 472649|+79295084603|nikolaev.i48@edu.univ.ru|2025|учится|бюджет
1467|67|Иванов|Михаил|Михайлович|2005-05-04|9313 781177|+79125544078|ivanov.m42@edu.univ.ru|2025|учится|бюджет
1468|67|Николаев|Дмитрий|Максимович|2006-07-25|5116 824859|+79096518128|nikolaev.d76@edu.univ.ru|2025|отчислен|бюджет
1469|67|Васильев|Максим|Кириллович|2007-07-14|5186 512875|+79655372283|vasilev.m61@edu.univ.ru|2025|учится|контракт
1470|67|Новикова|Анна|Дмитриевна|2006-02-26|5123 500361|+79593461898|novikova.a89@edu.univ.ru|2025|отчислен|контракт
1471|67|Семёнов|Артём|Алексеевич|2008-03-11|4715 759251|+79841331999|semenov.a82@edu.univ.ru|2025|учится|бюджет
1472|67|Егорова|Марина|Максимовна|2008-10-18|6405 856974|+79556848152|egorova.m45@edu.univ.ru|2025|учится|бюджет
1473|67|Лебедев|Сергей|Максимович|2006-08-27|6541 803884|+79813648019|lebedev.s22@edu.univ.ru|2025|учится|бюджет
1474|67|Кузнецова|София|Ивановна|2006-07-18|8500 945665|+79600973713|kuznecova.s86@edu.univ.ru|2025|учится|контракт
1475|67|Семёнов|Никита|Иванович|2007-08-17|6124 284816|+79836826325|semenov.n99@edu.univ.ru|2025|учится|контракт
1476|67|Никитин|Роман|Дмитриевич|2006-09-16|9496 232549|+79531959868|nikitin.r72@edu.univ.ru|2025|учится|бюджет
1477|67|Фёдорова|Татьяна|Дмитриевна|2005-12-06|3569 342902|+79363280089|fedorova.t39@edu.univ.ru|2025|учится|бюджет
1478|68|Макаров|Дмитрий|Александрович|2007-07-07|8791 769666|+79683093613|makarov.d46@edu.univ.ru|2025|учится|бюджет
1479|68|Петров|Егор|Михайлович|2005-12-14|9174 356934|+79509338044|petrov.e79@edu.univ.ru|2025|учится|бюджет
1480|68|Волкова|Ксения|Ивановна|2007-09-13|9104 854578|+79131133118|volkova.k46@edu.univ.ru|2025|учится|бюджет
1481|68|Никитина|Мария|Сергеевна|2007-03-18|7647 185467|+79435584511|nikitina.m14@edu.univ.ru|2025|учится|контракт
1482|68|Кузнецова|Виктория|Романовна|2007-06-28|1510 286356|+79154230422|kuznecova.v60@edu.univ.ru|2025|учится|бюджет
1483|68|Семёнов|Денис|Алексеевич|2007-07-10|8258 843122|+79408225436|semenov.d39@edu.univ.ru|2025|выпущен|бюджет
1484|68|Никитина|Мария|Андреевна|2007-05-15|5705 488847|+79974481380|nikitina.m63@edu.univ.ru|2025|учится|контракт
1485|68|Кузнецова|Татьяна|Ивановна|2008-08-11|9563 189429|+79187711710|kuznecova.t48@edu.univ.ru|2025|учится|контракт
1486|68|Козлов|Илья|Максимович|2005-02-07|5979 677313|+79120198526|kozlov.i87@edu.univ.ru|2025|учится|бюджет
1487|68|Козлова|Юлия|Ильинична|2008-12-28|1343 226707|+79086291855|kozlova.y60@edu.univ.ru|2025|учится|бюджет
1488|68|Никитин|Егор|Кириллович|2007-04-18|8166 569542|+79238524910|nikitin.e56@edu.univ.ru|2025|академ|контракт
1489|68|Козлов|Сергей|Кириллович|2005-05-04|9929 688971|+79889066573|kozlov.s14@edu.univ.ru|2025|учится|контракт
1490|68|Васильев|Никита|Иванович|2008-03-27|5410 838868|+79993089728|vasilev.n82@edu.univ.ru|2025|учится|контракт
1491|68|Павлова|Анастасия|Сергеевна|2006-06-05|9394 889695|+79763742641|pavlova.a57@edu.univ.ru|2025|учится|контракт
1492|68|Козлова|Екатерина|Ивановна|2008-07-19|9921 387122|+79753959819|kozlova.e87@edu.univ.ru|2025|учится|контракт
1493|68|Лебедева|Виктория|Андреевна|2005-11-16|8789 731287|+79921614466|lebedeva.v84@edu.univ.ru|2025|учится|бюджет
1494|68|Иванова|Полина|Максимовна|2008-01-26|2859 121827|+79056365078|ivanova.p78@edu.univ.ru|2025|учится|бюджет
1495|68|Васильева|Татьяна|Кирилловна|2005-08-01|1366 148801|+79203595339|vasileva.t17@edu.univ.ru|2025|учится|контракт
1496|68|Алексеева|Виктория|Романовна|2008-02-21|3706 387891|+79902229143|alekseeva.v84@edu.univ.ru|2025|учится|бюджет
1497|68|Никитин|Андрей|Кириллович|2006-01-22|4049 536660|+79770967307|nikitin.a79@edu.univ.ru|2025|учится|бюджет
1498|68|Михайлов|Егор|Андреевич|2007-12-18|5701 876462|+79454007464|mihaylov.e48@edu.univ.ru|2025|учится|контракт
1499|68|Кузнецова|Елизавета|Максимовна|2007-06-07|9324 352321|+79159030203|kuznecova.e71@edu.univ.ru|2025|учится|контракт
1500|68|Семёнов|Андрей|Михайлович|2006-06-21|1640 271287|+79651983837|semenov.a50@edu.univ.ru|2025|учится|бюджет
1501|68|Иванова|София|Андреевна|2007-06-16|2445 476057|+79962187232|ivanova.s22@edu.univ.ru|2025|учится|бюджет
1502|68|Кузнецова|Анастасия|Ильинична|2007-12-25|4729 422230|+79113503856|kuznecova.a85@edu.univ.ru|2025|учится|бюджет
1503|68|Волкова|Марина|Андреевна|2005-06-07|2619 343694|+79027673972|volkova.m89@edu.univ.ru|2025|учится|бюджет
1504|68|Волков|Арсений|Дмитриевич|2008-05-13|3485 772707|+79563799615|volkov.a11@edu.univ.ru|2025|выпущен|бюджет
1505|68|Козлов|Андрей|Сергеевич|2005-08-18|5475 674116|+79661075646|kozlov.a29@edu.univ.ru|2025|учится|контракт
1506|68|Иванова|Наталья|Максимовна|2005-09-02|1924 981762|+79205124066|ivanova.n45@edu.univ.ru|2025|учится|бюджет
1507|68|Андреев|Андрей|Дмитриевич|2008-01-21|5902 417581|+79165479090|andreev.a14@edu.univ.ru|2025|учится|бюджет
1508|68|Михайлова|Мария|Кирилловна|2008-12-04|6978 464609|+79571681792|mihaylova.m79@edu.univ.ru|2025|учится|бюджет
1509|68|Смирнов|Матвей|Максимович|2006-10-19|9772 608471|+79413284955|smirnov.m73@edu.univ.ru|2025|учится|бюджет
1510|69|Фёдорова|Виктория|Алексеевна|2006-09-21|3866 929681|+79580073675|fedorova.v33@edu.univ.ru|2024|учится|контракт
1511|69|Андреев|Алексей|Дмитриевич|2005-02-13|9327 139495|+79837935121|andreev.a74@edu.univ.ru|2024|отчислен|контракт
1512|69|Морозова|Полина|Максимовна|2005-11-03|5669 504328|+79360338643|morozova.p47@edu.univ.ru|2024|учится|контракт
1513|69|Алексеева|Елизавета|Романовна|2006-07-17|7515 526057|+79853621603|alekseeva.e80@edu.univ.ru|2024|отчислен|контракт
1514|69|Никитин|Михаил|Алексеевич|2005-07-20|3374 874458|+79349540449|nikitin.m50@edu.univ.ru|2024|учится|контракт
1515|69|Михайлова|Мария|Артёмовна|2006-09-27|6632 600296|+79736868641|mihaylova.m76@edu.univ.ru|2024|учится|контракт
1516|69|Новиков|Сергей|Иванович|2004-03-18|5043 274207|+79872450428|novikov.s31@edu.univ.ru|2024|учится|бюджет
1517|69|Орлова|Юлия|Михайловна|2004-01-06|6047 266439|+79577737134|orlova.y51@edu.univ.ru|2024|учится|бюджет
1518|69|Попов|Дмитрий|Алексеевич|2007-12-13|1733 304098|+79153061454|popov.d18@edu.univ.ru|2024|учится|контракт
1519|69|Попов|Роман|Иванович|2005-06-24|4607 481066|+79168482631|popov.r47@edu.univ.ru|2024|академ|бюджет
1520|69|Михайлова|Дарья|Ильинична|2007-03-05|3471 724066|+79149914615|mihaylova.d74@edu.univ.ru|2024|учится|бюджет
1521|69|Степанова|Полина|Дмитриевна|2005-09-02|5129 113738|+79770715009|stepanova.p73@edu.univ.ru|2024|учится|бюджет
1522|69|Орлова|Полина|Ильинична|2004-12-27|4186 307028|+79315288682|orlova.p33@edu.univ.ru|2024|учится|контракт
1523|69|Морозова|Елизавета|Ивановна|2007-07-01|5489 795080|+79476877010|morozova.e29@edu.univ.ru|2024|отчислен|бюджет
1524|69|Новиков|Иван|Кириллович|2006-11-13|3148 188176|+79676372519|novikov.i84@edu.univ.ru|2024|учится|контракт
1525|69|Андреева|Мария|Александровна|2007-02-20|2391 296887|+79724522269|andreeva.m14@edu.univ.ru|2024|учится|контракт
1526|69|Михайлов|Денис|Михайлович|2005-08-02|2068 271508|+79719664735|mihaylov.d62@edu.univ.ru|2024|учится|контракт
1527|69|Макаров|Денис|Артёмович|2005-07-02|9433 604085|+79925922650|makarov.d55@edu.univ.ru|2024|учится|бюджет
1528|69|Смирнов|Максим|Иванович|2006-10-12|9774 135964|+79330146612|smirnov.m68@edu.univ.ru|2024|учится|контракт
1529|69|Волков|Максим|Александрович|2004-06-10|1565 325253|+79943669180|volkov.m86@edu.univ.ru|2024|учится|бюджет
1530|69|Павлова|Дарья|Андреевна|2007-04-09|5864 410685|+79193288788|pavlova.d25@edu.univ.ru|2024|учится|бюджет
1531|69|Андреева|Виктория|Артёмовна|2005-12-16|3920 431387|+79717750380|andreeva.v44@edu.univ.ru|2024|учится|контракт
1532|69|Алексеев|Максим|Александрович|2007-07-05|4061 219973|+79745930069|alekseev.m31@edu.univ.ru|2024|учится|бюджет
1533|69|Степанова|Марина|Дмитриевна|2007-10-03|3147 547675|+79669513208|stepanova.m28@edu.univ.ru|2024|академ|бюджет
1534|69|Петров|Максим|Александрович|2004-12-22|2341 245499|+79396516119|petrov.m58@edu.univ.ru|2024|академ|бюджет
1535|69|Павлова|Виктория|Андреевна|2004-04-25|3760 395748|+79483011313|pavlova.v87@edu.univ.ru|2024|учится|бюджет
1536|69|Попов|Сергей|Александрович|2004-02-12|4953 683716|+79731324838|popov.s44@edu.univ.ru|2024|учится|бюджет
1537|69|Николаева|Ксения|Максимовна|2007-11-03|4523 986517|+79673228510|nikolaeva.k61@edu.univ.ru|2024|учится|контракт
1538|69|Степанов|Илья|Максимович|2006-10-15|2104 377610|+79359676258|stepanov.i17@edu.univ.ru|2024|учится|контракт
1539|69|Петрова|Виктория|Александровна|2005-04-03|8799 526761|+79816078628|petrova.v26@edu.univ.ru|2024|учится|бюджет
1540|70|Петрова|Полина|Александровна|2005-03-15|4768 489425|+79515256502|petrova.p76@edu.univ.ru|2024|учится|контракт
1541|70|Семёнов|Илья|Максимович|2004-08-01|1115 812233|+79802922960|semenov.i16@edu.univ.ru|2024|учится|бюджет
1542|70|Алексеев|Алексей|Сергеевич|2004-12-01|6496 573671|+79693310292|alekseev.a95@edu.univ.ru|2024|учится|контракт
1543|70|Фёдорова|Полина|Максимовна|2007-07-11|8422 348413|+79967025847|fedorova.p37@edu.univ.ru|2024|академ|бюджет
1544|70|Никитин|Иван|Артёмович|2007-09-06|8562 696656|+79421418453|nikitin.i12@edu.univ.ru|2024|учится|бюджет
1545|70|Егоров|Арсений|Михайлович|2005-11-18|3428 776008|+79727083895|egorov.a60@edu.univ.ru|2024|учится|бюджет
1546|70|Новикова|Анастасия|Ильинична|2005-05-10|4174 817325|+79558593833|novikova.a66@edu.univ.ru|2024|учится|контракт
1547|70|Соколов|Денис|Михайлович|2004-06-20|8321 105714|+79756490945|sokolov.d85@edu.univ.ru|2024|учится|бюджет
1548|70|Волкова|Дарья|Алексеевна|2005-01-28|1946 435497|+79872662429|volkova.d33@edu.univ.ru|2024|учится|бюджет
1549|70|Павлова|Екатерина|Ивановна|2004-12-19|8363 543868|+79893457491|pavlova.e14@edu.univ.ru|2024|учится|контракт
1550|70|Никитин|Денис|Артёмович|2006-06-12|2034 726735|+79490401244|nikitin.d90@edu.univ.ru|2024|учится|бюджет
1551|70|Павлов|Алексей|Ильич|2007-08-23|4400 525436|+79360229960|pavlov.a30@edu.univ.ru|2024|учится|контракт
1552|70|Павлова|Татьяна|Сергеевна|2006-05-14|6098 751504|+79874321956|pavlova.t98@edu.univ.ru|2024|учится|бюджет
1553|70|Фёдорова|Марина|Сергеевна|2004-10-07|6001 595430|+79977347368|fedorova.m86@edu.univ.ru|2024|учится|бюджет
1554|70|Павлова|Татьяна|Алексеевна|2005-05-15|9330 558440|+79419807576|pavlova.t92@edu.univ.ru|2024|учится|бюджет
1555|70|Степанова|Юлия|Александровна|2007-03-10|8862 113355|+79162198229|stepanova.y30@edu.univ.ru|2024|учится|бюджет
1556|70|Смирнова|София|Андреевна|2006-06-25|7370 276034|+79268394847|smirnova.s38@edu.univ.ru|2024|учится|бюджет
1557|70|Смирнова|Елизавета|Ильинична|2007-07-19|2404 453112|+79569330729|smirnova.e66@edu.univ.ru|2024|учится|бюджет
1558|70|Николаев|Матвей|Алексеевич|2007-03-17|8376 191944|+79640167778|nikolaev.m61@edu.univ.ru|2024|учится|бюджет
1559|70|Павлов|Никита|Ильич|2004-12-22|4690 833794|+79152743408|pavlov.n91@edu.univ.ru|2024|учится|бюджет
1560|70|Андреева|Анна|Сергеевна|2004-05-21|4422 907923|+79951375818|andreeva.a53@edu.univ.ru|2024|отчислен|бюджет
1561|70|Михайлова|Анна|Ильинична|2004-11-25|2413 949794|+79463637416|mihaylova.a24@edu.univ.ru|2024|учится|бюджет
1562|70|Волков|Дмитрий|Ильич|2007-05-26|5646 531451|+79274577276|volkov.d61@edu.univ.ru|2024|учится|бюджет
1563|70|Николаев|Егор|Иванович|2007-09-15|2523 425986|+79985286576|nikolaev.e26@edu.univ.ru|2024|учится|бюджет
1564|70|Никитина|Мария|Алексеевна|2006-01-06|9247 927412|+79882597494|nikitina.m54@edu.univ.ru|2024|учится|бюджет
1565|70|Макарова|Марина|Ивановна|2007-10-04|6051 626864|+79480234758|makarova.m47@edu.univ.ru|2024|отчислен|контракт
1566|70|Михайлова|Полина|Алексеевна|2004-09-05|1681 193664|+79663156169|mihaylova.p14@edu.univ.ru|2024|учится|бюджет
1567|70|Волков|Алексей|Иванович|2005-10-24|8605 387267|+79021816289|volkov.a74@edu.univ.ru|2024|учится|бюджет
1568|70|Кузнецов|Матвей|Александрович|2006-02-05|7133 520567|+79505112165|kuznecov.m38@edu.univ.ru|2024|учится|бюджет
1569|70|Смирнова|Анастасия|Михайловна|2007-07-21|4066 203020|+79911583285|smirnova.a32@edu.univ.ru|2024|учится|бюджет
1570|70|Михайлова|Мария|Дмитриевна|2007-03-02|3910 952848|+79057921468|mihaylova.m72@edu.univ.ru|2024|учится|контракт
1571|70|Васильев|Иван|Дмитриевич|2005-12-03|1143 143965|+79469069945|vasilev.i33@edu.univ.ru|2024|учится|контракт
1572|70|Кузнецов|Александр|Михайлович|2005-09-02|5827 550685|+79680846444|kuznecov.a56@edu.univ.ru|2024|учится|бюджет
1573|70|Петрова|Анна|Алексеевна|2004-05-02|3580 298345|+79296328117|petrova.a86@edu.univ.ru|2024|учится|бюджет
1574|70|Макарова|Мария|Ильинична|2005-12-27|9262 795810|+79607366897|makarova.m29@edu.univ.ru|2024|учится|бюджет
1575|70|Степанова|Дарья|Артёмовна|2006-10-06|8948 964599|+79836128624|stepanova.d75@edu.univ.ru|2024|учится|контракт
1576|70|Семёнова|Татьяна|Романовна|2006-09-21|4901 203670|+79964449566|semenova.t32@edu.univ.ru|2024|учится|контракт
1577|70|Макарова|Анастасия|Алексеевна|2007-09-17|6537 595886|+79939834593|makarova.a66@edu.univ.ru|2024|учится|контракт
1578|71|Никитин|Арсений|Романович|2005-07-10|3232 480868|+79556371540|nikitin.a83@edu.univ.ru|2024|учится|бюджет
1579|71|Кузнецова|Ксения|Романовна|2006-05-10|4636 879836|+79666888444|kuznecova.k54@edu.univ.ru|2024|учится|бюджет
1580|71|Андреева|Алиса|Сергеевна|2007-10-26|4827 772021|+79411306137|andreeva.a99@edu.univ.ru|2024|учится|контракт
1581|71|Павлов|Алексей|Сергеевич|2006-01-16|7806 328052|+79229541053|pavlov.a36@edu.univ.ru|2024|учится|бюджет
1582|71|Алексеева|Ольга|Михайловна|2006-08-10|5548 146391|+79226096858|alekseeva.o24@edu.univ.ru|2024|учится|контракт
1583|71|Егоров|Иван|Ильич|2006-01-12|5714 713975|+79402911844|egorov.i97@edu.univ.ru|2024|учится|контракт
1584|71|Васильева|Анна|Романовна|2005-12-21|9407 192435|+79998905932|vasileva.a35@edu.univ.ru|2024|академ|бюджет
1585|71|Егоров|Александр|Кириллович|2007-03-03|4789 897229|+79676829873|egorov.a42@edu.univ.ru|2024|учится|бюджет
1586|71|Смирнов|Алексей|Ильич|2005-12-28|5523 382278|+79191383110|smirnov.a31@edu.univ.ru|2024|учится|бюджет
1587|71|Семёнов|Максим|Ильич|2004-05-02|4856 821390|+79911155736|semenov.m48@edu.univ.ru|2024|учится|бюджет
1588|71|Морозов|Арсений|Максимович|2007-06-18|2874 242521|+79453555504|morozov.a76@edu.univ.ru|2024|учится|бюджет
1589|71|Козлов|Кирилл|Михайлович|2007-02-19|3743 444773|+79001498118|kozlov.k41@edu.univ.ru|2024|академ|контракт
1590|71|Васильева|Ксения|Ильинична|2007-10-26|1091 607711|+79366987010|vasileva.k74@edu.univ.ru|2024|учится|бюджет
1591|71|Волков|Кирилл|Иванович|2005-01-20|8701 831099|+79293003193|volkov.k82@edu.univ.ru|2024|учится|контракт
1592|71|Макаров|Михаил|Александрович|2007-08-15|9977 299522|+79189209800|makarov.m74@edu.univ.ru|2024|учится|бюджет
1593|71|Петров|Илья|Кириллович|2007-11-22|6857 557313|+79038227040|petrov.i72@edu.univ.ru|2024|учится|бюджет
1594|71|Васильева|Алиса|Артёмовна|2005-11-09|4152 284213|+79496492293|vasileva.a60@edu.univ.ru|2024|отчислен|бюджет
1595|71|Николаева|София|Михайловна|2007-04-05|3653 223714|+79596571634|nikolaeva.s74@edu.univ.ru|2024|учится|бюджет
1596|71|Никитин|Андрей|Алексеевич|2004-06-04|2276 678147|+79689958009|nikitin.a23@edu.univ.ru|2024|учится|бюджет
1597|71|Попова|Дарья|Романовна|2005-04-01|4038 670270|+79442572263|popova.d53@edu.univ.ru|2024|учится|бюджет
1598|71|Морозов|Илья|Иванович|2004-09-10|1738 558020|+79740525775|morozov.i89@edu.univ.ru|2024|учится|контракт
1599|71|Кузнецов|Арсений|Михайлович|2007-06-21|6030 156977|+79386620102|kuznecov.a40@edu.univ.ru|2024|учится|контракт
1600|71|Алексеев|Роман|Алексеевич|2004-02-01|6761 597660|+79406354673|alekseev.r39@edu.univ.ru|2024|учится|бюджет
1601|71|Смирнова|Анастасия|Кирилловна|2005-06-03|2227 747965|+79205671017|smirnova.a73@edu.univ.ru|2024|учится|бюджет
1602|71|Орлова|Виктория|Максимовна|2004-02-09|2486 367351|+79301727275|orlova.v14@edu.univ.ru|2024|учится|бюджет
1603|71|Степанова|Ксения|Максимовна|2005-09-19|1238 670008|+79584415871|stepanova.k88@edu.univ.ru|2024|учится|бюджет
1604|71|Лебедева|Екатерина|Дмитриевна|2007-05-01|8593 939803|+79193876770|lebedeva.e67@edu.univ.ru|2024|учится|контракт
1605|71|Козлова|Анна|Ильинична|2004-05-03|2302 314575|+79502777138|kozlova.a81@edu.univ.ru|2024|отчислен|бюджет
1606|71|Никитин|Дмитрий|Алексеевич|2004-02-03|2190 132049|+79855409218|nikitin.d48@edu.univ.ru|2024|учится|контракт
1607|71|Алексеев|Егор|Иванович|2004-09-03|1460 794347|+79375977177|alekseev.e22@edu.univ.ru|2024|учится|бюджет
1608|71|Козлов|Андрей|Ильич|2006-08-03|9962 893515|+79345998654|kozlov.a43@edu.univ.ru|2024|учится|контракт
1609|71|Кузнецова|Полина|Ильинична|2006-03-28|9139 956489|+79664529925|kuznecova.p84@edu.univ.ru|2024|учится|бюджет
1610|71|Кузнецов|Кирилл|Ильич|2006-03-14|7864 807082|+79439777354|kuznecov.k99@edu.univ.ru|2024|учится|контракт
1611|71|Лебедев|Никита|Алексеевич|2006-03-17|8382 608446|+79348081146|lebedev.n74@edu.univ.ru|2024|учится|контракт
1612|71|Петрова|Дарья|Романовна|2005-09-27|9411 372096|+79924861600|petrova.d57@edu.univ.ru|2024|учится|контракт
1613|71|Новикова|Виктория|Кирилловна|2006-01-01|1588 820368|+79720303715|novikova.v93@edu.univ.ru|2024|учится|контракт
1614|71|Смирнова|Мария|Ивановна|2005-03-15|7384 824507|+79845802523|smirnova.m36@edu.univ.ru|2024|учится|контракт
1615|72|Никитин|Дмитрий|Романович|2005-12-08|8433 165508|+79791326363|nikitin.d47@edu.univ.ru|2024|учится|контракт
1616|72|Козлов|Денис|Андреевич|2005-11-25|3536 771555|+79133455465|kozlov.d59@edu.univ.ru|2024|учится|бюджет
1617|72|Попова|Ксения|Дмитриевна|2005-09-18|1427 849298|+79269670990|popova.k52@edu.univ.ru|2024|учится|контракт
1618|72|Степанова|Анастасия|Романовна|2006-12-17|4412 476557|+79751489981|stepanova.a71@edu.univ.ru|2024|академ|контракт
1619|72|Морозова|Анастасия|Артёмовна|2006-03-12|5595 294919|+79425032085|morozova.a23@edu.univ.ru|2024|учится|бюджет
1620|72|Алексеев|Дмитрий|Александрович|2006-10-28|3852 331489|+79997212713|alekseev.d47@edu.univ.ru|2024|учится|контракт
1621|72|Смирнова|Ксения|Максимовна|2004-10-05|7543 831110|+79063031167|smirnova.k85@edu.univ.ru|2024|учится|бюджет
1622|72|Петров|Кирилл|Михайлович|2006-02-21|8867 797366|+79964601004|petrov.k45@edu.univ.ru|2024|учится|бюджет
1623|72|Новиков|Кирилл|Романович|2004-04-08|5717 140074|+79899536443|novikov.k51@edu.univ.ru|2024|учится|бюджет
1624|72|Макарова|Виктория|Артёмовна|2005-11-16|7069 174052|+79906414947|makarova.v13@edu.univ.ru|2024|учится|контракт
1625|72|Соколова|София|Романовна|2006-08-21|1829 384939|+79688262002|sokolova.s45@edu.univ.ru|2024|учится|контракт
1626|72|Степанова|Алиса|Сергеевна|2005-05-14|3630 430043|+79595808636|stepanova.a49@edu.univ.ru|2024|учится|контракт
1627|72|Лебедев|Артём|Алексеевич|2006-08-27|1543 151680|+79831556716|lebedev.a87@edu.univ.ru|2024|выпущен|бюджет
1628|72|Степанов|Матвей|Романович|2007-04-06|7459 973918|+79045437870|stepanov.m11@edu.univ.ru|2024|академ|бюджет
1629|72|Андреев|Сергей|Ильич|2006-08-09|7592 487953|+79539607269|andreev.s28@edu.univ.ru|2024|учится|контракт
1630|72|Фёдоров|Михаил|Михайлович|2004-03-12|3764 845033|+79029605033|fedorov.m78@edu.univ.ru|2024|учится|контракт
1631|72|Иванов|Илья|Кириллович|2005-10-27|4476 241804|+79396198762|ivanov.i39@edu.univ.ru|2024|учится|бюджет
1632|72|Иванова|Елизавета|Алексеевна|2005-03-24|6127 544702|+79444678998|ivanova.e72@edu.univ.ru|2024|учится|контракт
1633|72|Орлова|Наталья|Романовна|2004-07-27|3257 432479|+79195545804|orlova.n32@edu.univ.ru|2024|учится|контракт
1634|72|Никитина|Наталья|Ильинична|2004-02-11|9338 269859|+79295636756|nikitina.n21@edu.univ.ru|2024|учится|бюджет
1635|72|Волкова|Юлия|Алексеевна|2004-04-24|2732 878672|+79594805250|volkova.y27@edu.univ.ru|2024|учится|контракт
1636|72|Фёдоров|Михаил|Кириллович|2004-10-23|6690 220871|+79929994815|fedorov.m59@edu.univ.ru|2024|учится|контракт
1637|72|Михайлова|София|Кирилловна|2006-10-27|3033 423308|+79562795467|mihaylova.s75@edu.univ.ru|2024|учится|бюджет
1638|72|Фёдоров|Артём|Дмитриевич|2005-07-01|3419 771041|+79443384048|fedorov.a15@edu.univ.ru|2024|отчислен|бюджет
1639|72|Попов|Дмитрий|Кириллович|2007-02-03|3524 274966|+79018553596|popov.d21@edu.univ.ru|2024|учится|контракт
1640|72|Иванова|Мария|Михайловна|2006-05-12|8504 668456|+79210136487|ivanova.m41@edu.univ.ru|2024|учится|бюджет
1641|72|Николаева|Ольга|Алексеевна|2005-07-07|1607 940550|+79138445183|nikolaeva.o82@edu.univ.ru|2024|академ|бюджет
1642|72|Фёдоров|Артём|Максимович|2006-07-10|5105 398504|+79795498280|fedorov.a30@edu.univ.ru|2024|учится|бюджет
1643|72|Иванова|Анастасия|Кирилловна|2004-03-02|4589 877108|+79380507308|ivanova.a65@edu.univ.ru|2024|учится|бюджет
1644|72|Никитин|Михаил|Андреевич|2007-01-18|8730 956100|+79415901014|nikitin.m32@edu.univ.ru|2024|учится|контракт
1645|72|Петров|Никита|Иванович|2004-11-16|2409 563221|+79716366653|petrov.n96@edu.univ.ru|2024|учится|бюджет
1646|72|Макарова|Ольга|Ильинична|2007-01-23|7042 492487|+79864065839|makarova.o56@edu.univ.ru|2024|отчислен|бюджет
1647|72|Степанов|Никита|Максимович|2007-10-03|6432 113956|+79553895456|stepanov.n33@edu.univ.ru|2024|учится|бюджет
1648|72|Лебедев|Иван|Андреевич|2004-05-26|6893 307019|+79444378350|lebedev.i10@edu.univ.ru|2024|учится|бюджет
1649|72|Фёдорова|Ольга|Романовна|2006-07-24|9810 497079|+79181542367|fedorova.o37@edu.univ.ru|2024|учится|контракт
1650|72|Семёнова|Татьяна|Ильинична|2005-06-28|1324 550221|+79601324939|semenova.t24@edu.univ.ru|2024|отчислен|бюджет
1651|72|Иванова|Анна|Дмитриевна|2004-01-04|9426 371235|+79568309175|ivanova.a55@edu.univ.ru|2024|учится|бюджет
1652|72|Лебедев|Андрей|Алексеевич|2005-09-06|8727 193116|+79823017449|lebedev.a29@edu.univ.ru|2024|учится|бюджет
1653|73|Васильева|Екатерина|Романовна|2006-09-21|4534 506477|+79811533003|vasileva.e47@edu.univ.ru|2023|отчислен|контракт
1654|73|Морозова|Полина|Максимовна|2004-12-02|3986 339185|+79742059340|morozova.p69@edu.univ.ru|2023|отчислен|контракт
1655|73|Фёдорова|София|Дмитриевна|2004-11-08|6990 356967|+79144240410|fedorova.s35@edu.univ.ru|2023|учится|бюджет
1656|73|Никитина|Ольга|Дмитриевна|2003-05-24|7906 439151|+79909578163|nikitina.o27@edu.univ.ru|2023|учится|контракт
1657|73|Андреева|Алиса|Михайловна|2003-01-28|6546 686266|+79629671562|andreeva.a48@edu.univ.ru|2023|учится|бюджет
1658|73|Лебедева|Ксения|Алексеевна|2005-10-18|5244 239665|+79750525367|lebedeva.k90@edu.univ.ru|2023|учится|контракт
1659|73|Орлова|Анна|Романовна|2006-05-23|5855 734398|+79452236983|orlova.a59@edu.univ.ru|2023|учится|контракт
1660|73|Орлова|Ольга|Артёмовна|2004-09-10|9796 541143|+79476121302|orlova.o56@edu.univ.ru|2023|отчислен|бюджет
1661|73|Попова|Ксения|Сергеевна|2004-01-06|4757 127568|+79127266396|popova.k61@edu.univ.ru|2023|учится|контракт
1662|73|Волкова|Виктория|Алексеевна|2005-09-05|8934 795186|+79681936190|volkova.v55@edu.univ.ru|2023|академ|бюджет
1663|73|Алексеева|Ксения|Максимовна|2003-04-06|6860 722543|+79646976152|alekseeva.k67@edu.univ.ru|2023|учится|контракт
1664|73|Николаева|Ольга|Сергеевна|2005-11-20|1444 944752|+79024298732|nikolaeva.o83@edu.univ.ru|2023|учится|бюджет
1665|73|Волкова|Дарья|Максимовна|2003-09-18|7515 596435|+79672612083|volkova.d75@edu.univ.ru|2023|учится|бюджет
1666|73|Смирнов|Артём|Андреевич|2003-08-09|5992 824880|+79488389937|smirnov.a62@edu.univ.ru|2023|учится|контракт
1667|73|Семёнов|Максим|Сергеевич|2005-07-21|3211 416147|+79834304668|semenov.m10@edu.univ.ru|2023|учится|контракт
1668|73|Попова|Дарья|Ильинична|2004-07-14|4114 827031|+79506180838|popova.d63@edu.univ.ru|2023|учится|контракт
1669|73|Новикова|Алиса|Максимовна|2003-07-11|9976 456988|+79304919890|novikova.a30@edu.univ.ru|2023|академ|бюджет
1670|73|Смирнова|Виктория|Александровна|2005-02-12|8570 333640|+79151890320|smirnova.v61@edu.univ.ru|2023|учится|бюджет
1671|73|Морозов|Сергей|Дмитриевич|2004-10-28|8284 367604|+79245793053|morozov.s88@edu.univ.ru|2023|учится|бюджет
1672|73|Кузнецова|Елизавета|Артёмовна|2005-02-17|7757 209557|+79257710379|kuznecova.e56@edu.univ.ru|2023|учится|контракт
1673|73|Васильев|Дмитрий|Александрович|2003-12-09|5650 757491|+79084882248|vasilev.d28@edu.univ.ru|2023|учится|бюджет
1674|73|Васильева|Ксения|Андреевна|2003-12-09|6174 624390|+79625348392|vasileva.k90@edu.univ.ru|2023|учится|бюджет
1675|73|Смирнов|Иван|Дмитриевич|2003-10-07|7204 385152|+79320899792|smirnov.i55@edu.univ.ru|2023|учится|бюджет
1676|73|Андреева|Алиса|Михайловна|2004-05-12|9996 716617|+79812114193|andreeva.a79@edu.univ.ru|2023|учится|бюджет
1677|73|Алексеева|Анна|Михайловна|2006-08-04|4086 125864|+79534629321|alekseeva.a14@edu.univ.ru|2023|отчислен|бюджет
1678|73|Михайлова|Марина|Артёмовна|2004-04-21|1389 527244|+79262227353|mihaylova.m69@edu.univ.ru|2023|учится|бюджет
1679|73|Семёнов|Иван|Михайлович|2003-05-12|6722 337664|+79463568097|semenov.i33@edu.univ.ru|2023|учится|контракт
1680|73|Петрова|Елизавета|Артёмовна|2004-11-04|1540 312932|+79046985969|petrova.e52@edu.univ.ru|2023|академ|бюджет
1681|73|Кузнецова|Ксения|Андреевна|2005-02-10|7080 877531|+79708066125|kuznecova.k97@edu.univ.ru|2023|академ|бюджет
1682|73|Соколов|Арсений|Сергеевич|2006-11-17|7108 213295|+79574530540|sokolov.a84@edu.univ.ru|2023|учится|контракт
1683|73|Николаева|Мария|Сергеевна|2006-11-02|4466 640643|+79232873992|nikolaeva.m90@edu.univ.ru|2023|учится|контракт
1684|73|Иванова|Татьяна|Дмитриевна|2006-08-14|6850 300330|+79381238598|ivanova.t14@edu.univ.ru|2023|учится|контракт
1685|73|Волков|Арсений|Ильич|2003-07-16|2465 464566|+79720171302|volkov.a34@edu.univ.ru|2023|учится|бюджет
1686|73|Михайлова|Дарья|Кирилловна|2003-06-15|9816 995680|+79847487739|mihaylova.d13@edu.univ.ru|2023|отчислен|контракт
1687|73|Соколова|Наталья|Дмитриевна|2004-06-10|2745 912300|+79434950671|sokolova.n51@edu.univ.ru|2023|учится|бюджет
1688|73|Волков|Арсений|Ильич|2004-07-15|1513 268725|+79006281638|volkov.a48@edu.univ.ru|2023|учится|бюджет
1689|74|Степанов|Илья|Кириллович|2005-06-02|6101 256300|+79618809347|stepanov.i98@edu.univ.ru|2023|учится|бюджет
1690|74|Соколова|Полина|Артёмовна|2005-07-18|5700 584031|+79743372270|sokolova.p93@edu.univ.ru|2023|учится|бюджет
1691|74|Орлова|Анастасия|Артёмовна|2006-01-17|2303 495079|+79141374648|orlova.a33@edu.univ.ru|2023|учится|бюджет
1692|74|Егоров|Михаил|Александрович|2004-05-02|1884 365992|+79186406708|egorov.m59@edu.univ.ru|2023|учится|бюджет
1693|74|Попова|София|Романовна|2003-03-23|8762 599099|+79589269735|popova.s73@edu.univ.ru|2023|учится|контракт
1694|74|Андреев|Михаил|Кириллович|2004-11-24|8814 566125|+79108275504|andreev.m68@edu.univ.ru|2023|учится|контракт
1695|74|Николаева|Ольга|Ивановна|2003-06-02|1809 440012|+79128377933|nikolaeva.o84@edu.univ.ru|2023|учится|бюджет
1696|74|Степанова|София|Ильинична|2005-08-03|2614 771470|+79218342180|stepanova.s53@edu.univ.ru|2023|учится|бюджет
1697|74|Михайлов|Кирилл|Дмитриевич|2004-06-03|4337 633897|+79768418960|mihaylov.k75@edu.univ.ru|2023|учится|бюджет
1698|74|Соколова|Екатерина|Михайловна|2004-10-05|5574 999212|+79572955575|sokolova.e43@edu.univ.ru|2023|учится|контракт
1699|74|Фёдорова|Дарья|Сергеевна|2005-06-16|4202 990054|+79651706659|fedorova.d65@edu.univ.ru|2023|учится|бюджет
1700|74|Соколов|Никита|Сергеевич|2006-04-23|2981 932278|+79393660234|sokolov.n31@edu.univ.ru|2023|учится|бюджет
1701|74|Степанов|Артём|Романович|2006-07-09|9606 781157|+79054244611|stepanov.a74@edu.univ.ru|2023|учится|бюджет
1702|74|Семёнов|Кирилл|Александрович|2004-11-16|3943 282435|+79457281789|semenov.k66@edu.univ.ru|2023|учится|контракт
1703|74|Алексеева|Елизавета|Артёмовна|2005-06-02|3345 422858|+79399271607|alekseeva.e10@edu.univ.ru|2023|учится|контракт
1704|74|Смирнова|Мария|Ильинична|2003-07-03|7002 274274|+79892263685|smirnova.m46@edu.univ.ru|2023|учится|бюджет
1705|74|Попов|Андрей|Сергеевич|2006-12-25|8591 392847|+79111044670|popov.a38@edu.univ.ru|2023|учится|бюджет
1706|74|Иванова|Юлия|Ильинична|2003-12-16|9680 320638|+79113788565|ivanova.y27@edu.univ.ru|2023|академ|бюджет
1707|74|Морозов|Михаил|Ильич|2004-05-25|6532 864763|+79927909345|morozov.m16@edu.univ.ru|2023|учится|контракт
1708|74|Морозова|Анна|Александровна|2006-07-03|2576 572567|+79209579432|morozova.a42@edu.univ.ru|2023|учится|контракт
1709|74|Морозова|Алиса|Кирилловна|2003-11-25|5336 580259|+79998319581|morozova.a92@edu.univ.ru|2023|учится|контракт
1710|74|Макарова|Виктория|Андреевна|2005-05-04|5864 541791|+79644792647|makarova.v29@edu.univ.ru|2023|учится|бюджет
1711|74|Морозова|Алиса|Алексеевна|2003-04-15|8401 971134|+79117850112|morozova.a18@edu.univ.ru|2023|учится|бюджет
1712|74|Васильева|Марина|Дмитриевна|2004-09-26|9250 347222|+79912782216|vasileva.m80@edu.univ.ru|2023|отчислен|бюджет
1713|74|Петров|Андрей|Ильич|2003-12-13|3004 400363|+79251421869|petrov.a91@edu.univ.ru|2023|учится|бюджет
1714|74|Егорова|Анастасия|Сергеевна|2005-12-10|7631 237312|+79866797607|egorova.a90@edu.univ.ru|2023|учится|контракт
1715|74|Орлов|Илья|Алексеевич|2005-01-10|2047 259226|+79917098895|orlov.i60@edu.univ.ru|2023|учится|бюджет
1716|74|Смирнов|Арсений|Артёмович|2006-09-02|6737 660662|+79496873978|smirnov.a52@edu.univ.ru|2023|учится|контракт
1717|74|Козлов|Кирилл|Иванович|2004-07-25|4816 108274|+79036428797|kozlov.k23@edu.univ.ru|2023|учится|бюджет
1718|74|Семёнова|Полина|Андреевна|2005-04-15|9789 963291|+79844426429|semenova.p90@edu.univ.ru|2023|учится|бюджет
1719|74|Фёдорова|Анастасия|Ильинична|2003-02-07|3179 860879|+79695793198|fedorova.a93@edu.univ.ru|2023|учится|бюджет
1720|74|Васильев|Матвей|Александрович|2006-04-02|1492 957513|+79553013956|vasilev.m31@edu.univ.ru|2023|учится|бюджет
1721|74|Макарова|Ольга|Артёмовна|2006-01-10|9673 664050|+79553847164|makarova.o82@edu.univ.ru|2023|учится|бюджет
1722|74|Соколова|Ксения|Андреевна|2003-03-01|2929 347195|+79618139845|sokolova.k23@edu.univ.ru|2023|учится|бюджет
1723|74|Козлова|Марина|Алексеевна|2006-10-18|4521 208167|+79340370287|kozlova.m86@edu.univ.ru|2023|учится|контракт
1724|74|Петров|Кирилл|Романович|2006-11-19|1399 481625|+79297745979|petrov.k37@edu.univ.ru|2023|учится|контракт
1725|74|Михайлова|Полина|Ильинична|2004-01-19|9578 423169|+79569075551|mihaylova.p67@edu.univ.ru|2023|учится|бюджет
1726|74|Макаров|Матвей|Дмитриевич|2004-08-21|4210 179692|+79393549925|makarov.m82@edu.univ.ru|2023|учится|бюджет
1727|74|Алексеев|Арсений|Максимович|2004-11-22|3506 168230|+79063969853|alekseev.a67@edu.univ.ru|2023|учится|бюджет
1728|74|Орлов|Максим|Дмитриевич|2006-10-02|9359 146531|+79641658119|orlov.m96@edu.univ.ru|2023|учится|контракт
1729|75|Макаров|Никита|Андреевич|2005-04-04|3904 640035|+79086322322|makarov.n99@edu.univ.ru|2023|учится|бюджет
1730|75|Петров|Андрей|Кириллович|2006-01-13|5044 872882|+79540099519|petrov.a34@edu.univ.ru|2023|учится|бюджет
1731|75|Соколов|Арсений|Андреевич|2003-02-08|3323 738900|+79975628969|sokolov.a84@edu.univ.ru|2023|учится|бюджет
1732|75|Петров|Никита|Дмитриевич|2004-04-08|8950 459175|+79330468824|petrov.n78@edu.univ.ru|2023|учится|бюджет
1733|75|Михайлова|Мария|Андреевна|2005-10-09|4029 609764|+79943380638|mihaylova.m25@edu.univ.ru|2023|учится|контракт
1734|75|Николаева|Татьяна|Артёмовна|2003-08-14|6514 182194|+79529582919|nikolaeva.t15@edu.univ.ru|2023|учится|бюджет
1735|75|Иванова|Марина|Кирилловна|2005-08-21|4810 138869|+79859558292|ivanova.m12@edu.univ.ru|2023|академ|бюджет
1736|75|Макарова|Ксения|Кирилловна|2004-11-09|7077 863786|+79017506382|makarova.k55@edu.univ.ru|2023|отчислен|бюджет
1737|75|Семёнова|Марина|Ильинична|2005-09-26|4150 518066|+79411058150|semenova.m53@edu.univ.ru|2023|учится|контракт
1738|75|Соколов|Роман|Александрович|2006-02-02|8420 422013|+79313941492|sokolov.r20@edu.univ.ru|2023|учится|бюджет
1739|75|Никитин|Максим|Андреевич|2004-05-15|6079 449363|+79497071979|nikitin.m40@edu.univ.ru|2023|учится|бюджет
1740|75|Михайлов|Никита|Артёмович|2004-09-26|1326 838534|+79142716992|mihaylov.n24@edu.univ.ru|2023|учится|контракт
1741|75|Никитина|София|Артёмовна|2003-03-03|1385 341128|+79893682851|nikitina.s26@edu.univ.ru|2023|учится|бюджет
1742|75|Егорова|Елизавета|Андреевна|2005-05-09|2431 939742|+79020088386|egorova.e34@edu.univ.ru|2023|учится|контракт
1743|75|Смирнов|Андрей|Сергеевич|2004-10-09|9279 970664|+79926751148|smirnov.a62@edu.univ.ru|2023|учится|бюджет
1744|75|Соколова|Екатерина|Дмитриевна|2004-03-10|5574 862471|+79748264085|sokolova.e37@edu.univ.ru|2023|учится|бюджет
1745|75|Павлова|Дарья|Алексеевна|2005-09-14|9212 614910|+79400284557|pavlova.d33@edu.univ.ru|2023|учится|бюджет
1746|75|Волков|Кирилл|Ильич|2003-07-04|4500 955458|+79716709376|volkov.k67@edu.univ.ru|2023|выпущен|контракт
1747|75|Макарова|Мария|Ивановна|2003-09-09|6461 487459|+79687238602|makarova.m14@edu.univ.ru|2023|учится|бюджет
1748|75|Соколова|Анастасия|Ивановна|2004-09-14|8495 302172|+79386232260|sokolova.a51@edu.univ.ru|2023|учится|контракт
1749|75|Иванова|Алиса|Максимовна|2003-08-10|6239 217034|+79643114374|ivanova.a26@edu.univ.ru|2023|академ|бюджет
1750|75|Лебедев|Матвей|Кириллович|2005-08-03|2523 669825|+79667060350|lebedev.m10@edu.univ.ru|2023|учится|бюджет
1751|75|Андреев|Андрей|Артёмович|2003-01-11|6275 511667|+79329806223|andreev.a86@edu.univ.ru|2023|учится|бюджет
1752|75|Кузнецов|Александр|Кириллович|2004-11-23|8047 858393|+79579576468|kuznecov.a61@edu.univ.ru|2023|учится|бюджет
1753|75|Козлов|Алексей|Максимович|2003-06-14|6364 325687|+79955501383|kozlov.a57@edu.univ.ru|2023|учится|бюджет
1754|75|Васильева|Елизавета|Артёмовна|2006-04-18|5863 444526|+79111083769|vasileva.e38@edu.univ.ru|2023|учится|бюджет
1755|75|Соколова|Ксения|Андреевна|2005-10-26|2835 731913|+79377408220|sokolova.k63@edu.univ.ru|2023|учится|контракт
1756|75|Макарова|Марина|Алексеевна|2005-06-10|7542 924133|+79234115458|makarova.m18@edu.univ.ru|2023|учится|бюджет
1757|75|Козлов|Максим|Артёмович|2004-05-10|7225 281123|+79656330732|kozlov.m87@edu.univ.ru|2023|учится|бюджет
1758|75|Волков|Дмитрий|Алексеевич|2006-10-28|1284 151201|+79661809867|volkov.d91@edu.univ.ru|2023|учится|бюджет
1759|75|Семёнов|Илья|Алексеевич|2003-02-21|3531 733623|+79581145519|semenov.i25@edu.univ.ru|2023|учится|контракт
1760|75|Петров|Денис|Александрович|2005-06-02|3709 186878|+79755403646|petrov.d19@edu.univ.ru|2023|учится|контракт
1761|75|Соколов|Кирилл|Александрович|2004-11-26|8656 148297|+79375612560|sokolov.k49@edu.univ.ru|2023|учится|контракт
1762|75|Степанова|Анастасия|Артёмовна|2004-12-24|4072 767488|+79395648740|stepanova.a81@edu.univ.ru|2023|учится|бюджет
1763|75|Андреева|Ксения|Романовна|2006-05-10|6504 188229|+79084672388|andreeva.k93@edu.univ.ru|2023|учится|контракт
1764|75|Кузнецова|Марина|Михайловна|2004-08-22|5281 379148|+79772266418|kuznecova.m30@edu.univ.ru|2023|учится|бюджет
1765|75|Попова|Марина|Алексеевна|2006-08-15|7226 782645|+79256650757|popova.m46@edu.univ.ru|2023|учится|контракт
1766|75|Иванова|Ксения|Ивановна|2004-10-04|2651 420063|+79037921808|ivanova.k76@edu.univ.ru|2023|отчислен|бюджет
1767|76|Волков|Максим|Артёмович|2004-03-28|6679 416151|+79150229467|volkov.m73@edu.univ.ru|2023|учится|контракт
1768|76|Лебедев|Андрей|Александрович|2003-07-01|2388 512673|+79038544075|lebedev.a10@edu.univ.ru|2023|учится|бюджет
1769|76|Егорова|Наталья|Артёмовна|2003-01-10|9905 306698|+79216985295|egorova.n43@edu.univ.ru|2023|учится|контракт
1770|76|Андреева|Дарья|Ильинична|2006-08-07|5760 395992|+79076622713|andreeva.d43@edu.univ.ru|2023|учится|контракт
1771|76|Михайлова|Ольга|Артёмовна|2003-02-05|7733 327829|+79526390903|mihaylova.o10@edu.univ.ru|2023|учится|бюджет
1772|76|Михайлов|Михаил|Сергеевич|2004-10-19|3760 452623|+79778720921|mihaylov.m97@edu.univ.ru|2023|учится|бюджет
1773|76|Фёдорова|Ксения|Артёмовна|2005-07-16|7211 773113|+79460319340|fedorova.k50@edu.univ.ru|2023|учится|бюджет
1774|76|Волкова|Ольга|Романовна|2006-11-19|6669 965064|+79574978880|volkova.o17@edu.univ.ru|2023|учится|бюджет
1775|76|Степанов|Иван|Александрович|2004-11-01|6614 554735|+79887343405|stepanov.i82@edu.univ.ru|2023|учится|бюджет
1776|76|Попова|Наталья|Кирилловна|2006-02-07|6906 623298|+79408507477|popova.n25@edu.univ.ru|2023|учится|контракт
1777|76|Смирнова|Виктория|Сергеевна|2004-03-27|7522 275521|+79658819330|smirnova.v54@edu.univ.ru|2023|учится|бюджет
1778|76|Васильева|Ксения|Ильинична|2006-03-03|5606 465500|+79224244016|vasileva.k98@edu.univ.ru|2023|отчислен|контракт
1779|76|Васильев|Матвей|Романович|2003-03-06|5204 137763|+79720908330|vasilev.m64@edu.univ.ru|2023|учится|бюджет
1780|76|Попова|Анастасия|Сергеевна|2006-10-18|2850 764204|+79547183793|popova.a32@edu.univ.ru|2023|учится|контракт
1781|76|Семёнова|Ольга|Михайловна|2003-04-14|3475 802130|+79912276157|semenova.o51@edu.univ.ru|2023|учится|бюджет
1782|76|Егорова|София|Андреевна|2005-01-28|6234 607735|+79600410533|egorova.s79@edu.univ.ru|2023|учится|бюджет
1783|76|Лебедев|Андрей|Романович|2005-01-19|3954 481227|+79849005446|lebedev.a37@edu.univ.ru|2023|учится|бюджет
1784|76|Кузнецова|Анна|Ивановна|2005-01-07|2299 204295|+79288861284|kuznecova.a96@edu.univ.ru|2023|учится|контракт
1785|76|Волков|Роман|Кириллович|2006-05-06|6133 620232|+79105828111|volkov.r66@edu.univ.ru|2023|отчислен|контракт
1786|76|Михайлова|Анастасия|Ильинична|2005-07-15|1536 514629|+79492554247|mihaylova.a11@edu.univ.ru|2023|академ|бюджет
1787|76|Иванов|Арсений|Дмитриевич|2005-07-14|2332 608689|+79988338689|ivanov.a87@edu.univ.ru|2023|учится|бюджет
1788|76|Петрова|Наталья|Кирилловна|2004-07-10|2297 574310|+79013557034|petrova.n17@edu.univ.ru|2023|учится|бюджет
1789|76|Степанов|Артём|Иванович|2004-10-01|5523 326739|+79090544299|stepanov.a44@edu.univ.ru|2023|отчислен|контракт
1790|76|Степанова|Наталья|Алексеевна|2005-11-18|2713 408797|+79013302061|stepanova.n63@edu.univ.ru|2023|учится|контракт
1791|76|Васильева|Ксения|Дмитриевна|2006-03-05|5186 536068|+79136182174|vasileva.k97@edu.univ.ru|2023|учится|контракт
1792|76|Кузнецов|Андрей|Максимович|2004-12-20|7202 232037|+79087612354|kuznecov.a30@edu.univ.ru|2023|учится|бюджет
1793|76|Фёдорова|Татьяна|Артёмовна|2005-02-09|9777 574930|+79293372099|fedorova.t54@edu.univ.ru|2023|учится|контракт
1794|76|Козлов|Андрей|Кириллович|2006-04-01|8183 466410|+79144603364|kozlov.a41@edu.univ.ru|2023|учится|бюджет
1795|76|Фёдорова|Юлия|Ивановна|2005-05-02|8160 394597|+79043954234|fedorova.y71@edu.univ.ru|2023|учится|бюджет
1796|76|Фёдорова|Наталья|Алексеевна|2005-11-18|9666 539732|+79822422409|fedorova.n65@edu.univ.ru|2023|учится|бюджет
1797|76|Морозов|Иван|Алексеевич|2004-07-15|5688 905042|+79232893366|morozov.i12@edu.univ.ru|2023|учится|контракт
1798|76|Михайлова|Полина|Сергеевна|2006-02-19|6174 667073|+79503279060|mihaylova.p43@edu.univ.ru|2023|учится|контракт
1799|76|Козлов|Михаил|Романович|2006-12-14|3226 166457|+79033881306|kozlov.m79@edu.univ.ru|2023|учится|бюджет
1800|76|Егоров|Роман|Андреевич|2006-08-27|9205 411970|+79535538807|egorov.r52@edu.univ.ru|2023|учится|бюджет
1801|76|Фёдорова|Виктория|Михайловна|2005-04-16|9173 411162|+79307010750|fedorova.v67@edu.univ.ru|2023|учится|бюджет
1802|76|Андреев|Кирилл|Романович|2004-11-17|2934 405809|+79223002749|andreev.k69@edu.univ.ru|2023|учится|бюджет
1803|76|Кузнецова|Анна|Андреевна|2003-09-01|3720 812646|+79383022975|kuznecova.a10@edu.univ.ru|2023|учится|контракт
1804|76|Попова|Анна|Кирилловна|2003-06-17|2492 450896|+79504438397|popova.a38@edu.univ.ru|2023|учится|бюджет
1805|77|Макарова|Полина|Александровна|2002-03-21|2888 854923|+79509836656|makarova.p50@edu.univ.ru|2022|учится|контракт
1806|77|Кузнецова|Дарья|Кирилловна|2004-05-23|5501 896832|+79813550105|kuznecova.d83@edu.univ.ru|2022|учится|бюджет
1807|77|Соколова|Мария|Максимовна|2002-07-09|4297 830644|+79444006682|sokolova.m76@edu.univ.ru|2022|учится|контракт
1808|77|Орлова|Дарья|Максимовна|2004-03-02|2329 819249|+79401531300|orlova.d97@edu.univ.ru|2022|учится|бюджет
1809|77|Алексеев|Андрей|Александрович|2003-12-17|9805 721287|+79785785836|alekseev.a28@edu.univ.ru|2022|учится|контракт
1810|77|Морозова|Елизавета|Дмитриевна|2003-01-05|3836 326731|+79323004489|morozova.e13@edu.univ.ru|2022|учится|бюджет
1811|77|Лебедев|Михаил|Кириллович|2004-04-01|2272 319236|+79506306182|lebedev.m72@edu.univ.ru|2022|учится|контракт
1812|77|Степанова|Ксения|Дмитриевна|2004-04-20|9584 502466|+79263490901|stepanova.k88@edu.univ.ru|2022|учится|контракт
1813|77|Алексеев|Матвей|Александрович|2005-10-19|5782 664823|+79744199024|alekseev.m55@edu.univ.ru|2022|учится|бюджет
1814|77|Васильев|Илья|Сергеевич|2002-01-01|4168 494987|+79568566887|vasilev.i38@edu.univ.ru|2022|учится|бюджет
1815|77|Михайлов|Алексей|Ильич|2003-07-21|1000 876884|+79547029253|mihaylov.a86@edu.univ.ru|2022|учится|бюджет
1816|77|Кузнецова|София|Сергеевна|2002-10-04|4129 330118|+79750057497|kuznecova.s93@edu.univ.ru|2022|выпущен|бюджет
1817|77|Морозов|Михаил|Александрович|2005-09-21|3965 300630|+79807268686|morozov.m79@edu.univ.ru|2022|учится|бюджет
1818|77|Павлов|Андрей|Сергеевич|2004-08-24|7521 376790|+79626285848|pavlov.a62@edu.univ.ru|2022|учится|бюджет
1819|77|Фёдорова|Виктория|Кирилловна|2004-06-06|4479 644153|+79294871422|fedorova.v82@edu.univ.ru|2022|учится|бюджет
1820|77|Смирнова|Екатерина|Сергеевна|2003-07-04|2417 355049|+79664664260|smirnova.e96@edu.univ.ru|2022|учится|бюджет
1821|77|Козлова|Марина|Михайловна|2003-04-13|6079 764879|+79032214672|kozlova.m91@edu.univ.ru|2022|учится|контракт
1822|77|Егоров|Илья|Романович|2004-06-02|1302 934572|+79449940015|egorov.i47@edu.univ.ru|2022|учится|бюджет
1823|77|Орлова|Анастасия|Романовна|2002-08-12|2961 284462|+79572025786|orlova.a43@edu.univ.ru|2022|учится|контракт
1824|77|Кузнецов|Кирилл|Александрович|2003-03-22|7258 666041|+79438175753|kuznecov.k96@edu.univ.ru|2022|учится|бюджет
1825|77|Иванов|Егор|Иванович|2005-12-21|8091 734952|+79197504403|ivanov.e27@edu.univ.ru|2022|учится|контракт
1826|77|Андреева|Полина|Кирилловна|2004-01-17|5622 125734|+79641529993|andreeva.p59@edu.univ.ru|2022|учится|бюджет
1827|77|Павлов|Максим|Андреевич|2005-11-19|2262 351938|+79553690003|pavlov.m17@edu.univ.ru|2022|учится|бюджет
1828|77|Петрова|Марина|Романовна|2003-08-03|2534 459536|+79181732581|petrova.m16@edu.univ.ru|2022|учится|бюджет
1829|77|Попов|Иван|Кириллович|2005-12-16|4538 782349|+79689726432|popov.i50@edu.univ.ru|2022|учится|контракт
1830|77|Николаева|Ксения|Артёмовна|2003-02-23|8028 774370|+79572420830|nikolaeva.k16@edu.univ.ru|2022|отчислен|бюджет
1831|77|Андреева|Полина|Кирилловна|2004-08-10|8200 807729|+79165375167|andreeva.p25@edu.univ.ru|2022|отчислен|бюджет
1832|77|Соколова|Марина|Ильинична|2002-07-06|1730 704321|+79086908193|sokolova.m83@edu.univ.ru|2022|учится|бюджет
1833|77|Попов|Алексей|Андреевич|2005-05-17|1583 712153|+79395467324|popov.a43@edu.univ.ru|2022|учится|бюджет
1834|77|Петрова|Татьяна|Алексеевна|2005-12-24|7466 281400|+79892207443|petrova.t47@edu.univ.ru|2022|учится|бюджет
1835|77|Иванов|Денис|Сергеевич|2005-09-09|4658 638922|+79726758417|ivanov.d45@edu.univ.ru|2022|учится|контракт
1836|77|Морозов|Дмитрий|Ильич|2004-10-18|9181 836611|+79560797225|morozov.d31@edu.univ.ru|2022|учится|контракт
1837|78|Семёнова|Анастасия|Михайловна|2002-08-21|7881 333964|+79581114933|semenova.a68@edu.univ.ru|2022|учится|контракт
1838|78|Семёнов|Артём|Максимович|2002-04-07|6860 797846|+79261763601|semenov.a57@edu.univ.ru|2022|учится|бюджет
1839|78|Васильев|Сергей|Романович|2004-01-15|9439 318668|+79235693043|vasilev.s49@edu.univ.ru|2022|учится|контракт
1840|78|Васильева|Алиса|Дмитриевна|2002-10-13|4134 473104|+79447946263|vasileva.a60@edu.univ.ru|2022|учится|контракт
1841|78|Козлов|Артём|Максимович|2003-05-21|1159 413923|+79207292137|kozlov.a80@edu.univ.ru|2022|учится|контракт
1842|78|Павлов|Дмитрий|Ильич|2002-03-12|1531 544337|+79085622519|pavlov.d62@edu.univ.ru|2022|учится|бюджет
1843|78|Морозов|Роман|Михайлович|2004-07-04|8396 912421|+79955369613|morozov.r58@edu.univ.ru|2022|учится|контракт
1844|78|Соколова|Юлия|Александровна|2005-05-06|2885 150750|+79857533210|sokolova.y47@edu.univ.ru|2022|учится|контракт
1845|78|Кузнецов|Арсений|Алексеевич|2002-11-07|7357 669068|+79920138243|kuznecov.a70@edu.univ.ru|2022|учится|контракт
1846|78|Лебедева|Дарья|Сергеевна|2004-07-23|4581 156451|+79018364618|lebedeva.d42@edu.univ.ru|2022|учится|бюджет
1847|78|Андреева|Наталья|Ильинична|2004-11-15|6829 188863|+79745128781|andreeva.n62@edu.univ.ru|2022|учится|бюджет
1848|78|Макарова|Марина|Андреевна|2004-02-07|3188 909995|+79875187964|makarova.m70@edu.univ.ru|2022|учится|бюджет
1849|78|Кузнецова|Елизавета|Андреевна|2005-01-15|1012 649188|+79230644114|kuznecova.e46@edu.univ.ru|2022|учится|бюджет
1850|78|Соколова|Юлия|Романовна|2004-07-17|4890 822227|+79382237729|sokolova.y89@edu.univ.ru|2022|учится|бюджет
1851|78|Семёнова|Татьяна|Романовна|2005-06-07|4986 369579|+79880663172|semenova.t64@edu.univ.ru|2022|учится|бюджет
1852|78|Новикова|Татьяна|Ивановна|2003-08-03|2243 701277|+79223538095|novikova.t37@edu.univ.ru|2022|учится|бюджет
1853|78|Семёнова|Наталья|Ильинична|2005-07-28|1643 992694|+79178430290|semenova.n52@edu.univ.ru|2022|учится|бюджет
1854|78|Фёдоров|Егор|Андреевич|2004-09-08|1126 263791|+79563803507|fedorov.e92@edu.univ.ru|2022|учится|бюджет
1855|78|Алексеев|Максим|Андреевич|2002-04-26|6953 381085|+79479393120|alekseev.m40@edu.univ.ru|2022|учится|бюджет
1856|78|Волков|Максим|Романович|2004-10-19|6125 851519|+79158730632|volkov.m58@edu.univ.ru|2022|учится|контракт
1857|78|Морозова|Ольга|Романовна|2004-05-21|3288 954536|+79427376421|morozova.o34@edu.univ.ru|2022|учится|бюджет
1858|78|Семёнов|Дмитрий|Кириллович|2003-04-03|1070 115369|+79066466049|semenov.d18@edu.univ.ru|2022|учится|контракт
1859|78|Семёнов|Андрей|Сергеевич|2005-01-09|4454 388897|+79341676577|semenov.a79@edu.univ.ru|2022|учится|бюджет
1860|78|Алексеев|Кирилл|Артёмович|2004-07-20|6833 319123|+79249922962|alekseev.k55@edu.univ.ru|2022|учится|бюджет
1861|78|Макаров|Кирилл|Романович|2002-01-02|7125 736260|+79954404418|makarov.k39@edu.univ.ru|2022|отчислен|контракт
1862|78|Морозова|Екатерина|Александровна|2002-12-23|6247 900491|+79145149570|morozova.e73@edu.univ.ru|2022|отчислен|контракт
1863|78|Козлов|Артём|Михайлович|2002-03-07|1884 821477|+79219279672|kozlov.a19@edu.univ.ru|2022|учится|контракт
1864|78|Андреева|Татьяна|Ивановна|2004-11-02|2840 448999|+79658873996|andreeva.t22@edu.univ.ru|2022|учится|контракт
1865|78|Васильева|Елизавета|Романовна|2004-12-05|3329 553556|+79227727304|vasileva.e56@edu.univ.ru|2022|учится|бюджет
1866|78|Орлов|Алексей|Сергеевич|2005-05-19|2556 173641|+79116664782|orlov.a75@edu.univ.ru|2022|академ|бюджет
1867|78|Новикова|Екатерина|Ивановна|2003-12-08|4430 323894|+79396636017|novikova.e15@edu.univ.ru|2022|учится|бюджет
1868|78|Егорова|Ольга|Ильинична|2005-06-11|6882 319407|+79793479004|egorova.o81@edu.univ.ru|2022|учится|бюджет
1869|78|Волкова|Ксения|Кирилловна|2003-08-21|4676 660546|+79805664903|volkova.k34@edu.univ.ru|2022|учится|бюджет
1870|78|Орлова|Елизавета|Александровна|2003-08-22|5193 287116|+79452179045|orlova.e23@edu.univ.ru|2022|учится|контракт
1871|78|Андреева|Ольга|Максимовна|2003-08-05|8639 874114|+79780857426|andreeva.o34@edu.univ.ru|2022|учится|бюджет
1872|78|Васильева|Полина|Алексеевна|2004-08-21|5416 405427|+79281257352|vasileva.p62@edu.univ.ru|2022|учится|контракт
1873|78|Николаев|Алексей|Кириллович|2003-10-10|6661 180586|+79568837238|nikolaev.a82@edu.univ.ru|2022|учится|контракт
1874|79|Фёдорова|Алиса|Андреевна|2005-06-14|3148 920091|+79790406431|fedorova.a48@edu.univ.ru|2022|отчислен|контракт
1875|79|Новикова|Алиса|Артёмовна|2003-10-04|3340 466208|+79816917734|novikova.a30@edu.univ.ru|2022|учится|бюджет
1876|79|Смирнова|Мария|Михайловна|2003-07-24|4841 261199|+79602242727|smirnova.m76@edu.univ.ru|2022|учится|контракт
1877|79|Лебедев|Денис|Артёмович|2004-11-27|1496 481565|+79423176706|lebedev.d20@edu.univ.ru|2022|отчислен|бюджет
1878|79|Фёдоров|Александр|Иванович|2005-11-06|1806 974558|+79461651039|fedorov.a76@edu.univ.ru|2022|отчислен|контракт
1879|79|Попова|Дарья|Александровна|2003-05-07|4116 446606|+79953212673|popova.d26@edu.univ.ru|2022|учится|бюджет
1880|79|Козлов|Матвей|Дмитриевич|2002-02-26|3427 272503|+79796862641|kozlov.m52@edu.univ.ru|2022|учится|бюджет
1881|79|Новиков|Андрей|Андреевич|2003-10-01|8938 851790|+79496680954|novikov.a85@edu.univ.ru|2022|учится|бюджет
1882|79|Васильева|Алиса|Сергеевна|2003-05-10|2959 826701|+79049326621|vasileva.a30@edu.univ.ru|2022|учится|контракт
1883|79|Попов|Егор|Кириллович|2002-08-04|8886 611367|+79906481605|popov.e57@edu.univ.ru|2022|учится|контракт
1884|79|Фёдоров|Матвей|Алексеевич|2002-11-21|9002 151935|+79222201911|fedorov.m40@edu.univ.ru|2022|учится|бюджет
1885|79|Лебедева|Мария|Кирилловна|2004-11-27|4035 394200|+79221755350|lebedeva.m24@edu.univ.ru|2022|учится|контракт
1886|79|Морозова|Виктория|Алексеевна|2003-09-15|2575 688411|+79386732229|morozova.v15@edu.univ.ru|2022|учится|бюджет
1887|79|Андреев|Максим|Ильич|2005-08-08|8654 358740|+79999185022|andreev.m31@edu.univ.ru|2022|учится|бюджет
1888|79|Морозова|Алиса|Михайловна|2005-10-17|8018 212429|+79929178617|morozova.a70@edu.univ.ru|2022|учится|контракт
1889|79|Кузнецов|Михаил|Андреевич|2003-01-08|6367 808933|+79570605030|kuznecov.m54@edu.univ.ru|2022|учится|бюджет
1890|79|Волков|Илья|Дмитриевич|2004-10-25|4501 715742|+79498032335|volkov.i66@edu.univ.ru|2022|академ|бюджет
1891|79|Степанов|Егор|Андреевич|2005-10-20|7498 561525|+79659272524|stepanov.e21@edu.univ.ru|2022|учится|бюджет
1892|79|Васильев|Матвей|Артёмович|2004-04-18|8402 974776|+79400313587|vasilev.m64@edu.univ.ru|2022|отчислен|бюджет
1893|79|Иванова|Дарья|Ивановна|2002-04-18|6005 911048|+79092731706|ivanova.d59@edu.univ.ru|2022|учится|контракт
1894|79|Орлова|София|Андреевна|2002-07-06|1143 321604|+79556791791|orlova.s57@edu.univ.ru|2022|академ|бюджет
1895|79|Макаров|Илья|Романович|2003-07-20|1629 273474|+79863837276|makarov.i25@edu.univ.ru|2022|учится|контракт
1896|79|Никитина|София|Артёмовна|2003-07-10|4390 243887|+79491805525|nikitina.s59@edu.univ.ru|2022|учится|контракт
1897|79|Попова|Елизавета|Алексеевна|2002-04-18|7588 587010|+79629517946|popova.e96@edu.univ.ru|2022|учится|контракт
1898|79|Смирнова|Полина|Романовна|2004-09-06|1606 404057|+79296047643|smirnova.p62@edu.univ.ru|2022|учится|бюджет
1899|79|Попова|Анастасия|Алексеевна|2005-08-15|9628 421414|+79573470080|popova.a95@edu.univ.ru|2022|учится|контракт
1900|79|Николаев|Сергей|Артёмович|2002-09-11|9487 195942|+79856895846|nikolaev.s69@edu.univ.ru|2022|учится|бюджет
1901|79|Кузнецова|Ксения|Ильинична|2002-12-10|3329 146348|+79911677808|kuznecova.k68@edu.univ.ru|2022|учится|бюджет
1902|79|Никитина|Анастасия|Ильинична|2005-11-18|2698 560766|+79852934463|nikitina.a89@edu.univ.ru|2022|учится|бюджет
1903|79|Кузнецова|Ксения|Андреевна|2002-05-02|8677 603307|+79685005255|kuznecova.k69@edu.univ.ru|2022|учится|бюджет
1904|79|Орлова|Анна|Максимовна|2004-12-06|8838 887181|+79209468361|orlova.a89@edu.univ.ru|2022|учится|бюджет
1905|79|Новикова|Ольга|Максимовна|2003-01-23|7922 960253|+79547127582|novikova.o67@edu.univ.ru|2022|учится|контракт
1906|79|Макарова|Марина|Сергеевна|2002-04-08|6232 156389|+79818318357|makarova.m52@edu.univ.ru|2022|учится|бюджет
1907|79|Кузнецова|Марина|Сергеевна|2002-10-09|1211 365239|+79128425873|kuznecova.m15@edu.univ.ru|2022|учится|контракт
1908|79|Соколов|Андрей|Сергеевич|2005-09-03|2830 770744|+79026278100|sokolov.a56@edu.univ.ru|2022|учится|контракт
1909|79|Николаев|Матвей|Андреевич|2005-05-09|1801 570377|+79838367708|nikolaev.m49@edu.univ.ru|2022|учится|контракт
1910|79|Новиков|Александр|Александрович|2005-11-26|9564 493785|+79925162608|novikov.a50@edu.univ.ru|2022|учится|контракт
1911|80|Волков|Илья|Артёмович|2003-07-23|5993 156199|+79196458651|volkov.i97@edu.univ.ru|2022|учится|бюджет
1912|80|Соколова|Елизавета|Ивановна|2005-02-08|3740 368853|+79405266399|sokolova.e94@edu.univ.ru|2022|учится|бюджет
1913|80|Васильева|Алиса|Сергеевна|2003-03-02|2782 657263|+79638985475|vasileva.a68@edu.univ.ru|2022|учится|контракт
1914|80|Михайлова|Татьяна|Максимовна|2005-06-10|6712 427969|+79060945260|mihaylova.t86@edu.univ.ru|2022|учится|контракт
1915|80|Соколов|Егор|Иванович|2005-02-23|6288 228075|+79135055920|sokolov.e40@edu.univ.ru|2022|учится|контракт
1916|80|Лебедева|Юлия|Максимовна|2004-12-26|8337 494048|+79144035748|lebedeva.y63@edu.univ.ru|2022|академ|контракт
1917|80|Никитин|Арсений|Кириллович|2002-09-14|8558 488857|+79804333101|nikitin.a94@edu.univ.ru|2022|учится|бюджет
1918|80|Иванов|Андрей|Сергеевич|2005-09-08|4785 143361|+79710667553|ivanov.a31@edu.univ.ru|2022|учится|контракт
1919|80|Кузнецов|Александр|Романович|2002-11-15|4637 399751|+79408060144|kuznecov.a61@edu.univ.ru|2022|учится|бюджет
1920|80|Алексеева|Ольга|Сергеевна|2004-10-08|3535 321949|+79721801058|alekseeva.o33@edu.univ.ru|2022|учится|бюджет
1921|80|Павлова|Татьяна|Алексеевна|2005-06-06|4903 498901|+79783704605|pavlova.t98@edu.univ.ru|2022|учится|бюджет
1922|80|Семёнов|Роман|Артёмович|2004-08-16|3130 392772|+79446547805|semenov.r47@edu.univ.ru|2022|учится|бюджет
1923|80|Попов|Александр|Ильич|2004-08-09|2325 410863|+79848299606|popov.a24@edu.univ.ru|2022|учится|контракт
1924|80|Николаев|Никита|Александрович|2003-04-07|8311 146699|+79024883798|nikolaev.n55@edu.univ.ru|2022|учится|контракт
1925|80|Николаева|Виктория|Ильинична|2005-05-10|9672 744852|+79954413461|nikolaeva.v58@edu.univ.ru|2022|учится|бюджет
1926|80|Макаров|Максим|Сергеевич|2003-12-03|8864 609323|+79183390296|makarov.m88@edu.univ.ru|2022|учится|контракт
1927|80|Николаева|Татьяна|Александровна|2004-02-24|6056 391110|+79429698295|nikolaeva.t57@edu.univ.ru|2022|учится|контракт
1928|80|Попов|Дмитрий|Иванович|2002-11-22|4074 140963|+79114462777|popov.d43@edu.univ.ru|2022|учится|бюджет
1929|80|Алексеев|Алексей|Дмитриевич|2003-02-08|3568 577853|+79192608001|alekseev.a93@edu.univ.ru|2022|учится|бюджет
1930|80|Орлова|Алиса|Романовна|2004-09-07|3544 770587|+79593656920|orlova.a77@edu.univ.ru|2022|отчислен|бюджет
1931|80|Егорова|София|Сергеевна|2002-12-06|8709 668120|+79052000495|egorova.s20@edu.univ.ru|2022|учится|бюджет
1932|80|Козлова|Дарья|Кирилловна|2005-04-12|5133 695897|+79407497301|kozlova.d27@edu.univ.ru|2022|учится|бюджет
1933|80|Васильев|Никита|Михайлович|2002-10-21|8416 841048|+79259831479|vasilev.n20@edu.univ.ru|2022|учится|контракт
1934|80|Семёнова|Елизавета|Кирилловна|2004-04-12|2003 398071|+79727716025|semenova.e40@edu.univ.ru|2022|учится|бюджет
1935|80|Морозов|Кирилл|Максимович|2003-01-06|8162 247737|+79549486495|morozov.k68@edu.univ.ru|2022|учится|бюджет
1936|80|Андреев|Дмитрий|Иванович|2004-10-16|1801 454619|+79367926716|andreev.d78@edu.univ.ru|2022|учится|бюджет
1937|80|Андреев|Илья|Кириллович|2003-04-11|4046 387734|+79371887633|andreev.i60@edu.univ.ru|2022|учится|контракт
1938|80|Волкова|Полина|Алексеевна|2002-07-02|9415 648720|+79156212311|volkova.p45@edu.univ.ru|2022|учится|бюджет
1939|80|Андреев|Роман|Дмитриевич|2003-10-08|9820 549206|+79099591029|andreev.r69@edu.univ.ru|2022|отчислен|контракт
1940|80|Волков|Максим|Ильич|2004-10-08|5253 536299|+79964491506|volkov.m32@edu.univ.ru|2022|учится|бюджет
1941|80|Попова|Юлия|Ивановна|2005-05-01|1854 125341|+79415947826|popova.y52@edu.univ.ru|2022|учится|бюджет
1942|80|Орлова|София|Михайловна|2002-05-15|1362 248850|+79036824086|orlova.s66@edu.univ.ru|2022|учится|бюджет
1943|80|Смирнова|Ксения|Андреевна|2005-06-18|6598 315434|+79301622408|smirnova.k71@edu.univ.ru|2022|учится|контракт
1944|80|Орлова|Екатерина|Артёмовна|2005-07-27|4657 705669|+79424125000|orlova.e16@edu.univ.ru|2022|учится|бюджет
1945|80|Новикова|Татьяна|Сергеевна|2004-08-28|7711 757417|+79012722464|novikova.t21@edu.univ.ru|2022|отчислен|контракт
1946|80|Иванов|Арсений|Алексеевич|2005-02-09|8796 579237|+79136354669|ivanov.a33@edu.univ.ru|2022|учится|бюджет
1947|94|Фёдорова|Ксения|Михайловна|2003-09-02|9045 362523|+79087088417|fedorova.k10@edu.univ.ru|2023|учится|бюджет
1948|94|Николаева|Алиса|Михайловна|2004-06-04|6758 464541|+79307132948|nikolaeva.a57@edu.univ.ru|2023|учится|бюджет
1949|94|Соколов|Никита|Ильич|2005-02-12|9579 592707|+79622470092|sokolov.n74@edu.univ.ru|2023|учится|бюджет
1950|94|Смирнова|Анастасия|Артёмовна|2006-03-02|6269 332312|+79379127785|smirnova.a63@edu.univ.ru|2023|учится|контракт
1951|94|Алексеев|Александр|Андреевич|2004-11-15|5703 792844|+79875265195|alekseev.a44@edu.univ.ru|2023|учится|бюджет
1952|94|Морозов|Денис|Дмитриевич|2005-09-16|8778 522857|+79323951842|morozov.d64@edu.univ.ru|2023|учится|бюджет
1953|94|Андреев|Сергей|Сергеевич|2006-08-03|5127 917577|+79220551801|andreev.s49@edu.univ.ru|2023|учится|контракт
1954|94|Петров|Илья|Артёмович|2006-09-09|1331 527839|+79102099835|petrov.i52@edu.univ.ru|2023|учится|бюджет
1955|94|Павлов|Матвей|Ильич|2005-11-07|2368 229181|+79152572469|pavlov.m34@edu.univ.ru|2023|учится|контракт
1956|94|Орлова|Виктория|Ивановна|2003-08-26|6276 462460|+79307648951|orlova.v49@edu.univ.ru|2023|учится|контракт
1957|94|Макарова|Дарья|Александровна|2005-07-01|8982 647887|+79937785960|makarova.d34@edu.univ.ru|2023|учится|контракт
1958|94|Никитина|Дарья|Кирилловна|2003-11-03|6372 529386|+79789924176|nikitina.d82@edu.univ.ru|2023|выпущен|бюджет
1959|94|Иванова|София|Максимовна|2004-07-04|2289 490671|+79088698163|ivanova.s78@edu.univ.ru|2023|учится|бюджет
1960|94|Макарова|Татьяна|Андреевна|2003-11-08|7489 676119|+79194401197|makarova.t42@edu.univ.ru|2023|учится|контракт
1961|94|Морозова|Екатерина|Сергеевна|2003-10-13|3569 352180|+79945181320|morozova.e87@edu.univ.ru|2023|учится|контракт
1962|94|Смирнов|Артём|Ильич|2004-04-22|3689 904020|+79666561651|smirnov.a23@edu.univ.ru|2023|учится|контракт
1963|94|Волков|Егор|Александрович|2005-09-05|5928 157747|+79879457164|volkov.e65@edu.univ.ru|2023|учится|бюджет
1964|94|Макарова|Ольга|Ивановна|2005-09-05|9362 458084|+79712498831|makarova.o95@edu.univ.ru|2023|учится|контракт
1965|94|Васильева|Дарья|Максимовна|2005-01-10|9400 468783|+79627667937|vasileva.d43@edu.univ.ru|2023|учится|контракт
1966|94|Попова|Анна|Андреевна|2004-12-14|9553 514853|+79332489872|popova.a88@edu.univ.ru|2023|учится|контракт
1967|94|Иванова|София|Ильинична|2006-05-24|9563 729379|+79094125999|ivanova.s20@edu.univ.ru|2023|учится|бюджет
1968|94|Андреева|Алиса|Кирилловна|2006-10-19|7066 453133|+79934351746|andreeva.a96@edu.univ.ru|2023|учится|контракт
1969|94|Кузнецов|Егор|Артёмович|2006-07-08|4346 734803|+79197488606|kuznecov.e62@edu.univ.ru|2023|учится|бюджет
1970|94|Козлов|Сергей|Алексеевич|2004-10-10|1448 952164|+79591793695|kozlov.s63@edu.univ.ru|2023|учится|бюджет
1971|94|Михайлов|Андрей|Андреевич|2006-01-14|9472 599261|+79618067947|mihaylov.a83@edu.univ.ru|2023|учится|бюджет
1972|94|Степанова|София|Дмитриевна|2006-11-21|5642 374135|+79754547643|stepanova.s83@edu.univ.ru|2023|учится|бюджет
1973|94|Попова|Дарья|Ивановна|2005-10-04|4003 439027|+79237229418|popova.d11@edu.univ.ru|2023|учится|бюджет
1974|94|Егорова|София|Алексеевна|2005-02-14|9980 845019|+79522937251|egorova.s93@edu.univ.ru|2023|учится|бюджет
1975|94|Лебедева|София|Ивановна|2003-06-10|4309 506338|+79220127207|lebedeva.s33@edu.univ.ru|2023|учится|бюджет
1976|94|Никитин|Дмитрий|Максимович|2006-03-22|3870 758873|+79099170269|nikitin.d54@edu.univ.ru|2023|учится|контракт
1977|94|Николаев|Дмитрий|Максимович|2003-06-03|7814 312036|+79110872754|nikolaev.d11@edu.univ.ru|2023|учится|контракт
1978|94|Макарова|Анна|Кирилловна|2006-05-14|8667 946172|+79740188802|makarova.a15@edu.univ.ru|2023|учится|бюджет
1979|94|Кузнецова|Юлия|Романовна|2006-06-26|2207 675963|+79407468212|kuznecova.y85@edu.univ.ru|2023|учится|бюджет
1980|94|Фёдорова|Дарья|Романовна|2003-06-23|8538 630925|+79874469781|fedorova.d21@edu.univ.ru|2023|выпущен|контракт
1981|94|Семёнова|София|Артёмовна|2005-01-28|8904 487866|+79746088579|semenova.s11@edu.univ.ru|2023|учится|контракт
1982|94|Никитин|Никита|Иванович|2003-10-22|4889 225807|+79878548858|nikitin.n37@edu.univ.ru|2023|учится|контракт
1983|94|Семёнова|Ксения|Сергеевна|2004-06-14|6494 213461|+79476655194|semenova.k17@edu.univ.ru|2023|учится|бюджет
1984|94|Михайлов|Никита|Артёмович|2006-09-15|7844 514245|+79537682225|mihaylov.n90@edu.univ.ru|2023|академ|контракт
1985|94|Никитин|Дмитрий|Артёмович|2006-05-05|3316 821551|+79233988985|nikitin.d11@edu.univ.ru|2023|учится|бюджет
1986|94|Лебедева|Виктория|Артёмовна|2004-11-04|4906 511998|+79087265945|lebedeva.v81@edu.univ.ru|2023|учится|бюджет
1987|94|Кузнецов|Андрей|Александрович|2005-05-27|5784 196699|+79789793763|kuznecov.a81@edu.univ.ru|2023|учится|контракт
1988|99|Никитина|Наталья|Кирилловна|2002-07-22|8196 313932|+79482598511|nikitina.n34@edu.univ.ru|2022|учится|бюджет
1989|99|Макаров|Михаил|Сергеевич|2004-02-16|1424 321988|+79454651489|makarov.m53@edu.univ.ru|2022|учится|контракт
1990|99|Михайлов|Никита|Александрович|2004-05-09|6292 625456|+79764951680|mihaylov.n79@edu.univ.ru|2022|учится|бюджет
1991|99|Васильев|Дмитрий|Артёмович|2002-02-10|3856 913908|+79519043507|vasilev.d61@edu.univ.ru|2022|учится|бюджет
1992|99|Смирнов|Иван|Дмитриевич|2002-08-04|2320 184509|+79490630605|smirnov.i41@edu.univ.ru|2022|отчислен|контракт
1993|99|Степанова|Мария|Романовна|2003-12-15|1122 934528|+79973178873|stepanova.m21@edu.univ.ru|2022|учится|бюджет
1994|99|Кузнецов|Андрей|Александрович|2003-08-08|4883 635742|+79313620826|kuznecov.a34@edu.univ.ru|2022|учится|контракт
1995|99|Алексеева|Ольга|Артёмовна|2005-09-25|7906 730157|+79068317874|alekseeva.o85@edu.univ.ru|2022|учится|контракт
1996|99|Павлов|Егор|Сергеевич|2005-04-22|4700 920501|+79183177913|pavlov.e49@edu.univ.ru|2022|учится|бюджет
1997|99|Соколов|Максим|Дмитриевич|2002-08-05|6380 346178|+79196529865|sokolov.m74@edu.univ.ru|2022|учится|бюджет
1998|99|Андреев|Сергей|Артёмович|2004-07-17|8532 713520|+79425861007|andreev.s80@edu.univ.ru|2022|отчислен|контракт
1999|99|Макарова|Анна|Дмитриевна|2003-03-09|6956 699480|+79175943311|makarova.a57@edu.univ.ru|2022|учится|бюджет
2000|99|Лебедев|Дмитрий|Алексеевич|2002-11-07|8963 418062|+79164068415|lebedev.d56@edu.univ.ru|2022|учится|контракт
2001|99|Новикова|Юлия|Ильинична|2003-12-26|3606 554230|+79062825922|novikova.y77@edu.univ.ru|2022|учится|контракт
2002|99|Васильева|Елизавета|Михайловна|2005-02-25|9512 945137|+79309473886|vasileva.e92@edu.univ.ru|2022|учится|бюджет
2003|99|Соколова|Елизавета|Кирилловна|2003-11-10|2278 991059|+79556632014|sokolova.e97@edu.univ.ru|2022|учится|контракт
2004|99|Новиков|Андрей|Александрович|2002-05-17|7596 311137|+79889970583|novikov.a31@edu.univ.ru|2022|учится|контракт
2005|99|Орлова|Ольга|Дмитриевна|2004-10-02|9308 281049|+79373779421|orlova.o43@edu.univ.ru|2022|учится|бюджет
2006|99|Орлова|Полина|Ивановна|2003-12-02|9029 256735|+79222984940|orlova.p99@edu.univ.ru|2022|учится|контракт
2007|99|Михайлов|Артём|Дмитриевич|2003-06-01|2948 766286|+79296286733|mihaylov.a31@edu.univ.ru|2022|учится|бюджет
2008|99|Макарова|Дарья|Дмитриевна|2004-02-13|4849 703141|+79116139790|makarova.d65@edu.univ.ru|2022|учится|бюджет
2009|99|Фёдоров|Кирилл|Иванович|2002-12-12|6757 963228|+79212012128|fedorov.k46@edu.univ.ru|2022|учится|бюджет
2010|99|Орлов|Никита|Александрович|2005-11-13|8833 192300|+79449536869|orlov.n36@edu.univ.ru|2022|отчислен|бюджет
2011|99|Петров|Андрей|Дмитриевич|2004-06-12|2673 529597|+79117953164|petrov.a25@edu.univ.ru|2022|отчислен|бюджет
2012|99|Волков|Никита|Алексеевич|2005-02-02|2000 699410|+79485295689|volkov.n38@edu.univ.ru|2022|учится|контракт
2013|99|Иванова|Татьяна|Михайловна|2002-07-18|9709 630080|+79713637887|ivanova.t82@edu.univ.ru|2022|отчислен|бюджет
2014|99|Петрова|Дарья|Сергеевна|2003-05-17|3357 423162|+79893338307|petrova.d52@edu.univ.ru|2022|учится|бюджет
2015|99|Алексеева|Екатерина|Кирилловна|2002-03-22|2645 479237|+79247517458|alekseeva.e59@edu.univ.ru|2022|учится|бюджет
2016|99|Семёнов|Михаил|Алексеевич|2002-06-18|9026 652317|+79733531787|semenov.m64@edu.univ.ru|2022|учится|бюджет
2017|99|Никитина|Екатерина|Ивановна|2004-11-09|4102 364272|+79201315822|nikitina.e88@edu.univ.ru|2022|отчислен|бюджет
2018|99|Соколов|Кирилл|Кириллович|2003-02-15|1483 388076|+79989854832|sokolov.k28@edu.univ.ru|2022|учится|бюджет
2019|109|Степанов|Илья|Ильич|2005-05-11|9225 550047|+79822222308|stepanov.i32@edu.univ.ru|2025|учится|бюджет
2020|109|Степанова|Полина|Ильинична|2008-01-06|1412 531808|+79679884865|stepanova.p95@edu.univ.ru|2025|учится|бюджет
2021|109|Никитин|Арсений|Алексеевич|2008-10-02|8658 548766|+79794299596|nikitin.a62@edu.univ.ru|2025|учится|контракт
2022|109|Алексеев|Арсений|Иванович|2007-11-26|9961 196431|+79086256890|alekseev.a40@edu.univ.ru|2025|учится|бюджет
2023|109|Андреева|Наталья|Ильинична|2005-04-03|4817 969591|+79646944619|andreeva.n50@edu.univ.ru|2025|учится|контракт
2024|109|Семёнов|Андрей|Дмитриевич|2005-01-15|6668 670284|+79037191987|semenov.a33@edu.univ.ru|2025|учится|бюджет
2025|109|Козлов|Сергей|Андреевич|2006-02-21|7868 715089|+79765981540|kozlov.s58@edu.univ.ru|2025|учится|контракт
2026|109|Никитина|Алиса|Дмитриевна|2007-09-13|1359 166169|+79243187575|nikitina.a91@edu.univ.ru|2025|учится|бюджет
2027|109|Михайлова|Виктория|Александровна|2006-10-11|2051 222744|+79804907449|mihaylova.v86@edu.univ.ru|2025|учится|бюджет
2028|109|Степанова|Наталья|Михайловна|2006-07-28|8025 157845|+79835986423|stepanova.n83@edu.univ.ru|2025|учится|бюджет
2029|109|Андреева|Анастасия|Александровна|2008-03-14|4528 298638|+79684304930|andreeva.a59@edu.univ.ru|2025|учится|контракт
2030|109|Николаева|София|Алексеевна|2008-11-11|5550 613738|+79468727550|nikolaeva.s73@edu.univ.ru|2025|академ|контракт
2031|109|Иванова|Елизавета|Алексеевна|2008-06-09|3952 539203|+79641613983|ivanova.e83@edu.univ.ru|2025|учится|бюджет
2032|109|Козлова|Наталья|Александровна|2008-01-14|6361 565155|+79053216753|kozlova.n77@edu.univ.ru|2025|учится|бюджет
2033|109|Андреева|Елизавета|Алексеевна|2006-04-14|6318 497123|+79760324421|andreeva.e80@edu.univ.ru|2025|учится|контракт
2034|109|Иванова|Татьяна|Дмитриевна|2006-08-13|4690 639854|+79321098151|ivanova.t46@edu.univ.ru|2025|учится|бюджет
2035|109|Смирнова|Алиса|Кирилловна|2007-01-19|1677 943404|+79353139231|smirnova.a98@edu.univ.ru|2025|учится|бюджет
2036|109|Егорова|Ольга|Андреевна|2007-10-06|8666 839253|+79262297999|egorova.o19@edu.univ.ru|2025|учится|бюджет
2037|109|Алексеева|София|Дмитриевна|2005-10-09|4080 440746|+79449522972|alekseeva.s15@edu.univ.ru|2025|учится|бюджет
2038|109|Степанова|Елизавета|Алексеевна|2008-03-20|8515 948499|+79575228570|stepanova.e42@edu.univ.ru|2025|учится|бюджет
2039|109|Соколов|Иван|Алексеевич|2006-04-23|1214 423575|+79564904825|sokolov.i46@edu.univ.ru|2025|учится|контракт
2040|109|Павлова|Анна|Ильинична|2005-02-05|9727 132524|+79415787901|pavlova.a39@edu.univ.ru|2025|академ|бюджет
2041|109|Николаева|Анастасия|Романовна|2005-02-14|1474 781197|+79233031307|nikolaeva.a30@edu.univ.ru|2025|учится|бюджет
2042|109|Соколов|Сергей|Михайлович|2005-08-17|3177 318398|+79131678144|sokolov.s90@edu.univ.ru|2025|учится|бюджет
2043|109|Лебедева|Алиса|Алексеевна|2006-05-20|6687 475411|+79225606405|lebedeva.a92@edu.univ.ru|2025|учится|контракт
2044|109|Попов|Александр|Сергеевич|2007-02-12|7868 335971|+79374624391|popov.a21@edu.univ.ru|2025|учится|контракт
2045|109|Козлова|Юлия|Дмитриевна|2006-01-03|1514 172720|+79007502132|kozlova.y76@edu.univ.ru|2025|учится|бюджет
2046|109|Семёнова|Дарья|Романовна|2006-09-11|7372 339681|+79720998483|semenova.d44@edu.univ.ru|2025|учится|бюджет
2047|109|Соколова|Марина|Алексеевна|2007-04-19|5623 281265|+79711895130|sokolova.m56@edu.univ.ru|2025|учится|бюджет
2048|109|Никитина|Алиса|Александровна|2007-08-13|8777 104955|+79626975804|nikitina.a26@edu.univ.ru|2025|учится|бюджет
2049|109|Васильева|Юлия|Андреевна|2007-09-08|6936 623994|+79811861999|vasileva.y69@edu.univ.ru|2025|учится|контракт
2050|109|Николаева|Дарья|Сергеевна|2007-11-20|4572 556663|+79799339957|nikolaeva.d19@edu.univ.ru|2025|отчислен|бюджет
2051|109|Павлова|Татьяна|Александровна|2005-05-01|1284 395866|+79025839655|pavlova.t96@edu.univ.ru|2025|учится|контракт
2052|109|Петров|Александр|Александрович|2006-07-04|4826 479345|+79501114790|petrov.a83@edu.univ.ru|2025|учится|бюджет
2053|109|Егоров|Артём|Артёмович|2008-04-26|1728 755159|+79845081894|egorov.a85@edu.univ.ru|2025|учится|контракт
2054|109|Алексеева|Юлия|Ильинична|2005-03-18|9301 791741|+79800551850|alekseeva.y37@edu.univ.ru|2025|учится|бюджет
2055|109|Михайлов|Денис|Романович|2006-09-11|6103 163153|+79780300574|mihaylov.d48@edu.univ.ru|2025|учится|бюджет
2056|109|Никитина|Юлия|Кирилловна|2006-11-01|9081 269199|+79167124678|nikitina.y90@edu.univ.ru|2025|академ|контракт
2057|109|Морозова|Полина|Романовна|2008-08-15|6300 284268|+79047886514|morozova.p31@edu.univ.ru|2025|учится|бюджет
2058|109|Козлов|Матвей|Сергеевич|2006-12-07|1518 969309|+79669261508|kozlov.m45@edu.univ.ru|2025|учится|бюджет
2059|109|Андреева|Екатерина|Ивановна|2006-08-19|4058 896522|+79805749905|andreeva.e75@edu.univ.ru|2025|учится|бюджет
2060|110|Макарова|Юлия|Михайловна|2007-11-01|5983 449248|+79597323877|makarova.y70@edu.univ.ru|2025|учится|бюджет
2061|110|Морозова|Елизавета|Артёмовна|2008-11-05|1443 254340|+79621141304|morozova.e48@edu.univ.ru|2025|учится|контракт
2062|110|Егоров|Дмитрий|Андреевич|2006-02-07|3288 568984|+79873005299|egorov.d39@edu.univ.ru|2025|учится|контракт
2063|110|Лебедева|Мария|Сергеевна|2008-09-20|4408 565836|+79252854819|lebedeva.m12@edu.univ.ru|2025|учится|бюджет
2064|110|Лебедева|Наталья|Михайловна|2007-08-08|2499 815173|+79687519099|lebedeva.n35@edu.univ.ru|2025|учится|бюджет
2065|110|Морозов|Сергей|Ильич|2006-07-06|8250 252446|+79597156410|morozov.s40@edu.univ.ru|2025|учится|бюджет
2066|110|Попова|Юлия|Сергеевна|2006-11-06|1163 493080|+79932654893|popova.y24@edu.univ.ru|2025|учится|контракт
2067|110|Орлов|Сергей|Ильич|2006-05-08|9439 510146|+79334006646|orlov.s58@edu.univ.ru|2025|учится|бюджет
2068|110|Лебедева|Дарья|Михайловна|2006-03-02|2117 108142|+79692123300|lebedeva.d97@edu.univ.ru|2025|учится|контракт
2069|110|Михайлов|Илья|Максимович|2005-04-09|6458 814982|+79328125299|mihaylov.i14@edu.univ.ru|2025|учится|бюджет
2070|110|Петров|Матвей|Михайлович|2005-12-26|4324 314643|+79857250082|petrov.m71@edu.univ.ru|2025|учится|бюджет
2071|110|Соколов|Егор|Иванович|2005-02-04|2147 292603|+79893463847|sokolov.e18@edu.univ.ru|2025|учится|контракт
2072|110|Козлова|Ольга|Артёмовна|2006-07-19|4573 268193|+79012359624|kozlova.o11@edu.univ.ru|2025|учится|контракт
2073|110|Петрова|Ольга|Артёмовна|2007-04-08|8138 867734|+79073813603|petrova.o64@edu.univ.ru|2025|учится|бюджет
2074|110|Иванов|Сергей|Дмитриевич|2006-11-15|4589 534305|+79629883069|ivanov.s20@edu.univ.ru|2025|учится|бюджет
2075|110|Никитин|Никита|Иванович|2008-01-12|3607 114467|+79326896636|nikitin.n24@edu.univ.ru|2025|учится|бюджет
2076|110|Павлова|Мария|Сергеевна|2006-10-11|3098 412519|+79632565430|pavlova.m53@edu.univ.ru|2025|учится|контракт
2077|110|Никитин|Максим|Михайлович|2006-03-16|3185 778425|+79385329380|nikitin.m41@edu.univ.ru|2025|учится|бюджет
2078|110|Козлова|Алиса|Артёмовна|2006-08-02|8733 721672|+79199130477|kozlova.a63@edu.univ.ru|2025|учится|бюджет
2079|110|Волков|Арсений|Сергеевич|2008-04-03|4827 562759|+79798054024|volkov.a24@edu.univ.ru|2025|учится|контракт
2080|110|Макарова|Виктория|Дмитриевна|2007-01-11|8575 389184|+79167834121|makarova.v30@edu.univ.ru|2025|учится|контракт
2081|110|Соколова|Наталья|Михайловна|2005-12-20|7867 563973|+79700435964|sokolova.n20@edu.univ.ru|2025|учится|бюджет
2082|110|Макарова|София|Ильинична|2006-04-20|2862 382787|+79208576410|makarova.s35@edu.univ.ru|2025|отчислен|бюджет
2083|110|Новиков|Александр|Максимович|2006-11-10|5974 650100|+79362884344|novikov.a78@edu.univ.ru|2025|учится|бюджет
2084|110|Павлова|Алиса|Ивановна|2006-07-27|1038 665790|+79865831151|pavlova.a74@edu.univ.ru|2025|учится|контракт
2085|110|Макаров|Дмитрий|Ильич|2007-08-24|6405 122600|+79135945756|makarov.d45@edu.univ.ru|2025|учится|контракт
2086|110|Орлов|Кирилл|Михайлович|2008-08-13|2021 775135|+79445905481|orlov.k49@edu.univ.ru|2025|учится|контракт
2087|110|Новикова|Юлия|Алексеевна|2006-08-12|8817 258237|+79807813681|novikova.y74@edu.univ.ru|2025|учится|контракт
2088|110|Орлова|Дарья|Кирилловна|2007-10-13|2662 985759|+79660236634|orlova.d89@edu.univ.ru|2025|учится|контракт
2089|110|Лебедева|Мария|Ивановна|2006-02-26|7831 121245|+79225436929|lebedeva.m52@edu.univ.ru|2025|учится|контракт
2090|110|Михайлова|Татьяна|Дмитриевна|2007-07-17|8472 254398|+79247729236|mihaylova.t14@edu.univ.ru|2025|учится|бюджет
2091|111|Степанова|Мария|Александровна|2008-01-06|2252 549066|+79131593235|stepanova.m71@edu.univ.ru|2025|учится|бюджет
2092|111|Семёнов|Сергей|Александрович|2008-12-14|6005 743772|+79463223723|semenov.s74@edu.univ.ru|2025|учится|бюджет
2093|111|Козлова|Марина|Сергеевна|2008-01-20|4182 310389|+79785802268|kozlova.m54@edu.univ.ru|2025|учится|бюджет
2094|111|Фёдорова|Алиса|Максимовна|2008-06-15|9987 605890|+79016011778|fedorova.a51@edu.univ.ru|2025|отчислен|бюджет
2095|111|Алексеев|Алексей|Сергеевич|2008-05-15|7644 632244|+79675857331|alekseev.a54@edu.univ.ru|2025|отчислен|бюджет
2096|111|Николаева|Татьяна|Романовна|2008-05-04|7487 693079|+79812490059|nikolaeva.t44@edu.univ.ru|2025|учится|контракт
2097|111|Смирнова|Юлия|Романовна|2007-06-23|7941 885191|+79758685436|smirnova.y82@edu.univ.ru|2025|учится|бюджет
2098|111|Смирнова|Татьяна|Ивановна|2006-10-24|1254 645402|+79327811579|smirnova.t88@edu.univ.ru|2025|учится|контракт
2099|111|Макарова|Наталья|Максимовна|2007-03-10|3219 404465|+79162411036|makarova.n61@edu.univ.ru|2025|учится|бюджет
2100|111|Алексеева|Ксения|Сергеевна|2007-01-17|8401 850822|+79477288855|alekseeva.k88@edu.univ.ru|2025|учится|бюджет
2101|111|Васильев|Сергей|Михайлович|2005-08-13|3000 228222|+79184232229|vasilev.s19@edu.univ.ru|2025|учится|бюджет
2102|111|Новикова|Марина|Михайловна|2006-02-04|2201 151863|+79240104189|novikova.m46@edu.univ.ru|2025|учится|бюджет
2103|111|Павлова|Виктория|Александровна|2005-02-27|5798 860337|+79800618519|pavlova.v70@edu.univ.ru|2025|учится|бюджет
2104|111|Новиков|Кирилл|Алексеевич|2008-07-23|2266 992352|+79533335846|novikov.k17@edu.univ.ru|2025|учится|бюджет
2105|111|Васильев|Дмитрий|Алексеевич|2008-05-24|4272 321048|+79931269380|vasilev.d36@edu.univ.ru|2025|учится|контракт
2106|111|Егорова|Мария|Александровна|2007-09-26|8403 906474|+79464059590|egorova.m23@edu.univ.ru|2025|учится|бюджет
2107|111|Петрова|София|Дмитриевна|2008-06-01|3364 450862|+79247456153|petrova.s80@edu.univ.ru|2025|учится|бюджет
2108|111|Кузнецов|Алексей|Андреевич|2007-04-09|4206 707687|+79012852861|kuznecov.a15@edu.univ.ru|2025|учится|контракт
2109|111|Алексеев|Матвей|Алексеевич|2007-02-13|8453 857294|+79957624736|alekseev.m93@edu.univ.ru|2025|учится|бюджет
2110|111|Новикова|Полина|Сергеевна|2005-03-11|6542 420501|+79875962762|novikova.p82@edu.univ.ru|2025|учится|контракт
2111|111|Петрова|Мария|Артёмовна|2008-05-16|4931 511301|+79446291844|petrova.m72@edu.univ.ru|2025|учится|бюджет
2112|111|Смирнова|Анна|Алексеевна|2006-01-18|1604 502850|+79445720139|smirnova.a31@edu.univ.ru|2025|отчислен|бюджет
2113|111|Лебедева|Ольга|Ивановна|2005-10-11|1265 799262|+79890798817|lebedeva.o88@edu.univ.ru|2025|учится|контракт
2114|111|Козлов|Арсений|Андреевич|2005-10-11|5821 110254|+79125295733|kozlov.a29@edu.univ.ru|2025|учится|бюджет
2115|111|Волков|Егор|Максимович|2006-04-20|2930 617149|+79355807336|volkov.e67@edu.univ.ru|2025|учится|бюджет
2116|111|Соколов|Алексей|Сергеевич|2008-09-19|4043 147869|+79209988557|sokolov.a76@edu.univ.ru|2025|учится|бюджет
2117|111|Лебедев|Максим|Михайлович|2006-12-23|2642 508348|+79140320014|lebedev.m23@edu.univ.ru|2025|учится|бюджет
2118|111|Кузнецова|София|Кирилловна|2008-09-16|3771 183964|+79639968287|kuznecova.s70@edu.univ.ru|2025|учится|контракт
2119|111|Васильев|Роман|Романович|2008-02-20|7529 547654|+79925137882|vasilev.r58@edu.univ.ru|2025|учится|бюджет
2120|111|Иванов|Дмитрий|Александрович|2007-12-05|3445 473052|+79973869158|ivanov.d34@edu.univ.ru|2025|учится|бюджет
2121|111|Кузнецов|Иван|Алексеевич|2005-08-12|2467 774343|+79253767511|kuznecov.i31@edu.univ.ru|2025|отчислен|бюджет
2122|111|Васильев|Денис|Дмитриевич|2008-09-12|2142 690497|+79918250699|vasilev.d83@edu.univ.ru|2025|отчислен|бюджет
2123|111|Фёдоров|Дмитрий|Дмитриевич|2005-11-14|8427 909457|+79504497368|fedorov.d36@edu.univ.ru|2025|учится|контракт
2124|111|Петров|Алексей|Романович|2007-10-25|6393 270341|+79262552790|petrov.a40@edu.univ.ru|2025|учится|бюджет
2125|111|Кузнецов|Илья|Ильич|2008-09-20|4217 329057|+79686951431|kuznecov.i95@edu.univ.ru|2025|учится|бюджет
2126|111|Павлова|Наталья|Ильинична|2007-07-17|5427 514212|+79018959412|pavlova.n98@edu.univ.ru|2025|учится|бюджет
2127|111|Кузнецова|Елизавета|Андреевна|2007-06-26|3151 767649|+79321656855|kuznecova.e43@edu.univ.ru|2025|учится|бюджет
2128|111|Алексеева|Полина|Романовна|2007-05-26|3244 655602|+79553418662|alekseeva.p46@edu.univ.ru|2025|учится|бюджет
2129|111|Степанова|Юлия|Дмитриевна|2005-03-15|7741 371810|+79332225016|stepanova.y27@edu.univ.ru|2025|учится|бюджет
2130|111|Никитина|Татьяна|Ильинична|2007-03-05|9694 287496|+79318886925|nikitina.t88@edu.univ.ru|2025|отчислен|бюджет
2131|112|Фёдорова|Марина|Андреевна|2004-12-22|1806 275931|+79046074906|fedorova.m11@edu.univ.ru|2024|учится|контракт
2132|112|Кузнецов|Кирилл|Андреевич|2005-06-02|4224 551018|+79755331471|kuznecov.k58@edu.univ.ru|2024|учится|контракт
2133|112|Лебедева|Ксения|Михайловна|2005-06-11|1992 588490|+79548370085|lebedeva.k53@edu.univ.ru|2024|учится|контракт
2134|112|Васильева|Марина|Кирилловна|2004-06-08|1273 835346|+79771752795|vasileva.m38@edu.univ.ru|2024|учится|бюджет
2135|112|Соколова|Анастасия|Андреевна|2005-12-16|8914 385077|+79826748512|sokolova.a60@edu.univ.ru|2024|учится|бюджет
2136|112|Никитин|Максим|Ильич|2005-12-04|7162 953732|+79799103958|nikitin.m92@edu.univ.ru|2024|учится|контракт
2137|112|Козлова|Наталья|Ильинична|2006-01-16|3027 531579|+79748736002|kozlova.n54@edu.univ.ru|2024|учится|контракт
2138|112|Попова|Анна|Максимовна|2006-11-10|1518 237448|+79473759505|popova.a60@edu.univ.ru|2024|учится|бюджет
2139|112|Смирнов|Дмитрий|Максимович|2006-02-10|6966 721168|+79750801461|smirnov.d76@edu.univ.ru|2024|учится|контракт
2140|112|Соколов|Дмитрий|Сергеевич|2006-02-13|4351 353511|+79126568058|sokolov.d49@edu.univ.ru|2024|учится|контракт
2141|112|Алексеева|Виктория|Алексеевна|2007-01-08|8676 557320|+79452130775|alekseeva.v71@edu.univ.ru|2024|учится|бюджет
2142|112|Новикова|Виктория|Артёмовна|2005-01-03|7881 512670|+79887490490|novikova.v40@edu.univ.ru|2024|учится|контракт
2143|112|Павлова|Анастасия|Сергеевна|2004-08-13|7800 237976|+79084847114|pavlova.a72@edu.univ.ru|2024|учится|бюджет
2144|112|Соколов|Роман|Кириллович|2005-01-04|7027 972228|+79585383925|sokolov.r25@edu.univ.ru|2024|учится|бюджет
2145|112|Петрова|Дарья|Максимовна|2006-11-01|7610 841765|+79738931437|petrova.d72@edu.univ.ru|2024|учится|бюджет
2146|112|Орлов|Артём|Дмитриевич|2007-03-14|4788 242063|+79032989179|orlov.a42@edu.univ.ru|2024|учится|бюджет
2147|112|Петрова|Юлия|Андреевна|2005-06-13|3784 787023|+79443169322|petrova.y87@edu.univ.ru|2024|учится|контракт
2148|112|Михайлова|Анна|Дмитриевна|2006-04-04|4659 302264|+79739534716|mihaylova.a62@edu.univ.ru|2024|учится|контракт
2149|112|Соколова|София|Дмитриевна|2004-03-05|9884 307628|+79256676394|sokolova.s37@edu.univ.ru|2024|учится|контракт
2150|112|Попов|Роман|Ильич|2007-11-10|3741 234416|+79361568537|popov.r50@edu.univ.ru|2024|учится|контракт
2151|112|Павлова|Ольга|Ивановна|2006-05-20|2678 847227|+79391194619|pavlova.o54@edu.univ.ru|2024|учится|бюджет
2152|112|Семёнова|Елизавета|Дмитриевна|2004-10-13|7737 391246|+79946743339|semenova.e46@edu.univ.ru|2024|учится|контракт
2153|112|Орлова|Анна|Кирилловна|2004-12-10|2558 820719|+79411087614|orlova.a52@edu.univ.ru|2024|учится|контракт
2154|112|Петров|Иван|Андреевич|2005-06-16|8469 843852|+79957004458|petrov.i33@edu.univ.ru|2024|отчислен|бюджет
2155|112|Степанов|Илья|Алексеевич|2006-04-09|2141 804869|+79061772785|stepanov.i30@edu.univ.ru|2024|учится|бюджет
2156|112|Петров|Никита|Иванович|2006-06-17|5719 975394|+79767396764|petrov.n68@edu.univ.ru|2024|учится|бюджет
2157|112|Васильев|Алексей|Романович|2007-05-16|6106 616675|+79918281457|vasilev.a82@edu.univ.ru|2024|учится|контракт
2158|112|Волкова|Наталья|Ивановна|2005-01-02|7153 730239|+79221130557|volkova.n76@edu.univ.ru|2024|учится|бюджет
2159|112|Макарова|Дарья|Сергеевна|2006-06-25|1688 842009|+79088745956|makarova.d78@edu.univ.ru|2024|учится|бюджет
2160|112|Попова|Елизавета|Ильинична|2004-05-26|7306 821116|+79436943440|popova.e36@edu.univ.ru|2024|учится|бюджет
2161|112|Николаев|Андрей|Дмитриевич|2007-12-05|2772 837841|+79191982645|nikolaev.a35@edu.univ.ru|2024|учится|бюджет
2162|112|Смирнова|Ольга|Максимовна|2007-09-21|1816 249388|+79815871031|smirnova.o20@edu.univ.ru|2024|учится|бюджет
2163|112|Смирнов|Сергей|Сергеевич|2007-11-01|8083 758320|+79260561288|smirnov.s49@edu.univ.ru|2024|учится|бюджет
2164|112|Волкова|Наталья|Алексеевна|2005-05-27|3672 591863|+79407373125|volkova.n84@edu.univ.ru|2024|учится|контракт
2165|112|Попова|Анастасия|Андреевна|2005-04-24|3115 134142|+79260944339|popova.a65@edu.univ.ru|2024|учится|бюджет
2166|112|Попова|Дарья|Михайловна|2007-07-09|1096 766561|+79064479334|popova.d64@edu.univ.ru|2024|отчислен|бюджет
2167|112|Семёнов|Максим|Андреевич|2006-10-05|3506 274685|+79309563615|semenov.m16@edu.univ.ru|2024|учится|бюджет
2168|113|Волкова|Алиса|Алексеевна|2007-01-21|5504 690410|+79553801757|volkova.a90@edu.univ.ru|2024|учится|контракт
2169|113|Морозова|Татьяна|Ивановна|2007-05-24|7609 604754|+79630838520|morozova.t37@edu.univ.ru|2024|учится|контракт
2170|113|Петрова|Анна|Кирилловна|2005-11-25|5324 660317|+79452028561|petrova.a74@edu.univ.ru|2024|учится|бюджет
2171|113|Попов|Матвей|Михайлович|2007-09-22|5506 501394|+79728641228|popov.m27@edu.univ.ru|2024|академ|бюджет
2172|113|Кузнецов|Никита|Андреевич|2005-08-18|4792 346147|+79033560578|kuznecov.n45@edu.univ.ru|2024|учится|бюджет
2173|113|Васильева|Мария|Романовна|2006-09-25|2923 692905|+79125058509|vasileva.m98@edu.univ.ru|2024|академ|контракт
2174|113|Иванова|Татьяна|Дмитриевна|2005-10-01|6200 733658|+79508082311|ivanova.t65@edu.univ.ru|2024|учится|бюджет
2175|113|Попова|Екатерина|Сергеевна|2004-04-22|9834 757894|+79979356387|popova.e24@edu.univ.ru|2024|учится|бюджет
2176|113|Николаева|Дарья|Кирилловна|2004-06-20|2142 167709|+79291270803|nikolaeva.d77@edu.univ.ru|2024|учится|бюджет
2177|113|Никитин|Максим|Артёмович|2006-02-26|7199 859271|+79191659377|nikitin.m87@edu.univ.ru|2024|учится|бюджет
2178|113|Морозова|Мария|Артёмовна|2006-09-09|4727 285282|+79050110928|morozova.m54@edu.univ.ru|2024|учится|бюджет
2179|113|Козлов|Александр|Александрович|2006-07-13|2968 860360|+79148313273|kozlov.a21@edu.univ.ru|2024|учится|бюджет
2180|113|Морозов|Егор|Андреевич|2005-02-01|3484 102333|+79447075888|morozov.e93@edu.univ.ru|2024|учится|контракт
2181|113|Орлова|Анастасия|Ивановна|2007-07-24|4408 165095|+79433392804|orlova.a86@edu.univ.ru|2024|учится|контракт
2182|113|Андреева|Ольга|Алексеевна|2006-02-07|3587 564873|+79190104653|andreeva.o29@edu.univ.ru|2024|учится|бюджет
2183|113|Иванов|Денис|Романович|2007-12-26|9201 312440|+79380263430|ivanov.d68@edu.univ.ru|2024|учится|контракт
2184|113|Морозова|Полина|Романовна|2004-06-28|5051 417596|+79946011084|morozova.p51@edu.univ.ru|2024|академ|бюджет
2185|113|Семёнова|Юлия|Сергеевна|2006-09-08|8583 730792|+79815839953|semenova.y56@edu.univ.ru|2024|отчислен|бюджет
2186|113|Лебедев|Илья|Иванович|2004-07-02|5874 321031|+79384339894|lebedev.i19@edu.univ.ru|2024|учится|контракт
2187|113|Андреева|Ольга|Андреевна|2005-08-04|2011 581733|+79739942491|andreeva.o74@edu.univ.ru|2024|учится|контракт
2188|113|Волкова|Наталья|Артёмовна|2004-08-20|6754 834823|+79951832808|volkova.n46@edu.univ.ru|2024|учится|бюджет
2189|113|Михайлов|Михаил|Алексеевич|2005-07-11|9935 275876|+79397277720|mihaylov.m80@edu.univ.ru|2024|учится|контракт
2190|113|Волков|Михаил|Дмитриевич|2006-12-25|1827 573129|+79711544363|volkov.m92@edu.univ.ru|2024|учится|бюджет
2191|113|Козлова|Ольга|Александровна|2005-11-23|6997 245412|+79719491635|kozlova.o41@edu.univ.ru|2024|учится|контракт
2192|113|Алексеев|Роман|Александрович|2007-03-03|6370 832373|+79952760897|alekseev.r81@edu.univ.ru|2024|учится|контракт
2193|113|Николаев|Дмитрий|Кириллович|2006-06-07|5630 648435|+79918613168|nikolaev.d50@edu.univ.ru|2024|академ|контракт
2194|113|Козлова|Мария|Алексеевна|2006-07-04|9661 897218|+79519128327|kozlova.m76@edu.univ.ru|2024|учится|бюджет
2195|113|Никитина|Анна|Сергеевна|2007-12-05|8324 274091|+79442589153|nikitina.a12@edu.univ.ru|2024|учится|бюджет
2196|113|Васильев|Кирилл|Кириллович|2004-11-10|3392 166162|+79818881824|vasilev.k87@edu.univ.ru|2024|учится|контракт
2197|113|Михайлова|София|Алексеевна|2005-07-05|6930 881989|+79508032945|mihaylova.s58@edu.univ.ru|2024|учится|контракт
2198|113|Лебедева|Наталья|Дмитриевна|2006-08-01|8233 454738|+79788916527|lebedeva.n61@edu.univ.ru|2024|учится|бюджет
2199|113|Алексеев|Алексей|Дмитриевич|2006-06-04|2686 258382|+79055276542|alekseev.a50@edu.univ.ru|2024|академ|контракт
2200|113|Морозова|Мария|Максимовна|2005-07-18|7408 566641|+79487400762|morozova.m68@edu.univ.ru|2024|учится|контракт
2201|113|Павлова|Марина|Михайловна|2005-10-18|3456 509563|+79628185700|pavlova.m95@edu.univ.ru|2024|академ|контракт
2202|113|Соколова|Ксения|Ивановна|2004-12-20|4440 631171|+79453501039|sokolova.k58@edu.univ.ru|2024|учится|бюджет
2203|113|Макарова|Дарья|Андреевна|2004-03-08|6948 269380|+79360195006|makarova.d38@edu.univ.ru|2024|учится|бюджет
2204|113|Михайлова|Ольга|Сергеевна|2004-07-10|8415 462930|+79073991520|mihaylova.o70@edu.univ.ru|2024|учится|бюджет
2205|113|Попова|Юлия|Михайловна|2007-06-22|2280 928533|+79074732442|popova.y24@edu.univ.ru|2024|учится|бюджет
2206|114|Кузнецова|Анастасия|Кирилловна|2005-10-12|1021 907116|+79878875506|kuznecova.a98@edu.univ.ru|2024|учится|контракт
2207|114|Семёнов|Иван|Сергеевич|2007-07-15|4836 649615|+79062157563|semenov.i90@edu.univ.ru|2024|учится|контракт
2208|114|Макарова|Мария|Сергеевна|2006-10-24|8700 271890|+79618690839|makarova.m35@edu.univ.ru|2024|учится|контракт
2209|114|Андреева|Татьяна|Александровна|2006-11-11|4782 940162|+79422215236|andreeva.t53@edu.univ.ru|2024|учится|контракт
2210|114|Михайлов|Илья|Сергеевич|2005-03-11|8451 509433|+79044252715|mihaylov.i37@edu.univ.ru|2024|отчислен|контракт
2211|114|Алексеева|Полина|Андреевна|2006-12-12|1703 326732|+79216160607|alekseeva.p58@edu.univ.ru|2024|учится|контракт
2212|114|Андреев|Роман|Сергеевич|2004-08-01|4225 239503|+79222566086|andreev.r66@edu.univ.ru|2024|учится|контракт
2213|114|Соколова|Ольга|Михайловна|2007-04-13|3319 324731|+79675460564|sokolova.o40@edu.univ.ru|2024|учится|бюджет
2214|114|Семёнова|Виктория|Александровна|2006-01-11|5051 111309|+79435643154|semenova.v72@edu.univ.ru|2024|учится|бюджет
2215|114|Новикова|Анна|Андреевна|2005-02-07|9133 935629|+79030400949|novikova.a66@edu.univ.ru|2024|учится|бюджет
2216|114|Николаева|Анастасия|Алексеевна|2005-01-05|9065 960281|+79582424131|nikolaeva.a87@edu.univ.ru|2024|учится|бюджет
2217|114|Фёдоров|Артём|Максимович|2006-11-24|6490 246214|+79798220940|fedorov.a21@edu.univ.ru|2024|учится|бюджет
2218|114|Степанова|Анна|Максимовна|2005-06-16|5841 371269|+79939753353|stepanova.a98@edu.univ.ru|2024|учится|бюджет
2219|114|Павлов|Дмитрий|Ильич|2007-08-07|4895 960652|+79008938521|pavlov.d29@edu.univ.ru|2024|учится|контракт
2220|114|Новикова|Анна|Дмитриевна|2007-03-20|5655 817948|+79483931118|novikova.a52@edu.univ.ru|2024|учится|бюджет
2221|114|Никитина|Екатерина|Ивановна|2007-10-02|4787 693586|+79016328211|nikitina.e26@edu.univ.ru|2024|учится|бюджет
2222|114|Попов|Михаил|Андреевич|2007-01-07|2956 967277|+79375972210|popov.m65@edu.univ.ru|2024|учится|бюджет
2223|114|Андреева|Марина|Максимовна|2007-11-27|2430 125929|+79443568959|andreeva.m93@edu.univ.ru|2024|учится|бюджет
2224|114|Алексеев|Арсений|Иванович|2005-05-27|6489 573962|+79797045165|alekseev.a51@edu.univ.ru|2024|учится|бюджет
2225|114|Лебедева|Татьяна|Кирилловна|2004-12-13|5367 948446|+79090083002|lebedeva.t68@edu.univ.ru|2024|учится|контракт
2226|114|Кузнецова|Елизавета|Алексеевна|2006-05-25|8530 766499|+79461521485|kuznecova.e20@edu.univ.ru|2024|учится|бюджет
2227|114|Новиков|Алексей|Андреевич|2006-07-01|5880 940262|+79572636989|novikov.a24@edu.univ.ru|2024|учится|контракт
2228|114|Николаева|Наталья|Сергеевна|2007-12-19|3677 683711|+79616270532|nikolaeva.n17@edu.univ.ru|2024|отчислен|бюджет
2229|114|Павлов|Илья|Андреевич|2006-09-26|1590 361433|+79721301972|pavlov.i20@edu.univ.ru|2024|учится|бюджет
2230|114|Андреева|Татьяна|Александровна|2005-07-03|3936 197233|+79677960550|andreeva.t48@edu.univ.ru|2024|учится|бюджет
2231|114|Макарова|Алиса|Ивановна|2006-05-07|5080 188902|+79991374460|makarova.a75@edu.univ.ru|2024|учится|контракт
2232|114|Макарова|Дарья|Дмитриевна|2007-04-08|7176 686917|+79729633635|makarova.d27@edu.univ.ru|2024|учится|бюджет
2233|114|Егоров|Андрей|Ильич|2005-04-10|5462 961802|+79337286287|egorov.a66@edu.univ.ru|2024|учится|контракт
2234|114|Фёдорова|Мария|Алексеевна|2007-10-07|6769 155565|+79620903589|fedorova.m76@edu.univ.ru|2024|учится|бюджет
2235|114|Алексеев|Роман|Александрович|2006-10-09|3229 599923|+79962781397|alekseev.r84@edu.univ.ru|2024|выпущен|бюджет
2236|114|Иванова|Марина|Алексеевна|2004-01-21|5125 746480|+79681880570|ivanova.m76@edu.univ.ru|2024|учится|бюджет
2237|114|Лебедев|Михаил|Михайлович|2006-05-04|2403 774200|+79428435845|lebedev.m90@edu.univ.ru|2024|учится|контракт
2238|114|Алексеева|Ксения|Максимовна|2004-10-06|6918 708485|+79999081175|alekseeva.k38@edu.univ.ru|2024|учится|бюджет
2239|114|Лебедева|Анна|Ивановна|2004-12-10|1888 235325|+79792858343|lebedeva.a11@edu.univ.ru|2024|учится|бюджет
2240|114|Павлов|Артём|Дмитриевич|2005-02-16|5742 996336|+79915632881|pavlov.a29@edu.univ.ru|2024|учится|бюджет
2241|114|Васильев|Максим|Михайлович|2004-12-08|8035 933254|+79332108498|vasilev.m96@edu.univ.ru|2024|учится|контракт
2242|115|Никитина|Мария|Максимовна|2005-07-15|1850 550744|+79671200920|nikitina.m41@edu.univ.ru|2024|учится|бюджет
2243|115|Макаров|Денис|Дмитриевич|2007-12-07|5796 889743|+79592038943|makarov.d38@edu.univ.ru|2024|учится|бюджет
2244|115|Соколов|Илья|Андреевич|2006-12-25|3992 254426|+79957706718|sokolov.i27@edu.univ.ru|2024|академ|контракт
2245|115|Фёдорова|Марина|Сергеевна|2006-01-01|3752 665919|+79050573006|fedorova.m74@edu.univ.ru|2024|отчислен|контракт
2246|115|Орлов|Роман|Иванович|2005-08-24|4456 273709|+79385047636|orlov.r40@edu.univ.ru|2024|учится|контракт
2247|115|Николаев|Роман|Романович|2004-11-04|3513 711532|+79739132343|nikolaev.r97@edu.univ.ru|2024|академ|контракт
2248|115|Козлов|Арсений|Михайлович|2006-09-10|6266 128236|+79463301388|kozlov.a73@edu.univ.ru|2024|учится|контракт
2249|115|Иванова|Елизавета|Ивановна|2006-06-10|8767 571224|+79927813412|ivanova.e82@edu.univ.ru|2024|учится|бюджет
2250|115|Соколов|Алексей|Дмитриевич|2006-11-17|4296 762273|+79963523496|sokolov.a67@edu.univ.ru|2024|учится|контракт
2251|115|Никитина|Екатерина|Дмитриевна|2006-05-12|1774 963241|+79831544550|nikitina.e88@edu.univ.ru|2024|учится|бюджет
2252|115|Попова|Марина|Дмитриевна|2006-09-18|5200 779339|+79987447448|popova.m79@edu.univ.ru|2024|учится|бюджет
2253|115|Волкова|Виктория|Кирилловна|2005-08-01|8797 588432|+79487898769|volkova.v47@edu.univ.ru|2024|учится|бюджет
2254|115|Павлов|Михаил|Михайлович|2007-03-11|6522 228349|+79363836153|pavlov.m14@edu.univ.ru|2024|учится|контракт
2255|115|Новиков|Роман|Артёмович|2004-08-19|1461 735531|+79667675466|novikov.r89@edu.univ.ru|2024|учится|бюджет
2256|115|Макарова|Ксения|Кирилловна|2007-01-28|6481 880204|+79278920903|makarova.k34@edu.univ.ru|2024|учится|бюджет
2257|115|Павлов|Артём|Ильич|2004-10-25|5746 411764|+79067311462|pavlov.a58@edu.univ.ru|2024|учится|контракт
2258|115|Павлова|Алиса|Андреевна|2007-06-05|3483 160806|+79661727238|pavlova.a12@edu.univ.ru|2024|учится|контракт
2259|115|Васильева|Марина|Ильинична|2005-02-24|9374 362774|+79444777155|vasileva.m46@edu.univ.ru|2024|учится|контракт
2260|115|Соколов|Артём|Максимович|2004-04-14|7158 338915|+79267178863|sokolov.a88@edu.univ.ru|2024|учится|бюджет
2261|115|Соколов|Александр|Ильич|2005-11-09|1994 271270|+79770051336|sokolov.a82@edu.univ.ru|2024|учится|бюджет
2262|115|Васильева|Анастасия|Андреевна|2004-11-21|9352 785831|+79416054120|vasileva.a24@edu.univ.ru|2024|учится|бюджет
2263|115|Орлов|Сергей|Ильич|2006-11-28|6713 754727|+79925079043|orlov.s21@edu.univ.ru|2024|учится|контракт
2264|115|Андреев|Александр|Александрович|2006-08-15|3958 597412|+79466287467|andreev.a29@edu.univ.ru|2024|учится|контракт
2265|115|Макарова|Юлия|Александровна|2006-02-23|3747 463647|+79975801078|makarova.y61@edu.univ.ru|2024|учится|контракт
2266|115|Алексеева|Татьяна|Ивановна|2006-01-04|1000 752201|+79613780568|alekseeva.t36@edu.univ.ru|2024|учится|бюджет
2267|115|Волков|Алексей|Ильич|2006-09-15|3042 850844|+79467037723|volkov.a81@edu.univ.ru|2024|учится|бюджет
2268|115|Макаров|Роман|Алексеевич|2004-01-08|6350 709043|+79156577209|makarov.r42@edu.univ.ru|2024|учится|контракт
2269|115|Андреев|Александр|Андреевич|2005-10-10|7060 806990|+79368105700|andreev.a77@edu.univ.ru|2024|учится|бюджет
2270|115|Михайлов|Кирилл|Иванович|2007-07-04|7886 721062|+79942894202|mihaylov.k15@edu.univ.ru|2024|учится|бюджет
2271|115|Фёдоров|Денис|Сергеевич|2005-11-15|7544 583358|+79293658040|fedorov.d96@edu.univ.ru|2024|учится|контракт
2272|115|Фёдорова|София|Сергеевна|2007-04-20|1932 826599|+79686610744|fedorova.s57@edu.univ.ru|2024|академ|контракт
2273|115|Егоров|Денис|Сергеевич|2004-05-16|5903 107338|+79186824081|egorov.d20@edu.univ.ru|2024|учится|контракт
2274|115|Семёнова|Полина|Кирилловна|2006-09-15|5662 252750|+79553632013|semenova.p55@edu.univ.ru|2024|учится|бюджет
2275|115|Павлов|Артём|Алексеевич|2004-06-14|7877 910729|+79204441982|pavlov.a47@edu.univ.ru|2024|учится|бюджет
2276|115|Морозов|Матвей|Ильич|2007-09-27|6362 787954|+79103028339|morozov.m61@edu.univ.ru|2024|учится|контракт
2277|116|Соколов|Никита|Сергеевич|2004-05-22|6974 838456|+79134789076|sokolov.n46@edu.univ.ru|2023|учится|бюджет
2278|116|Васильева|Виктория|Кирилловна|2003-04-04|2562 121966|+79132347758|vasileva.v32@edu.univ.ru|2023|учится|бюджет
2279|116|Михайлова|Дарья|Ивановна|2006-02-23|7197 350611|+79063486531|mihaylova.d96@edu.univ.ru|2023|учится|бюджет
2280|116|Васильев|Максим|Кириллович|2004-08-21|7106 104042|+79163978103|vasilev.m20@edu.univ.ru|2023|учится|контракт
2281|116|Лебедева|Мария|Сергеевна|2006-03-24|5390 668569|+79611021037|lebedeva.m60@edu.univ.ru|2023|учится|контракт
2282|116|Кузнецов|Кирилл|Романович|2005-04-25|4147 243724|+79095201583|kuznecov.k79@edu.univ.ru|2023|учится|контракт
2283|116|Павлов|Артём|Андреевич|2005-03-22|6799 994051|+79853932170|pavlov.a79@edu.univ.ru|2023|учится|бюджет
2284|116|Морозова|Ксения|Романовна|2004-07-17|3868 297391|+79878507079|morozova.k95@edu.univ.ru|2023|учится|контракт
2285|116|Кузнецов|Алексей|Сергеевич|2004-01-20|1524 531281|+79865661246|kuznecov.a92@edu.univ.ru|2023|учится|бюджет
2286|116|Степанов|Денис|Артёмович|2006-01-20|2612 384094|+79943853535|stepanov.d89@edu.univ.ru|2023|учится|контракт
2287|116|Смирнов|Андрей|Максимович|2006-06-05|5116 944370|+79830358254|smirnov.a47@edu.univ.ru|2023|учится|контракт
2288|116|Николаева|Мария|Михайловна|2005-01-03|5537 738427|+79516637582|nikolaeva.m89@edu.univ.ru|2023|учится|контракт
2289|116|Орлов|Кирилл|Иванович|2005-12-19|7055 892288|+79892271948|orlov.k45@edu.univ.ru|2023|учится|контракт
2290|116|Козлова|Дарья|Максимовна|2005-01-13|9262 770977|+79851914663|kozlova.d66@edu.univ.ru|2023|учится|контракт
2291|116|Егорова|Юлия|Романовна|2006-09-14|8953 659724|+79363514286|egorova.y64@edu.univ.ru|2023|отчислен|бюджет
2292|116|Петров|Артём|Максимович|2006-09-04|3230 954680|+79056095274|petrov.a86@edu.univ.ru|2023|учится|бюджет
2293|116|Андреев|Александр|Андреевич|2004-09-04|7345 891608|+79052172541|andreev.a48@edu.univ.ru|2023|отчислен|бюджет
2294|116|Иванова|Полина|Сергеевна|2003-11-20|8192 820405|+79018927057|ivanova.p17@edu.univ.ru|2023|отчислен|контракт
2295|116|Лебедев|Александр|Андреевич|2004-11-01|7764 666024|+79842635681|lebedev.a66@edu.univ.ru|2023|учится|контракт
2296|116|Волкова|Марина|Романовна|2003-05-12|4809 752445|+79782302589|volkova.m37@edu.univ.ru|2023|учится|бюджет
2297|116|Козлова|Анастасия|Алексеевна|2005-10-03|9773 831319|+79276361213|kozlova.a29@edu.univ.ru|2023|учится|бюджет
2298|116|Николаев|Никита|Андреевич|2005-01-11|3272 140508|+79957622365|nikolaev.n17@edu.univ.ru|2023|учится|контракт
2299|116|Макарова|Мария|Сергеевна|2003-02-21|6493 624388|+79470785831|makarova.m11@edu.univ.ru|2023|учится|контракт
2300|116|Васильева|Марина|Сергеевна|2004-08-09|1591 533324|+79073068802|vasileva.m86@edu.univ.ru|2023|учится|бюджет
2301|116|Иванов|Дмитрий|Алексеевич|2005-09-03|2074 546232|+79747647422|ivanov.d46@edu.univ.ru|2023|учится|бюджет
2302|116|Кузнецов|Алексей|Андреевич|2004-01-28|4890 942820|+79084148659|kuznecov.a77@edu.univ.ru|2023|учится|бюджет
2303|116|Козлов|Матвей|Артёмович|2003-07-06|6436 853725|+79060016857|kozlov.m69@edu.univ.ru|2023|учится|бюджет
2304|116|Волкова|Татьяна|Кирилловна|2005-03-01|6491 885989|+79828878124|volkova.t39@edu.univ.ru|2023|учится|бюджет
2305|116|Фёдоров|Сергей|Артёмович|2003-09-14|4065 862537|+79876524571|fedorov.s28@edu.univ.ru|2023|учится|бюджет
2306|116|Смирнова|Ксения|Ильинична|2004-10-19|9696 850290|+79388551450|smirnova.k78@edu.univ.ru|2023|учится|бюджет
2307|117|Михайлова|Татьяна|Александровна|2004-11-22|2398 917295|+79621033211|mihaylova.t80@edu.univ.ru|2023|учится|бюджет
2308|117|Степанова|Екатерина|Алексеевна|2003-08-18|4508 290559|+79306166055|stepanova.e93@edu.univ.ru|2023|учится|контракт
2309|117|Никитин|Александр|Романович|2005-09-01|3893 459389|+79027485117|nikitin.a35@edu.univ.ru|2023|учится|бюджет
2310|117|Кузнецова|Виктория|Сергеевна|2005-12-26|7688 402179|+79491526629|kuznecova.v28@edu.univ.ru|2023|учится|бюджет
2311|117|Смирнова|Виктория|Ивановна|2004-07-11|3904 599988|+79239181508|smirnova.v43@edu.univ.ru|2023|учится|бюджет
2312|117|Попов|Илья|Михайлович|2005-05-22|7810 458587|+79022861679|popov.i22@edu.univ.ru|2023|учится|бюджет
2313|117|Степанов|Арсений|Александрович|2006-02-20|5374 491205|+79324138545|stepanov.a41@edu.univ.ru|2023|учится|контракт
2314|117|Михайлова|Екатерина|Александровна|2004-10-23|8438 764005|+79495285554|mihaylova.e67@edu.univ.ru|2023|учится|контракт
2315|117|Николаев|Денис|Ильич|2005-04-05|9085 790863|+79476092283|nikolaev.d93@edu.univ.ru|2023|выпущен|контракт
2316|117|Васильева|Полина|Артёмовна|2006-02-03|7551 786917|+79618416977|vasileva.p49@edu.univ.ru|2023|учится|бюджет
2317|117|Никитина|Анастасия|Ивановна|2005-10-01|8775 373258|+79037815641|nikitina.a56@edu.univ.ru|2023|учится|контракт
2318|117|Морозов|Михаил|Александрович|2003-05-24|7706 383911|+79193495117|morozov.m82@edu.univ.ru|2023|учится|бюджет
2319|117|Лебедева|Мария|Александровна|2003-08-11|7859 568554|+79088391650|lebedeva.m37@edu.univ.ru|2023|учится|бюджет
2320|117|Егоров|Егор|Дмитриевич|2003-02-01|7767 987149|+79264466317|egorov.e78@edu.univ.ru|2023|учится|бюджет
2321|117|Алексеева|Ольга|Александровна|2004-09-13|9317 771923|+79006488447|alekseeva.o44@edu.univ.ru|2023|учится|контракт
2322|117|Иванова|Анна|Михайловна|2006-12-04|6488 447777|+79796747499|ivanova.a35@edu.univ.ru|2023|отчислен|бюджет
2323|117|Волкова|Юлия|Кирилловна|2005-06-16|9894 535382|+79594805559|volkova.y71@edu.univ.ru|2023|учится|бюджет
2324|117|Степанов|Александр|Дмитриевич|2004-06-16|1364 889876|+79963792815|stepanov.a55@edu.univ.ru|2023|учится|бюджет
2325|117|Орлова|Полина|Михайловна|2003-11-02|5987 352843|+79257477303|orlova.p47@edu.univ.ru|2023|учится|контракт
2326|117|Никитина|Анна|Михайловна|2003-08-08|3338 359772|+79967186307|nikitina.a34@edu.univ.ru|2023|отчислен|бюджет
2327|117|Попова|Татьяна|Алексеевна|2004-04-24|4039 899749|+79997932229|popova.t59@edu.univ.ru|2023|отчислен|контракт
2328|117|Семёнов|Денис|Андреевич|2004-09-23|9874 522358|+79890080845|semenov.d85@edu.univ.ru|2023|отчислен|контракт
2329|117|Никитина|Анастасия|Артёмовна|2004-05-14|6583 645806|+79855822629|nikitina.a61@edu.univ.ru|2023|отчислен|бюджет
2330|117|Кузнецова|Алиса|Артёмовна|2006-01-18|6215 146992|+79663191748|kuznecova.a88@edu.univ.ru|2023|учится|бюджет
2331|117|Егорова|Анна|Ильинична|2004-04-05|8580 309677|+79526825251|egorova.a97@edu.univ.ru|2023|отчислен|контракт
2332|117|Фёдоров|Алексей|Кириллович|2005-02-18|3591 563159|+79873724968|fedorov.a85@edu.univ.ru|2023|учится|контракт
2333|117|Егорова|Дарья|Алексеевна|2004-03-20|2452 538701|+79163229116|egorova.d46@edu.univ.ru|2023|учится|контракт
2334|117|Фёдоров|Сергей|Александрович|2005-11-15|2702 358447|+79180790985|fedorov.s84@edu.univ.ru|2023|учится|контракт
2335|117|Новиков|Кирилл|Дмитриевич|2005-10-27|5101 876760|+79607926889|novikov.k62@edu.univ.ru|2023|учится|бюджет
2336|117|Егоров|Никита|Иванович|2005-08-07|4575 349262|+79167619244|egorov.n13@edu.univ.ru|2023|отчислен|бюджет
2337|117|Смирнова|Полина|Ивановна|2006-07-17|2485 394058|+79305238953|smirnova.p61@edu.univ.ru|2023|учится|бюджет
2338|117|Попова|Виктория|Максимовна|2005-07-05|2596 451714|+79043333665|popova.v40@edu.univ.ru|2023|отчислен|контракт
2339|117|Фёдоров|Арсений|Александрович|2004-01-13|3676 978840|+79168653214|fedorov.a89@edu.univ.ru|2023|учится|контракт
2340|117|Козлов|Никита|Иванович|2005-11-05|1578 333214|+79474751547|kozlov.n88@edu.univ.ru|2023|учится|бюджет
2341|117|Фёдорова|Ольга|Ильинична|2003-04-26|6102 696349|+79997407804|fedorova.o39@edu.univ.ru|2023|учится|контракт
2342|117|Иванова|Наталья|Дмитриевна|2006-06-11|7647 150281|+79001134708|ivanova.n60@edu.univ.ru|2023|отчислен|бюджет
2343|117|Николаева|Елизавета|Ильинична|2003-10-18|8287 612137|+79225547336|nikolaeva.e15@edu.univ.ru|2023|учится|бюджет
2344|117|Лебедев|Никита|Артёмович|2005-10-25|8223 235403|+79333868079|lebedev.n82@edu.univ.ru|2023|учится|контракт
2345|117|Степанова|Ксения|Дмитриевна|2006-01-22|6025 796613|+79289477416|stepanova.k88@edu.univ.ru|2023|учится|бюджет
2346|117|Макарова|Татьяна|Ильинична|2006-04-27|4013 864599|+79744466554|makarova.t78@edu.univ.ru|2023|учится|контракт
2347|117|Михайлова|Елизавета|Сергеевна|2006-05-19|6528 425994|+79368044051|mihaylova.e72@edu.univ.ru|2023|отчислен|бюджет
2348|118|Никитин|Дмитрий|Александрович|2003-05-11|8424 680522|+79686605561|nikitin.d19@edu.univ.ru|2023|академ|бюджет
2349|118|Степанов|Александр|Ильич|2005-02-01|1068 243064|+79541976230|stepanov.a20@edu.univ.ru|2023|учится|бюджет
2350|118|Степанова|Анна|Максимовна|2006-08-03|2554 244397|+79429144885|stepanova.a35@edu.univ.ru|2023|учится|бюджет
2351|118|Фёдорова|Алиса|Дмитриевна|2005-12-28|9537 215904|+79204396575|fedorova.a27@edu.univ.ru|2023|учится|контракт
2352|118|Фёдорова|Мария|Артёмовна|2004-10-07|8896 285407|+79590763738|fedorova.m96@edu.univ.ru|2023|отчислен|контракт
2353|118|Лебедева|Дарья|Ильинична|2003-06-05|1847 470012|+79672273748|lebedeva.d64@edu.univ.ru|2023|учится|бюджет
2354|118|Орлов|Максим|Андреевич|2003-08-12|4775 333698|+79758470873|orlov.m11@edu.univ.ru|2023|учится|контракт
2355|118|Павлова|София|Ильинична|2005-03-17|5364 965193|+79283654189|pavlova.s41@edu.univ.ru|2023|учится|контракт
2356|118|Петров|Александр|Романович|2005-09-11|6740 191235|+79537253509|petrov.a97@edu.univ.ru|2023|учится|бюджет
2357|118|Андреева|Татьяна|Артёмовна|2005-04-02|2298 622688|+79833991206|andreeva.t81@edu.univ.ru|2023|учится|контракт
2358|118|Степанов|Арсений|Кириллович|2005-09-09|2159 836538|+79718371075|stepanov.a33@edu.univ.ru|2023|учится|бюджет
2359|118|Смирнов|Михаил|Максимович|2004-03-12|9576 572520|+79355819156|smirnov.m42@edu.univ.ru|2023|отчислен|бюджет
2360|118|Волков|Иван|Романович|2004-09-10|6576 655143|+79216694290|volkov.i27@edu.univ.ru|2023|учится|контракт
2361|118|Егорова|Анна|Романовна|2006-03-23|1865 941256|+79920749040|egorova.a57@edu.univ.ru|2023|выпущен|бюджет
2362|118|Смирнова|Виктория|Александровна|2003-07-06|2773 960045|+79684794843|smirnova.v33@edu.univ.ru|2023|учится|бюджет
2363|118|Иванов|Роман|Андреевич|2006-01-12|6068 566740|+79901135677|ivanov.r72@edu.univ.ru|2023|учится|контракт
2364|118|Семёнов|Егор|Андреевич|2004-07-06|6601 374400|+79159542412|semenov.e54@edu.univ.ru|2023|учится|бюджет
2365|118|Алексеева|Алиса|Александровна|2004-11-06|3079 326828|+79433861100|alekseeva.a73@edu.univ.ru|2023|академ|бюджет
2366|118|Семёнова|Алиса|Ильинична|2003-04-26|9492 190444|+79777035714|semenova.a19@edu.univ.ru|2023|учится|бюджет
2367|118|Павлова|Ольга|Михайловна|2006-03-16|3851 215708|+79569116302|pavlova.o81@edu.univ.ru|2023|учится|контракт
2368|118|Фёдорова|Татьяна|Максимовна|2006-10-11|3256 444936|+79432033606|fedorova.t40@edu.univ.ru|2023|учится|бюджет
2369|118|Егорова|Татьяна|Михайловна|2006-11-27|2689 981061|+79698858675|egorova.t68@edu.univ.ru|2023|учится|контракт
2370|118|Никитина|Полина|Дмитриевна|2003-01-20|9869 221626|+79319389979|nikitina.p57@edu.univ.ru|2023|учится|контракт
2371|118|Соколова|София|Максимовна|2004-05-06|3216 985768|+79090785332|sokolova.s71@edu.univ.ru|2023|отчислен|бюджет
2372|118|Макарова|Анастасия|Дмитриевна|2003-06-19|4599 497988|+79254349473|makarova.a18@edu.univ.ru|2023|учится|контракт
2373|118|Петров|Кирилл|Михайлович|2003-08-07|6946 306349|+79860096895|petrov.k32@edu.univ.ru|2023|отчислен|бюджет
2374|118|Орлов|Максим|Иванович|2003-01-08|5747 341617|+79908546271|orlov.m99@edu.univ.ru|2023|учится|бюджет
2375|118|Попова|Екатерина|Ильинична|2005-10-13|9421 759547|+79618648075|popova.e32@edu.univ.ru|2023|учится|бюджет
2376|118|Николаев|Михаил|Романович|2004-09-20|2722 365506|+79397152646|nikolaev.m81@edu.univ.ru|2023|учится|контракт
2377|118|Иванов|Сергей|Александрович|2003-10-24|4369 947796|+79682648284|ivanov.s61@edu.univ.ru|2023|учится|бюджет
2378|119|Иванов|Денис|Артёмович|2003-03-19|5036 783697|+79109881315|ivanov.d63@edu.univ.ru|2023|учится|бюджет
2379|119|Соколова|Виктория|Ильинична|2004-07-18|9982 486611|+79691050974|sokolova.v98@edu.univ.ru|2023|учится|контракт
2380|119|Никитина|Виктория|Сергеевна|2003-02-10|9612 199049|+79799001459|nikitina.v18@edu.univ.ru|2023|отчислен|контракт
2381|119|Алексеева|Анастасия|Алексеевна|2004-02-26|7014 724058|+79644451670|alekseeva.a63@edu.univ.ru|2023|учится|контракт
2382|119|Лебедева|Татьяна|Александровна|2003-04-16|1641 710144|+79130371697|lebedeva.t43@edu.univ.ru|2023|учится|бюджет
2383|119|Семёнова|Мария|Романовна|2004-02-19|6385 164303|+79650290009|semenova.m83@edu.univ.ru|2023|учится|бюджет
2384|119|Михайлов|Егор|Михайлович|2005-11-16|4852 819299|+79502413165|mihaylov.e42@edu.univ.ru|2023|учится|контракт
2385|119|Павлова|Юлия|Александровна|2005-12-16|7059 410844|+79701537179|pavlova.y24@edu.univ.ru|2023|учится|контракт
2386|119|Попова|Анна|Романовна|2006-10-08|6123 344152|+79210072283|popova.a86@edu.univ.ru|2023|учится|контракт
2387|119|Попова|Ольга|Дмитриевна|2003-03-13|4371 609195|+79337562564|popova.o63@edu.univ.ru|2023|учится|бюджет
2388|119|Козлова|Мария|Андреевна|2003-11-03|2926 583882|+79233638080|kozlova.m75@edu.univ.ru|2023|учится|контракт
2389|119|Фёдоров|Артём|Сергеевич|2006-11-02|1500 224184|+79344789512|fedorov.a94@edu.univ.ru|2023|учится|бюджет
2390|119|Волкова|Виктория|Максимовна|2003-05-03|8957 521596|+79581151109|volkova.v14@edu.univ.ru|2023|учится|бюджет
2391|119|Кузнецов|Дмитрий|Максимович|2003-01-17|9309 988555|+79467361106|kuznecov.d89@edu.univ.ru|2023|учится|контракт
2392|119|Смирнов|Михаил|Сергеевич|2004-02-18|3388 246272|+79703650859|smirnov.m20@edu.univ.ru|2023|учится|бюджет
2393|119|Козлова|Юлия|Дмитриевна|2005-08-02|9298 623430|+79002779901|kozlova.y88@edu.univ.ru|2023|отчислен|контракт
2394|119|Андреева|Дарья|Максимовна|2003-04-12|8222 170033|+79632602706|andreeva.d10@edu.univ.ru|2023|учится|бюджет
2395|119|Лебедев|Арсений|Сергеевич|2003-05-17|8377 987141|+79578405882|lebedev.a88@edu.univ.ru|2023|учится|контракт
2396|119|Попова|Анна|Ивановна|2006-09-02|9378 260359|+79530875642|popova.a42@edu.univ.ru|2023|академ|бюджет
2397|119|Павлов|Сергей|Артёмович|2004-06-03|2597 576573|+79327014640|pavlov.s17@edu.univ.ru|2023|отчислен|бюджет
2398|119|Волков|Михаил|Романович|2005-06-08|1327 149954|+79065691834|volkov.m78@edu.univ.ru|2023|учится|бюджет
2399|119|Макаров|Егор|Михайлович|2005-10-07|9860 256066|+79838575228|makarov.e83@edu.univ.ru|2023|учится|бюджет
2400|119|Фёдорова|Ольга|Андреевна|2005-03-14|8810 569140|+79667198356|fedorova.o34@edu.univ.ru|2023|учится|контракт
2401|119|Новикова|Анна|Романовна|2005-04-15|5202 243732|+79725883521|novikova.a20@edu.univ.ru|2023|учится|бюджет
2402|119|Фёдорова|Юлия|Михайловна|2005-03-27|5844 279763|+79483900124|fedorova.y78@edu.univ.ru|2023|учится|бюджет
2403|119|Орлова|Дарья|Александровна|2004-01-16|8104 175785|+79050520155|orlova.d37@edu.univ.ru|2023|учится|контракт
2404|119|Волков|Никита|Александрович|2006-05-26|4279 406417|+79819972406|volkov.n64@edu.univ.ru|2023|учится|контракт
2405|119|Никитина|Дарья|Ильинична|2003-12-15|8511 432205|+79367004793|nikitina.d75@edu.univ.ru|2023|учится|бюджет
2406|119|Макаров|Сергей|Дмитриевич|2006-10-14|4872 205477|+79103791604|makarov.s48@edu.univ.ru|2023|учится|бюджет
2407|119|Андреева|Анна|Ильинична|2004-12-15|9329 235186|+79196316021|andreeva.a67@edu.univ.ru|2023|учится|контракт
2408|119|Волков|Алексей|Михайлович|2005-04-10|1510 653137|+79122456730|volkov.a77@edu.univ.ru|2023|учится|контракт
2409|119|Семёнов|Андрей|Александрович|2003-07-03|5920 458522|+79034005984|semenov.a10@edu.univ.ru|2023|учится|бюджет
2410|119|Попов|Никита|Иванович|2004-01-03|6287 791843|+79086449815|popov.n15@edu.univ.ru|2023|учится|бюджет
2411|119|Петров|Егор|Ильич|2004-12-10|4766 826542|+79998287995|petrov.e91@edu.univ.ru|2023|учится|бюджет
2412|119|Смирнов|Денис|Артёмович|2004-05-01|8325 572271|+79130242829|smirnov.d69@edu.univ.ru|2023|учится|контракт
2413|119|Петров|Артём|Артёмович|2003-07-28|1319 277793|+79335935282|petrov.a80@edu.univ.ru|2023|учится|контракт
2414|119|Волкова|Екатерина|Ильинична|2004-11-22|7945 966652|+79338367963|volkova.e10@edu.univ.ru|2023|учится|бюджет
2415|119|Иванов|Александр|Дмитриевич|2004-05-12|9323 299055|+79546957739|ivanov.a35@edu.univ.ru|2023|учится|контракт
2416|119|Фёдоров|Дмитрий|Сергеевич|2004-05-20|5570 552748|+79312717950|fedorov.d96@edu.univ.ru|2023|отчислен|бюджет
2417|119|Волкова|Мария|Ильинична|2006-08-14|6499 564564|+79384057361|volkova.m52@edu.univ.ru|2023|учится|бюджет
2418|119|Никитин|Кирилл|Романович|2004-05-21|3854 132494|+79004611176|nikitin.k42@edu.univ.ru|2023|учится|бюджет
2419|120|Морозов|Александр|Кириллович|2004-09-10|3084 898009|+79080612874|morozov.a66@edu.univ.ru|2022|учится|контракт
2420|120|Попова|Ксения|Кирилловна|2004-10-08|3253 857923|+79423594534|popova.k98@edu.univ.ru|2022|учится|контракт
2421|120|Макаров|Алексей|Александрович|2002-02-28|6862 438563|+79375776105|makarov.a80@edu.univ.ru|2022|учится|контракт
2422|120|Алексеев|Александр|Иванович|2005-12-12|2952 655881|+79555826199|alekseev.a92@edu.univ.ru|2022|учится|бюджет
2423|120|Николаева|София|Максимовна|2005-12-09|6634 550933|+79524814602|nikolaeva.s61@edu.univ.ru|2022|учится|бюджет
2424|120|Лебедев|Илья|Андреевич|2004-06-23|7863 584976|+79272840263|lebedev.i83@edu.univ.ru|2022|отчислен|бюджет
2425|120|Никитина|Виктория|Андреевна|2002-10-14|7340 881232|+79507520787|nikitina.v49@edu.univ.ru|2022|выпущен|контракт
2426|120|Николаева|Мария|Алексеевна|2002-02-13|7789 501385|+79776761817|nikolaeva.m27@edu.univ.ru|2022|учится|контракт
2427|120|Морозов|Сергей|Романович|2004-10-11|2653 336796|+79949528373|morozov.s21@edu.univ.ru|2022|учится|бюджет
2428|120|Орлова|Екатерина|Максимовна|2002-09-14|4573 959381|+79143427204|orlova.e74@edu.univ.ru|2022|учится|бюджет
2429|120|Никитин|Денис|Александрович|2005-10-20|9364 871683|+79799571969|nikitin.d12@edu.univ.ru|2022|отчислен|бюджет
2430|120|Смирнова|Наталья|Михайловна|2002-10-23|4557 102390|+79949224363|smirnova.n88@edu.univ.ru|2022|учится|контракт
2431|120|Лебедев|Александр|Михайлович|2004-12-03|5979 201579|+79777148641|lebedev.a46@edu.univ.ru|2022|учится|контракт
2432|120|Петрова|Анастасия|Ивановна|2004-04-24|8740 292075|+79824047566|petrova.a37@edu.univ.ru|2022|учится|бюджет
2433|120|Алексеева|Мария|Алексеевна|2003-09-21|8562 138714|+79406221750|alekseeva.m48@edu.univ.ru|2022|учится|бюджет
2434|120|Морозов|Денис|Артёмович|2005-05-07|6751 305452|+79618677829|morozov.d24@edu.univ.ru|2022|учится|бюджет
2435|120|Смирнов|Кирилл|Иванович|2005-02-04|5699 443192|+79540663849|smirnov.k63@edu.univ.ru|2022|учится|бюджет
2436|120|Соколова|Анастасия|Романовна|2003-08-02|2293 795445|+79779871467|sokolova.a66@edu.univ.ru|2022|учится|бюджет
2437|120|Макарова|Юлия|Ильинична|2004-04-08|1310 302826|+79436457178|makarova.y58@edu.univ.ru|2022|учится|бюджет
2438|120|Андреев|Артём|Романович|2002-05-28|7744 704781|+79639181623|andreev.a68@edu.univ.ru|2022|учится|бюджет
2439|120|Кузнецов|Егор|Романович|2002-01-25|6907 550716|+79416746723|kuznecov.e82@edu.univ.ru|2022|учится|контракт
2440|120|Орлова|Дарья|Романовна|2003-11-20|3276 183509|+79058496552|orlova.d15@edu.univ.ru|2022|учится|бюджет
2441|120|Васильев|Сергей|Иванович|2005-07-05|7291 263503|+79723829828|vasilev.s55@edu.univ.ru|2022|учится|бюджет
2442|120|Волков|Кирилл|Ильич|2003-10-18|6939 638366|+79763872344|volkov.k90@edu.univ.ru|2022|учится|бюджет
2443|120|Павлова|Алиса|Романовна|2005-06-03|1099 789493|+79322326457|pavlova.a46@edu.univ.ru|2022|учится|контракт
2444|120|Попов|Александр|Сергеевич|2004-07-27|4892 945999|+79362776203|popov.a38@edu.univ.ru|2022|учится|контракт
2445|120|Кузнецова|Мария|Алексеевна|2003-03-24|8978 659672|+79051599471|kuznecova.m44@edu.univ.ru|2022|учится|контракт
2446|120|Егорова|Анастасия|Ильинична|2005-05-25|7250 684117|+79546482570|egorova.a54@edu.univ.ru|2022|учится|контракт
2447|120|Семёнов|Максим|Александрович|2003-11-22|6598 154223|+79744122662|semenov.m39@edu.univ.ru|2022|учится|контракт
2448|120|Морозов|Артём|Дмитриевич|2003-01-03|4128 416662|+79430046109|morozov.a95@edu.univ.ru|2022|отчислен|контракт
2449|120|Семёнов|Никита|Кириллович|2003-07-25|8234 676348|+79115268873|semenov.n19@edu.univ.ru|2022|учится|бюджет
2450|121|Павлова|Дарья|Ильинична|2002-03-04|5658 287385|+79147501315|pavlova.d76@edu.univ.ru|2022|учится|бюджет
2451|121|Степанов|Никита|Александрович|2002-06-02|6327 268364|+79868979659|stepanov.n74@edu.univ.ru|2022|учится|контракт
2452|121|Семёнова|Анна|Андреевна|2005-06-17|3249 844880|+79374387829|semenova.a23@edu.univ.ru|2022|учится|бюджет
2453|121|Новиков|Андрей|Иванович|2002-01-10|4034 500272|+79071364194|novikov.a35@edu.univ.ru|2022|учится|бюджет
2454|121|Иванова|Виктория|Кирилловна|2002-10-24|3137 157549|+79233277795|ivanova.v91@edu.univ.ru|2022|учится|контракт
2455|121|Петров|Роман|Александрович|2005-10-23|6926 405952|+79640261932|petrov.r76@edu.univ.ru|2022|учится|контракт
2456|121|Алексеева|Анастасия|Алексеевна|2003-09-19|5836 785644|+79167348304|alekseeva.a23@edu.univ.ru|2022|учится|контракт
2457|121|Смирнова|Юлия|Ильинична|2004-09-18|2306 135787|+79269512804|smirnova.y18@edu.univ.ru|2022|учится|контракт
2458|121|Орлов|Михаил|Кириллович|2004-03-10|4677 950531|+79489641832|orlov.m70@edu.univ.ru|2022|академ|бюджет
2459|121|Фёдоров|Михаил|Сергеевич|2004-07-22|5288 592495|+79321339597|fedorov.m46@edu.univ.ru|2022|учится|контракт
2460|121|Козлова|Анастасия|Романовна|2005-02-24|4226 579985|+79739603518|kozlova.a93@edu.univ.ru|2022|учится|контракт
2461|121|Егорова|Анна|Кирилловна|2002-05-04|7339 117038|+79897992694|egorova.a28@edu.univ.ru|2022|учится|контракт
2462|121|Павлова|Ольга|Алексеевна|2003-10-19|3567 356528|+79111280303|pavlova.o96@edu.univ.ru|2022|учится|бюджет
2463|121|Новиков|Андрей|Иванович|2003-04-15|3619 290408|+79631796110|novikov.a43@edu.univ.ru|2022|учится|бюджет
2464|121|Алексеева|Ольга|Ивановна|2002-01-11|9355 257855|+79236684715|alekseeva.o58@edu.univ.ru|2022|учится|бюджет
2465|121|Козлова|Алиса|Михайловна|2002-05-12|5290 191981|+79399647029|kozlova.a23@edu.univ.ru|2022|учится|контракт
2466|121|Смирнов|Кирилл|Ильич|2002-10-17|5658 715490|+79341886256|smirnov.k95@edu.univ.ru|2022|учится|контракт
2467|121|Николаева|Юлия|Кирилловна|2003-11-02|8846 815502|+79577219173|nikolaeva.y83@edu.univ.ru|2022|учится|бюджет
2468|121|Макаров|Дмитрий|Кириллович|2002-06-22|5145 524264|+79941929222|makarov.d60@edu.univ.ru|2022|учится|бюджет
2469|121|Попов|Андрей|Артёмович|2002-01-02|3453 694772|+79337549691|popov.a67@edu.univ.ru|2022|учится|контракт
2470|121|Андреева|София|Александровна|2002-10-04|7834 811975|+79488317432|andreeva.s80@edu.univ.ru|2022|учится|бюджет
2471|121|Новиков|Алексей|Михайлович|2005-02-14|2903 964243|+79438531829|novikov.a69@edu.univ.ru|2022|учится|контракт
2472|121|Лебедев|Егор|Кириллович|2003-12-24|5599 727570|+79867665039|lebedev.e91@edu.univ.ru|2022|учится|бюджет
2473|121|Павлов|Михаил|Алексеевич|2002-02-05|9653 982439|+79642585320|pavlov.m10@edu.univ.ru|2022|учится|бюджет
2474|121|Козлов|Илья|Иванович|2005-12-01|5751 339544|+79871104473|kozlov.i34@edu.univ.ru|2022|учится|бюджет
2475|121|Смирнов|Кирилл|Романович|2005-04-17|3489 834002|+79895736667|smirnov.k11@edu.univ.ru|2022|отчислен|бюджет
2476|121|Попова|Ольга|Сергеевна|2002-10-15|5630 986902|+79989104557|popova.o88@edu.univ.ru|2022|учится|контракт
2477|121|Орлов|Кирилл|Александрович|2002-03-14|8054 386231|+79619126934|orlov.k46@edu.univ.ru|2022|учится|контракт
2478|121|Кузнецов|Денис|Романович|2002-01-06|6766 229328|+79922084508|kuznecov.d19@edu.univ.ru|2022|учится|контракт
2479|121|Николаева|Елизавета|Андреевна|2004-07-17|2194 490825|+79300521165|nikolaeva.e91@edu.univ.ru|2022|учится|бюджет
2480|121|Егоров|Иван|Кириллович|2003-04-12|6872 490181|+79841525676|egorov.i28@edu.univ.ru|2022|учится|контракт
2481|121|Кузнецова|Ксения|Артёмовна|2002-12-10|9242 461392|+79245940989|kuznecova.k70@edu.univ.ru|2022|учится|бюджет
2482|121|Иванов|Дмитрий|Романович|2003-04-11|5050 137120|+79185180746|ivanov.d37@edu.univ.ru|2022|академ|бюджет
2483|121|Соколов|Алексей|Александрович|2003-02-17|5711 462973|+79361835806|sokolov.a83@edu.univ.ru|2022|учится|контракт
2484|121|Морозова|Марина|Алексеевна|2003-08-16|4080 641049|+79959463524|morozova.m18@edu.univ.ru|2022|учится|контракт
2485|121|Макарова|Татьяна|Максимовна|2003-08-09|5971 304463|+79044361600|makarova.t87@edu.univ.ru|2022|учится|бюджет
2486|121|Степанов|Алексей|Кириллович|2002-02-28|3140 796642|+79661291441|stepanov.a62@edu.univ.ru|2022|учится|контракт
2487|122|Макаров|Алексей|Ильич|2004-05-15|9534 185062|+79906455203|makarov.a43@edu.univ.ru|2022|учится|бюджет
2488|122|Волков|Кирилл|Сергеевич|2004-12-24|8395 382814|+79210974661|volkov.k99@edu.univ.ru|2022|учится|контракт
2489|122|Петрова|Виктория|Дмитриевна|2002-01-18|2859 888852|+79100485232|petrova.v27@edu.univ.ru|2022|учится|бюджет
2490|122|Козлов|Егор|Алексеевич|2005-10-27|2966 149044|+79644044980|kozlov.e69@edu.univ.ru|2022|учится|бюджет
2491|122|Николаева|Марина|Алексеевна|2005-03-27|3967 501256|+79747793146|nikolaeva.m98@edu.univ.ru|2022|учится|бюджет
2492|122|Морозов|Александр|Андреевич|2003-03-09|8658 472109|+79993938957|morozov.a16@edu.univ.ru|2022|учится|бюджет
2493|122|Павлов|Алексей|Ильич|2003-07-18|4077 712230|+79181757546|pavlov.a83@edu.univ.ru|2022|учится|бюджет
2494|122|Андреева|Ольга|Александровна|2005-06-19|2307 943880|+79886111979|andreeva.o53@edu.univ.ru|2022|учится|бюджет
2495|122|Смирнов|Александр|Михайлович|2002-09-01|4427 159858|+79357164309|smirnov.a81@edu.univ.ru|2022|академ|контракт
2496|122|Попова|Елизавета|Дмитриевна|2004-08-20|4402 668129|+79142776394|popova.e95@edu.univ.ru|2022|отчислен|бюджет
2497|122|Васильева|Юлия|Михайловна|2003-12-22|9975 757170|+79580589217|vasileva.y26@edu.univ.ru|2022|отчислен|контракт
2498|122|Васильев|Дмитрий|Алексеевич|2004-10-20|7303 565411|+79945714953|vasilev.d41@edu.univ.ru|2022|учится|бюджет
2499|122|Иванов|Кирилл|Александрович|2004-07-05|3274 405441|+79606743049|ivanov.k89@edu.univ.ru|2022|учится|бюджет
2500|122|Иванова|Елизавета|Максимовна|2002-05-18|6138 263698|+79620414667|ivanova.e25@edu.univ.ru|2022|отчислен|контракт
2501|122|Николаев|Егор|Александрович|2003-11-10|8943 171853|+79443737115|nikolaev.e71@edu.univ.ru|2022|учится|контракт
2502|122|Волков|Кирилл|Ильич|2005-03-17|1133 177227|+79970764516|volkov.k90@edu.univ.ru|2022|учится|бюджет
2503|122|Петрова|Полина|Дмитриевна|2002-01-24|7322 370158|+79574887796|petrova.p77@edu.univ.ru|2022|учится|контракт
2504|122|Васильев|Кирилл|Артёмович|2005-03-26|4984 863922|+79901264322|vasilev.k40@edu.univ.ru|2022|академ|бюджет
2505|122|Волкова|Мария|Андреевна|2005-02-13|5960 905421|+79343157777|volkova.m40@edu.univ.ru|2022|учится|контракт
2506|122|Козлова|София|Максимовна|2002-12-17|4938 828793|+79792127981|kozlova.s59@edu.univ.ru|2022|учится|бюджет
2507|122|Павлова|София|Александровна|2002-04-16|7914 521670|+79447596074|pavlova.s64@edu.univ.ru|2022|учится|бюджет
2508|122|Орлова|Виктория|Максимовна|2004-10-09|3831 163562|+79315122282|orlova.v77@edu.univ.ru|2022|учится|контракт
2509|122|Орлов|Андрей|Романович|2005-12-01|4145 730360|+79985601524|orlov.a16@edu.univ.ru|2022|учится|контракт
2510|122|Павлов|Егор|Ильич|2002-01-22|5970 635279|+79419163297|pavlov.e30@edu.univ.ru|2022|учится|бюджет
2511|122|Новиков|Денис|Алексеевич|2002-08-16|6014 156235|+79078350072|novikov.d37@edu.univ.ru|2022|учится|бюджет
2512|122|Петрова|Анна|Дмитриевна|2003-10-12|1964 535658|+79192713261|petrova.a19@edu.univ.ru|2022|учится|бюджет
2513|122|Лебедева|Наталья|Кирилловна|2003-07-03|5945 117256|+79244607813|lebedeva.n18@edu.univ.ru|2022|отчислен|бюджет
2514|122|Иванов|Егор|Александрович|2004-02-27|4863 753242|+79618130794|ivanov.e53@edu.univ.ru|2022|учится|бюджет
2515|122|Соколов|Матвей|Иванович|2005-09-12|9242 614202|+79459315456|sokolov.m57@edu.univ.ru|2022|учится|контракт
2516|122|Новикова|Анастасия|Сергеевна|2005-05-01|8410 245675|+79141172294|novikova.a96@edu.univ.ru|2022|учится|контракт
2517|123|Михайлова|Дарья|Кирилловна|2002-09-12|5568 458718|+79052919666|mihaylova.d97@edu.univ.ru|2022|академ|бюджет
2518|123|Никитин|Дмитрий|Алексеевич|2004-08-15|6451 564599|+79459181942|nikitin.d90@edu.univ.ru|2022|учится|бюджет
2519|123|Николаев|Максим|Ильич|2004-06-14|7107 226194|+79851512915|nikolaev.m10@edu.univ.ru|2022|учится|бюджет
2520|123|Макарова|Ольга|Романовна|2003-06-23|2823 373207|+79630854373|makarova.o32@edu.univ.ru|2022|учится|бюджет
2521|123|Смирнова|Полина|Андреевна|2004-07-04|6661 616827|+79674292658|smirnova.p84@edu.univ.ru|2022|учится|контракт
2522|123|Кузнецов|Максим|Максимович|2004-06-16|1215 324071|+79360804351|kuznecov.m72@edu.univ.ru|2022|учится|контракт
2523|123|Смирнова|Дарья|Алексеевна|2005-02-26|1600 889034|+79593916945|smirnova.d23@edu.univ.ru|2022|учится|бюджет
2524|123|Новикова|Марина|Максимовна|2005-01-01|4290 698178|+79204447521|novikova.m38@edu.univ.ru|2022|учится|контракт
2525|123|Васильева|Марина|Алексеевна|2002-09-18|2627 435226|+79919588138|vasileva.m15@edu.univ.ru|2022|учится|бюджет
2526|123|Степанов|Артём|Максимович|2004-06-21|8713 810337|+79514705561|stepanov.a57@edu.univ.ru|2022|учится|бюджет
2527|123|Андреева|Полина|Артёмовна|2002-01-11|7110 827260|+79731732887|andreeva.p39@edu.univ.ru|2022|учится|бюджет
2528|123|Попов|Кирилл|Александрович|2002-08-20|4205 275572|+79232256843|popov.k84@edu.univ.ru|2022|учится|бюджет
2529|123|Макарова|Елизавета|Михайловна|2003-01-07|3721 318694|+79313482069|makarova.e54@edu.univ.ru|2022|учится|бюджет
2530|123|Орлов|Максим|Иванович|2003-10-06|1088 289478|+79313055827|orlov.m72@edu.univ.ru|2022|учится|бюджет
2531|123|Павлова|Ксения|Андреевна|2002-02-21|6337 869327|+79071999950|pavlova.k63@edu.univ.ru|2022|учится|контракт
2532|123|Егорова|Наталья|Ивановна|2004-02-09|7536 416903|+79030123239|egorova.n24@edu.univ.ru|2022|учится|бюджет
2533|123|Семёнова|Дарья|Алексеевна|2005-12-01|1650 179592|+79197839062|semenova.d36@edu.univ.ru|2022|учится|контракт
2534|123|Лебедева|София|Кирилловна|2005-08-08|7640 522002|+79780984858|lebedeva.s68@edu.univ.ru|2022|учится|бюджет
2535|123|Макарова|Юлия|Михайловна|2005-03-28|5650 769709|+79543092702|makarova.y15@edu.univ.ru|2022|учится|бюджет
2536|123|Егорова|Мария|Михайловна|2004-07-19|9310 835490|+79028621693|egorova.m95@edu.univ.ru|2022|выпущен|контракт
2537|123|Соколова|Мария|Романовна|2005-12-10|1129 215207|+79785982008|sokolova.m35@edu.univ.ru|2022|учится|контракт
2538|123|Егорова|Алиса|Ивановна|2004-10-28|8209 434001|+79604180785|egorova.a33@edu.univ.ru|2022|отчислен|бюджет
2539|123|Лебедева|Елизавета|Андреевна|2005-09-13|6086 767916|+79805102504|lebedeva.e45@edu.univ.ru|2022|учится|контракт
2540|123|Иванова|Татьяна|Максимовна|2005-04-04|9999 927666|+79258809268|ivanova.t31@edu.univ.ru|2022|учится|бюджет
2541|123|Андреев|Илья|Михайлович|2004-08-26|5485 140147|+79878845397|andreev.i25@edu.univ.ru|2022|учится|контракт
2542|123|Козлова|Анастасия|Дмитриевна|2004-05-19|7108 273734|+79535257489|kozlova.a89@edu.univ.ru|2022|учится|контракт
2543|123|Степанова|Екатерина|Максимовна|2004-11-20|1401 688077|+79094705877|stepanova.e70@edu.univ.ru|2022|учится|контракт
2544|123|Васильева|София|Андреевна|2002-12-18|6678 464899|+79791084489|vasileva.s73@edu.univ.ru|2022|учится|контракт
2545|123|Волков|Артём|Дмитриевич|2005-02-16|8085 585242|+79239663542|volkov.a15@edu.univ.ru|2022|отчислен|бюджет
2546|123|Фёдоров|Кирилл|Ильич|2005-06-07|6058 649775|+79277151661|fedorov.k56@edu.univ.ru|2022|учится|контракт
2547|123|Семёнов|Артём|Михайлович|2002-08-26|6396 887598|+79935513858|semenov.a98@edu.univ.ru|2022|отчислен|бюджет
2548|123|Морозов|Арсений|Андреевич|2003-01-10|4285 335059|+79828938420|morozov.a21@edu.univ.ru|2022|учится|контракт
2549|123|Семёнова|Екатерина|Михайловна|2002-06-10|3693 137746|+79621158007|semenova.e27@edu.univ.ru|2022|учится|контракт
2550|123|Никитина|Татьяна|Дмитриевна|2005-11-11|5027 991581|+79771493050|nikitina.t22@edu.univ.ru|2022|учится|бюджет
2551|123|Семёнова|Анна|Андреевна|2003-12-27|2308 376906|+79230687117|semenova.a73@edu.univ.ru|2022|учится|контракт
2552|123|Макаров|Андрей|Романович|2002-05-01|4619 870202|+79607150249|makarov.a95@edu.univ.ru|2022|учится|бюджет
2553|123|Лебедев|Максим|Андреевич|2002-06-27|2734 795368|+79939524475|lebedev.m19@edu.univ.ru|2022|учится|контракт
2554|123|Козлов|Егор|Кириллович|2002-11-13|9540 866245|+79711576613|kozlov.e35@edu.univ.ru|2022|учится|контракт
2555|124|Кузнецова|Юлия|Андреевна|2007-08-23|9618 834394|+79071514993|kuznecova.y56@edu.univ.ru|2025|учится|контракт
2556|124|Морозова|Екатерина|Романовна|2008-05-18|8906 106118|+79090587147|morozova.e75@edu.univ.ru|2025|учится|бюджет
2557|124|Кузнецов|Артём|Дмитриевич|2008-04-17|3339 495305|+79949627308|kuznecov.a90@edu.univ.ru|2025|учится|бюджет
2558|124|Соколов|Кирилл|Сергеевич|2007-11-10|7516 760304|+79566993163|sokolov.k78@edu.univ.ru|2025|учится|бюджет
2559|124|Семёнов|Илья|Романович|2008-11-22|8593 849962|+79895561673|semenov.i57@edu.univ.ru|2025|учится|контракт
2560|124|Михайлова|Юлия|Александровна|2005-03-13|3692 639837|+79179605683|mihaylova.y82@edu.univ.ru|2025|учится|контракт
2561|124|Михайлова|Наталья|Кирилловна|2006-01-14|8097 395214|+79087129445|mihaylova.n68@edu.univ.ru|2025|учится|бюджет
2562|124|Степанова|Татьяна|Кирилловна|2006-04-05|7731 632082|+79402123922|stepanova.t75@edu.univ.ru|2025|учится|бюджет
2563|124|Семёнов|Арсений|Андреевич|2005-10-22|2451 463773|+79271874531|semenov.a70@edu.univ.ru|2025|учится|контракт
2564|124|Орлова|Ольга|Андреевна|2006-08-12|9419 722169|+79516059350|orlova.o41@edu.univ.ru|2025|учится|бюджет
2565|124|Васильев|Егор|Романович|2008-09-07|8512 558671|+79753594066|vasilev.e44@edu.univ.ru|2025|учится|бюджет
2566|124|Макаров|Александр|Ильич|2005-04-21|1815 340427|+79450713172|makarov.a45@edu.univ.ru|2025|учится|контракт
2567|124|Фёдорова|Наталья|Алексеевна|2006-05-01|2519 970648|+79012209450|fedorova.n78@edu.univ.ru|2025|учится|бюджет
2568|124|Андреева|Ксения|Андреевна|2005-07-05|1767 921320|+79571938936|andreeva.k24@edu.univ.ru|2025|учится|бюджет
2569|124|Фёдорова|Анна|Дмитриевна|2006-10-17|1629 195570|+79811582530|fedorova.a46@edu.univ.ru|2025|учится|контракт
2570|124|Волкова|Ольга|Ивановна|2008-05-26|5281 318032|+79298446479|volkova.o17@edu.univ.ru|2025|учится|контракт
2571|124|Михайлов|Максим|Кириллович|2005-12-21|1474 868961|+79111230251|mihaylov.m97@edu.univ.ru|2025|учится|бюджет
2572|124|Петрова|София|Романовна|2005-03-28|9249 159757|+79186082085|petrova.s27@edu.univ.ru|2025|учится|бюджет
2573|124|Морозова|Елизавета|Сергеевна|2007-08-28|7710 263652|+79861087367|morozova.e75@edu.univ.ru|2025|учится|бюджет
2574|124|Васильев|Артём|Ильич|2005-02-14|8510 555384|+79354676691|vasilev.a97@edu.univ.ru|2025|академ|бюджет
2575|124|Павлов|Егор|Романович|2007-11-23|9978 873199|+79217869349|pavlov.e73@edu.univ.ru|2025|учится|бюджет
2576|124|Андреева|Марина|Артёмовна|2006-05-28|1779 945671|+79925372875|andreeva.m39@edu.univ.ru|2025|учится|бюджет
2577|124|Макаров|Илья|Ильич|2008-03-13|9638 796542|+79483040208|makarov.i72@edu.univ.ru|2025|учится|бюджет
2578|124|Смирнова|Полина|Александровна|2005-05-11|7383 720261|+79877418946|smirnova.p66@edu.univ.ru|2025|учится|бюджет
2579|124|Егоров|Никита|Максимович|2008-12-05|4474 304665|+79959647665|egorov.n94@edu.univ.ru|2025|учится|бюджет
2580|124|Смирнова|Анастасия|Михайловна|2008-05-27|4814 984576|+79616262453|smirnova.a61@edu.univ.ru|2025|учится|бюджет
2581|124|Лебедева|София|Андреевна|2008-10-18|4558 318452|+79585899763|lebedeva.s62@edu.univ.ru|2025|учится|бюджет
2582|124|Иванова|Виктория|Андреевна|2006-07-17|3547 502839|+79640818544|ivanova.v21@edu.univ.ru|2025|учится|бюджет
2583|124|Кузнецова|Мария|Андреевна|2006-09-10|4748 872900|+79008846020|kuznecova.m28@edu.univ.ru|2025|академ|контракт
2584|124|Степанов|Дмитрий|Романович|2005-07-04|8551 125238|+79241425429|stepanov.d82@edu.univ.ru|2025|учится|бюджет
2585|124|Соколов|Андрей|Иванович|2008-07-14|2367 263092|+79757478172|sokolov.a62@edu.univ.ru|2025|учится|бюджет
2586|124|Кузнецов|Матвей|Артёмович|2006-11-05|5727 641925|+79105875326|kuznecov.m85@edu.univ.ru|2025|учится|контракт
2587|124|Орлова|Ксения|Максимовна|2007-08-25|3533 129270|+79355451266|orlova.k48@edu.univ.ru|2025|учится|контракт
2588|124|Степанов|Михаил|Романович|2008-08-18|6250 639195|+79603460686|stepanov.m45@edu.univ.ru|2025|учится|контракт
2589|124|Орлов|Кирилл|Андреевич|2006-09-04|2201 236852|+79621558307|orlov.k85@edu.univ.ru|2025|учится|контракт
2590|124|Иванова|Екатерина|Кирилловна|2005-10-14|4622 909917|+79212841635|ivanova.e15@edu.univ.ru|2025|учится|бюджет
2591|124|Николаева|Юлия|Андреевна|2006-08-16|8455 269396|+79891021717|nikolaeva.y18@edu.univ.ru|2025|учится|бюджет
2592|124|Егорова|Анна|Максимовна|2007-09-25|8750 285538|+79077018037|egorova.a53@edu.univ.ru|2025|учится|бюджет
2593|124|Семёнов|Михаил|Александрович|2007-01-09|7695 286630|+79526619040|semenov.m42@edu.univ.ru|2025|учится|бюджет
2594|124|Алексеева|Екатерина|Максимовна|2006-05-01|8306 859829|+79685223681|alekseeva.e23@edu.univ.ru|2025|учится|бюджет
2595|124|Орлова|Анна|Кирилловна|2007-05-03|1599 573037|+79097313449|orlova.a44@edu.univ.ru|2025|академ|бюджет
2596|124|Козлов|Алексей|Дмитриевич|2007-02-22|7327 487377|+79214468846|kozlov.a51@edu.univ.ru|2025|учится|бюджет
2597|125|Степанова|Анастасия|Михайловна|2006-01-24|3813 656520|+79504766673|stepanova.a93@edu.univ.ru|2025|учится|бюджет
2598|125|Новикова|Ольга|Андреевна|2007-07-11|4763 142537|+79069044259|novikova.o90@edu.univ.ru|2025|учится|контракт
2599|125|Васильева|Наталья|Алексеевна|2005-09-13|4582 365908|+79366005773|vasileva.n70@edu.univ.ru|2025|учится|бюджет
2600|125|Козлова|Татьяна|Алексеевна|2006-02-03|7446 810183|+79355543411|kozlova.t67@edu.univ.ru|2025|учится|бюджет
2601|125|Морозова|Алиса|Михайловна|2007-08-12|8533 979291|+79033551935|morozova.a27@edu.univ.ru|2025|учится|контракт
2602|125|Павлов|Денис|Ильич|2006-02-07|6505 494373|+79316813580|pavlov.d49@edu.univ.ru|2025|учится|бюджет
2603|125|Новиков|Роман|Андреевич|2007-12-11|2661 685578|+79045377898|novikov.r88@edu.univ.ru|2025|отчислен|бюджет
2604|125|Николаева|Марина|Ильинична|2008-06-27|8040 935674|+79785234826|nikolaeva.m94@edu.univ.ru|2025|учится|контракт
2605|125|Соколова|Юлия|Михайловна|2006-12-25|9729 330377|+79188878986|sokolova.y42@edu.univ.ru|2025|учится|бюджет
2606|125|Васильева|Ксения|Александровна|2006-09-02|8412 934337|+79636035641|vasileva.k41@edu.univ.ru|2025|учится|бюджет
2607|125|Смирнова|Анна|Ивановна|2007-07-21|4140 263926|+79260417347|smirnova.a13@edu.univ.ru|2025|учится|контракт
2608|125|Петров|Илья|Андреевич|2007-05-08|5827 632759|+79660193454|petrov.i22@edu.univ.ru|2025|отчислен|бюджет
2609|125|Михайлов|Илья|Дмитриевич|2005-09-12|1642 185728|+79170973475|mihaylov.i73@edu.univ.ru|2025|учится|контракт
2610|125|Васильев|Дмитрий|Максимович|2005-02-26|5063 579465|+79386522949|vasilev.d23@edu.univ.ru|2025|учится|контракт
2611|125|Семёнова|Ксения|Кирилловна|2007-09-26|6327 483014|+79320035008|semenova.k96@edu.univ.ru|2025|учится|бюджет
2612|125|Михайлов|Сергей|Кириллович|2006-02-06|8214 573977|+79413119092|mihaylov.s29@edu.univ.ru|2025|учится|бюджет
2613|125|Андреев|Александр|Александрович|2006-04-12|8578 898688|+79209799440|andreev.a24@edu.univ.ru|2025|учится|контракт
2614|125|Алексеева|Марина|Романовна|2007-06-28|7134 934427|+79124724677|alekseeva.m81@edu.univ.ru|2025|отчислен|бюджет
2615|125|Смирнов|Денис|Романович|2007-11-23|6741 857248|+79822676487|smirnov.d19@edu.univ.ru|2025|учится|бюджет
2616|125|Степанов|Максим|Михайлович|2008-12-17|3412 782652|+79809333840|stepanov.m54@edu.univ.ru|2025|учится|бюджет
2617|125|Кузнецова|Анна|Романовна|2008-11-05|8718 888595|+79850958252|kuznecova.a32@edu.univ.ru|2025|учится|бюджет
2618|125|Попова|Ольга|Дмитриевна|2008-04-21|2673 940753|+79845885817|popova.o92@edu.univ.ru|2025|учится|бюджет
2619|125|Петрова|Екатерина|Кирилловна|2005-03-03|8863 694898|+79742786479|petrova.e10@edu.univ.ru|2025|учится|контракт
2620|125|Смирнова|Ольга|Романовна|2006-04-27|9662 806501|+79606072655|smirnova.o16@edu.univ.ru|2025|учится|бюджет
2621|125|Кузнецова|Наталья|Артёмовна|2006-11-11|2438 559151|+79205226573|kuznecova.n38@edu.univ.ru|2025|учится|контракт
2622|125|Соколов|Денис|Александрович|2006-11-22|2422 747030|+79013855871|sokolov.d75@edu.univ.ru|2025|учится|бюджет
2623|125|Морозова|София|Ивановна|2006-04-03|4235 244031|+79445637394|morozova.s85@edu.univ.ru|2025|учится|бюджет
2624|125|Степанов|Илья|Максимович|2005-11-08|9899 757520|+79825919995|stepanov.i24@edu.univ.ru|2025|учится|контракт
2625|125|Смирнов|Алексей|Андреевич|2006-06-19|3327 654383|+79995041998|smirnov.a49@edu.univ.ru|2025|отчислен|бюджет
2626|125|Павлова|Анастасия|Михайловна|2007-03-15|5117 650699|+79682481313|pavlova.a66@edu.univ.ru|2025|учится|бюджет
2627|125|Морозова|Екатерина|Александровна|2006-11-05|1590 406989|+79692679420|morozova.e54@edu.univ.ru|2025|учится|бюджет
2628|125|Степанова|Ксения|Ивановна|2006-01-22|3188 965864|+79480337841|stepanova.k97@edu.univ.ru|2025|учится|бюджет
2629|125|Волкова|Полина|Ивановна|2006-05-02|3214 842487|+79518452672|volkova.p33@edu.univ.ru|2025|учится|бюджет
2630|125|Иванова|Татьяна|Сергеевна|2006-07-28|2769 584352|+79675549753|ivanova.t50@edu.univ.ru|2025|учится|бюджет
2631|125|Петров|Никита|Романович|2006-10-13|9841 547659|+79966461578|petrov.n53@edu.univ.ru|2025|учится|бюджет
2632|125|Алексеев|Иван|Сергеевич|2006-06-12|6648 476036|+79015491208|alekseev.i46@edu.univ.ru|2025|учится|бюджет
2633|125|Степанов|Артём|Артёмович|2005-03-06|7293 598720|+79829500853|stepanov.a27@edu.univ.ru|2025|учится|контракт
2634|125|Михайлова|Екатерина|Артёмовна|2006-12-06|6550 649854|+79784473942|mihaylova.e78@edu.univ.ru|2025|учится|бюджет
2635|126|Волкова|Виктория|Ивановна|2006-01-09|6272 920268|+79468786650|volkova.v27@edu.univ.ru|2025|отчислен|бюджет
2636|126|Морозов|Максим|Михайлович|2008-07-27|8667 966163|+79254844401|morozov.m91@edu.univ.ru|2025|учится|контракт
2637|126|Козлова|Полина|Артёмовна|2007-08-06|4019 681634|+79891272984|kozlova.p94@edu.univ.ru|2025|учится|бюджет
2638|126|Никитина|Марина|Алексеевна|2007-11-09|1299 627433|+79890633450|nikitina.m70@edu.univ.ru|2025|учится|бюджет
2639|126|Козлова|Анастасия|Ивановна|2008-05-16|9966 297611|+79344707972|kozlova.a60@edu.univ.ru|2025|отчислен|контракт
2640|126|Васильева|Ольга|Сергеевна|2005-09-09|1562 580154|+79524876104|vasileva.o16@edu.univ.ru|2025|учится|бюджет
2641|126|Иванова|Алиса|Романовна|2005-05-20|6776 927146|+79253679131|ivanova.a46@edu.univ.ru|2025|учится|контракт
2642|126|Орлов|Роман|Максимович|2006-04-12|7391 988706|+79719406173|orlov.r47@edu.univ.ru|2025|учится|контракт
2643|126|Семёнова|Ольга|Андреевна|2008-03-07|8620 928795|+79947777997|semenova.o74@edu.univ.ru|2025|учится|контракт
2644|126|Николаева|Анна|Ильинична|2006-01-28|1839 233652|+79953270699|nikolaeva.a90@edu.univ.ru|2025|учится|бюджет
2645|126|Макаров|Арсений|Алексеевич|2005-12-14|6569 387112|+79610519282|makarov.a59@edu.univ.ru|2025|отчислен|бюджет
2646|126|Морозов|Максим|Михайлович|2007-03-21|2251 940944|+79839203117|morozov.m95@edu.univ.ru|2025|учится|бюджет
2647|126|Лебедева|Юлия|Кирилловна|2006-02-28|5396 454998|+79818634241|lebedeva.y71@edu.univ.ru|2025|учится|бюджет
2648|126|Морозова|Полина|Михайловна|2008-03-03|8268 364016|+79209988930|morozova.p73@edu.univ.ru|2025|учится|контракт
2649|126|Андреев|Арсений|Романович|2007-05-14|5770 197125|+79931043269|andreev.a66@edu.univ.ru|2025|учится|бюджет
2650|126|Козлова|Алиса|Максимовна|2005-02-07|7339 125440|+79455986825|kozlova.a72@edu.univ.ru|2025|учится|контракт
2651|126|Морозова|Анастасия|Кирилловна|2006-07-03|3819 873768|+79267393735|morozova.a78@edu.univ.ru|2025|учится|контракт
2652|126|Кузнецов|Арсений|Кириллович|2006-07-28|8831 824838|+79870630967|kuznecov.a73@edu.univ.ru|2025|отчислен|бюджет
2653|126|Петрова|Мария|Максимовна|2006-12-10|9575 810271|+79231046350|petrova.m28@edu.univ.ru|2025|учится|бюджет
2654|126|Кузнецов|Максим|Романович|2006-01-23|9769 314641|+79352578452|kuznecov.m28@edu.univ.ru|2025|учится|бюджет
2655|126|Степанов|Артём|Алексеевич|2007-01-23|6264 872037|+79553098277|stepanov.a73@edu.univ.ru|2025|учится|бюджет
2656|126|Иванова|Юлия|Михайловна|2008-08-27|3201 859582|+79988313137|ivanova.y57@edu.univ.ru|2025|учится|контракт
2657|126|Новикова|Екатерина|Дмитриевна|2006-07-14|6774 459719|+79855676173|novikova.e30@edu.univ.ru|2025|учится|контракт
2658|126|Михайлов|Никита|Михайлович|2005-09-14|6539 406403|+79237117926|mihaylov.n10@edu.univ.ru|2025|учится|бюджет
2659|126|Новиков|Матвей|Кириллович|2007-07-23|7008 627193|+79676794834|novikov.m87@edu.univ.ru|2025|учится|контракт
2660|126|Егоров|Егор|Алексеевич|2006-10-18|9606 201675|+79984152867|egorov.e88@edu.univ.ru|2025|учится|бюджет
2661|126|Фёдорова|Ольга|Алексеевна|2005-09-15|1327 115064|+79085659607|fedorova.o39@edu.univ.ru|2025|учится|контракт
2662|126|Васильев|Роман|Артёмович|2005-09-14|6547 538910|+79890625532|vasilev.r36@edu.univ.ru|2025|учится|бюджет
2663|126|Смирнова|Татьяна|Ивановна|2006-09-05|8771 925783|+79756189883|smirnova.t21@edu.univ.ru|2025|учится|контракт
2664|126|Попов|Роман|Андреевич|2005-07-07|1091 983591|+79820251355|popov.r69@edu.univ.ru|2025|учится|бюджет
2665|127|Макарова|Ксения|Дмитриевна|2005-08-13|2981 248570|+79200927861|makarova.k49@edu.univ.ru|2025|учится|контракт
2666|127|Фёдорова|Анастасия|Дмитриевна|2006-05-10|5627 287121|+79307531186|fedorova.a21@edu.univ.ru|2025|учится|бюджет
2667|127|Морозов|Андрей|Михайлович|2008-11-02|2071 608370|+79780671201|morozov.a68@edu.univ.ru|2025|учится|бюджет
2668|127|Николаева|Татьяна|Андреевна|2008-07-24|3830 327630|+79272920433|nikolaeva.t77@edu.univ.ru|2025|учится|контракт
2669|127|Никитина|Дарья|Ильинична|2005-12-27|2312 169482|+79942019971|nikitina.d49@edu.univ.ru|2025|учится|контракт
2670|127|Козлова|Алиса|Ильинична|2007-05-01|6142 375335|+79922676481|kozlova.a50@edu.univ.ru|2025|учится|контракт
2671|127|Михайлов|Денис|Максимович|2008-01-09|2058 312197|+79346232720|mihaylov.d38@edu.univ.ru|2025|отчислен|бюджет
2672|127|Николаева|Ольга|Дмитриевна|2005-05-11|1543 637512|+79365108514|nikolaeva.o68@edu.univ.ru|2025|учится|бюджет
2673|127|Семёнова|Ольга|Максимовна|2008-03-02|2946 909436|+79561640981|semenova.o93@edu.univ.ru|2025|отчислен|контракт
2674|127|Фёдорова|Анна|Александровна|2005-03-10|2185 318697|+79270568455|fedorova.a38@edu.univ.ru|2025|учится|контракт
2675|127|Михайлова|Мария|Максимовна|2006-10-01|2428 376216|+79060444735|mihaylova.m15@edu.univ.ru|2025|учится|контракт
2676|127|Морозова|Ксения|Кирилловна|2007-06-18|8983 581675|+79724231264|morozova.k93@edu.univ.ru|2025|учится|контракт
2677|127|Морозова|Татьяна|Александровна|2005-12-28|3828 908588|+79056119749|morozova.t79@edu.univ.ru|2025|учится|бюджет
2678|127|Степанова|Виктория|Романовна|2006-03-25|4505 612407|+79287243948|stepanova.v27@edu.univ.ru|2025|учится|бюджет
2679|127|Соколова|Алиса|Дмитриевна|2005-11-28|8297 711937|+79401768655|sokolova.a39@edu.univ.ru|2025|учится|бюджет
2680|127|Андреев|Арсений|Артёмович|2006-04-02|8637 220262|+79787305590|andreev.a64@edu.univ.ru|2025|отчислен|бюджет
2681|127|Орлов|Артём|Сергеевич|2005-05-22|8913 177320|+79751424266|orlov.a84@edu.univ.ru|2025|учится|бюджет
2682|127|Морозов|Кирилл|Александрович|2006-06-09|7659 326036|+79472996568|morozov.k29@edu.univ.ru|2025|учится|контракт
2683|127|Никитин|Егор|Алексеевич|2005-07-07|1527 760205|+79678307525|nikitin.e13@edu.univ.ru|2025|учится|контракт
2684|127|Васильева|Юлия|Максимовна|2007-04-28|2743 465705|+79915580661|vasileva.y45@edu.univ.ru|2025|учится|контракт
2685|127|Васильев|Дмитрий|Кириллович|2008-08-10|8840 840319|+79803623328|vasilev.d85@edu.univ.ru|2025|учится|бюджет
2686|127|Кузнецов|Илья|Ильич|2005-07-14|7855 821473|+79946869043|kuznecov.i89@edu.univ.ru|2025|отчислен|контракт
2687|127|Фёдоров|Роман|Романович|2006-05-05|1972 927578|+79684610162|fedorov.r48@edu.univ.ru|2025|учится|бюджет
2688|127|Семёнова|Анна|Ильинична|2005-04-24|2675 777838|+79573594093|semenova.a28@edu.univ.ru|2025|учится|бюджет
2689|127|Фёдоров|Артём|Артёмович|2005-05-15|8314 281842|+79917572877|fedorov.a66@edu.univ.ru|2025|отчислен|бюджет
2690|127|Петрова|Ольга|Дмитриевна|2006-09-09|7228 689809|+79632636873|petrova.o90@edu.univ.ru|2025|учится|бюджет
2691|127|Павлов|Денис|Максимович|2005-09-19|7968 214656|+79844089584|pavlov.d17@edu.univ.ru|2025|учится|контракт
2692|127|Андреев|Егор|Андреевич|2008-01-14|4227 635499|+79417760615|andreev.e86@edu.univ.ru|2025|отчислен|бюджет
2693|127|Соколова|Марина|Дмитриевна|2008-12-09|7063 502890|+79674209084|sokolova.m91@edu.univ.ru|2025|отчислен|контракт
2694|127|Волков|Кирилл|Максимович|2007-04-06|9291 540945|+79148960648|volkov.k89@edu.univ.ru|2025|учится|бюджет
2695|127|Петрова|Алиса|Ильинична|2008-02-04|7420 492107|+79195863627|petrova.a70@edu.univ.ru|2025|учится|контракт
2696|128|Семёнова|София|Михайловна|2008-08-23|4689 585099|+79976188177|semenova.s56@edu.univ.ru|2025|отчислен|бюджет
2697|128|Морозов|Егор|Александрович|2005-06-18|9681 774642|+79433467409|morozov.e39@edu.univ.ru|2025|учится|бюджет
2698|128|Лебедева|Марина|Алексеевна|2006-02-27|3264 525536|+79287537748|lebedeva.m97@edu.univ.ru|2025|учится|бюджет
2699|128|Никитина|Полина|Андреевна|2006-12-19|8625 184250|+79977853347|nikitina.p57@edu.univ.ru|2025|учится|бюджет
2700|128|Семёнов|Денис|Максимович|2008-12-20|5822 856629|+79553229785|semenov.d10@edu.univ.ru|2025|учится|бюджет
2701|128|Алексеев|Роман|Иванович|2008-06-01|7937 649174|+79114400293|alekseev.r66@edu.univ.ru|2025|учится|бюджет
2702|128|Егорова|Наталья|Ильинична|2007-10-05|9406 279225|+79191127482|egorova.n88@edu.univ.ru|2025|учится|бюджет
2703|128|Козлова|Полина|Дмитриевна|2008-01-05|1021 662073|+79427010198|kozlova.p56@edu.univ.ru|2025|учится|бюджет
2704|128|Иванова|Анна|Александровна|2008-01-19|9035 629631|+79878853459|ivanova.a17@edu.univ.ru|2025|учится|бюджет
2705|128|Васильев|Андрей|Андреевич|2005-04-05|2310 752962|+79435984833|vasilev.a44@edu.univ.ru|2025|учится|бюджет
2706|128|Никитина|София|Романовна|2005-09-12|7713 425552|+79702551381|nikitina.s66@edu.univ.ru|2025|учится|бюджет
2707|128|Смирнова|Ксения|Сергеевна|2007-08-05|7937 480500|+79589750202|smirnova.k41@edu.univ.ru|2025|учится|бюджет
2708|128|Попов|Арсений|Артёмович|2006-10-01|1106 272910|+79612838917|popov.a34@edu.univ.ru|2025|учится|бюджет
2709|128|Козлова|Наталья|Дмитриевна|2005-02-12|1946 773922|+79409553855|kozlova.n91@edu.univ.ru|2025|учится|бюджет
2710|128|Николаева|Наталья|Артёмовна|2007-11-11|8657 550182|+79985437979|nikolaeva.n72@edu.univ.ru|2025|отчислен|контракт
2711|128|Иванова|София|Михайловна|2008-11-01|1116 507874|+79414786112|ivanova.s24@edu.univ.ru|2025|учится|контракт
2712|128|Иванов|Егор|Артёмович|2008-05-02|4373 591021|+79001170155|ivanov.e59@edu.univ.ru|2025|учится|контракт
2713|128|Павлова|Анна|Александровна|2005-05-13|6694 774939|+79018361007|pavlova.a31@edu.univ.ru|2025|учится|бюджет
2714|128|Кузнецова|Ксения|Максимовна|2007-09-13|2529 803890|+79283361538|kuznecova.k29@edu.univ.ru|2025|учится|бюджет
2715|128|Фёдоров|Кирилл|Андреевич|2008-02-03|4439 381797|+79653969685|fedorov.k41@edu.univ.ru|2025|учится|контракт
2716|128|Егоров|Егор|Максимович|2006-03-08|2417 541031|+79364676920|egorov.e11@edu.univ.ru|2025|учится|бюджет
2717|128|Васильева|Юлия|Ильинична|2007-01-14|9226 509564|+79601510095|vasileva.y93@edu.univ.ru|2025|учится|контракт
2718|128|Соколов|Артём|Артёмович|2008-05-13|1620 668392|+79781945585|sokolov.a60@edu.univ.ru|2025|учится|бюджет
2719|128|Смирнова|Екатерина|Романовна|2008-06-15|2171 672614|+79981492808|smirnova.e25@edu.univ.ru|2025|отчислен|бюджет
2720|128|Семёнов|Александр|Михайлович|2008-12-04|2227 650636|+79331697619|semenov.a70@edu.univ.ru|2025|учится|бюджет
2721|128|Алексеева|Виктория|Ильинична|2005-01-23|8313 276631|+79721625264|alekseeva.v82@edu.univ.ru|2025|отчислен|бюджет
2722|128|Николаева|Мария|Михайловна|2006-11-11|6824 859255|+79995902469|nikolaeva.m79@edu.univ.ru|2025|учится|бюджет
2723|128|Алексеева|Елизавета|Александровна|2005-05-15|9068 559252|+79907779527|alekseeva.e56@edu.univ.ru|2025|учится|бюджет
2724|128|Никитин|Артём|Андреевич|2007-10-26|8189 260600|+79667277705|nikitin.a33@edu.univ.ru|2025|учится|контракт
2725|128|Степанова|Анастасия|Ильинична|2006-04-26|5709 529089|+79583720005|stepanova.a76@edu.univ.ru|2025|академ|контракт
2726|128|Попов|Егор|Сергеевич|2005-07-07|2467 278372|+79327189929|popov.e98@edu.univ.ru|2025|учится|контракт
2727|128|Михайлова|Полина|Дмитриевна|2006-08-24|6952 353986|+79040527790|mihaylova.p58@edu.univ.ru|2025|учится|бюджет
2728|128|Михайлова|Екатерина|Максимовна|2008-07-24|6974 512034|+79852596975|mihaylova.e50@edu.univ.ru|2025|выпущен|бюджет
2729|128|Волкова|Мария|Ильинична|2007-02-28|3954 210195|+79466185880|volkova.m81@edu.univ.ru|2025|учится|контракт
2730|129|Волков|Артём|Максимович|2005-11-12|4535 175899|+79440819370|volkov.a57@edu.univ.ru|2024|учится|контракт
2731|129|Новиков|Денис|Андреевич|2004-11-20|2921 799807|+79012252109|novikov.d51@edu.univ.ru|2024|учится|контракт
2732|129|Семёнов|Денис|Михайлович|2004-07-09|5753 812974|+79458612420|semenov.d56@edu.univ.ru|2024|учится|бюджет
2733|129|Алексеев|Александр|Артёмович|2004-01-10|1593 165102|+79100219849|alekseev.a30@edu.univ.ru|2024|учится|бюджет
2734|129|Морозов|Иван|Романович|2004-08-03|1819 141566|+79168691771|morozov.i15@edu.univ.ru|2024|учится|контракт
2735|129|Васильева|Ольга|Алексеевна|2007-01-10|4357 853187|+79519174490|vasileva.o28@edu.univ.ru|2024|учится|контракт
2736|129|Фёдорова|Анастасия|Ивановна|2007-03-10|1391 727526|+79630865555|fedorova.a89@edu.univ.ru|2024|учится|бюджет
2737|129|Васильева|София|Артёмовна|2006-09-02|7536 170938|+79127440968|vasileva.s72@edu.univ.ru|2024|учится|бюджет
2738|129|Николаева|Анастасия|Романовна|2007-04-01|8048 926691|+79502047050|nikolaeva.a50@edu.univ.ru|2024|учится|контракт
2739|129|Михайлова|Дарья|Алексеевна|2004-11-03|8838 467364|+79869266262|mihaylova.d67@edu.univ.ru|2024|отчислен|контракт
2740|129|Степанова|Татьяна|Алексеевна|2007-05-02|3082 109593|+79071977836|stepanova.t81@edu.univ.ru|2024|учится|бюджет
2741|129|Попов|Михаил|Александрович|2007-03-09|6033 675944|+79624678560|popov.m54@edu.univ.ru|2024|учится|бюджет
2742|129|Николаев|Арсений|Романович|2006-11-12|1975 996704|+79367703680|nikolaev.a59@edu.univ.ru|2024|учится|бюджет
2743|129|Егорова|Мария|Ильинична|2006-12-17|4839 483750|+79460823742|egorova.m35@edu.univ.ru|2024|учится|контракт
2744|129|Егоров|Никита|Андреевич|2006-03-04|1510 869946|+79302639865|egorov.n78@edu.univ.ru|2024|учится|бюджет
2745|129|Павлов|Сергей|Иванович|2005-04-10|2471 829802|+79939354234|pavlov.s44@edu.univ.ru|2024|учится|бюджет
2746|129|Новиков|Сергей|Кириллович|2004-12-16|1379 190371|+79865402326|novikov.s29@edu.univ.ru|2024|учится|контракт
2747|129|Степанов|Денис|Романович|2006-12-23|4463 528724|+79193079449|stepanov.d96@edu.univ.ru|2024|учится|бюджет
2748|129|Андреева|Ксения|Михайловна|2005-07-18|5554 651757|+79466897887|andreeva.k75@edu.univ.ru|2024|учится|бюджет
2749|129|Макарова|Елизавета|Андреевна|2006-11-10|8671 208290|+79135455276|makarova.e30@edu.univ.ru|2024|учится|бюджет
2750|129|Михайлова|Екатерина|Ильинична|2007-05-04|5019 934482|+79412284280|mihaylova.e36@edu.univ.ru|2024|отчислен|контракт
2751|129|Соколова|Ольга|Ильинична|2004-03-21|8013 577761|+79167981435|sokolova.o16@edu.univ.ru|2024|учится|бюджет
2752|129|Иванова|Анна|Алексеевна|2005-04-05|5151 649741|+79522697537|ivanova.a83@edu.univ.ru|2024|учится|бюджет
2753|129|Орлова|Ольга|Максимовна|2005-10-02|5251 200871|+79952917442|orlova.o19@edu.univ.ru|2024|учится|контракт
2754|129|Николаева|Полина|Романовна|2005-08-21|4701 466271|+79534144030|nikolaeva.p89@edu.univ.ru|2024|учится|контракт
2755|129|Степанова|Марина|Алексеевна|2005-02-27|2494 455978|+79693796960|stepanova.m51@edu.univ.ru|2024|учится|бюджет
2756|129|Никитин|Роман|Ильич|2006-10-07|9233 701833|+79080463914|nikitin.r76@edu.univ.ru|2024|учится|контракт
2757|129|Никитина|Полина|Алексеевна|2005-08-17|4791 490343|+79165719483|nikitina.p70@edu.univ.ru|2024|учится|контракт
2758|129|Новиков|Роман|Иванович|2004-06-06|6889 601586|+79286265110|novikov.r53@edu.univ.ru|2024|учится|бюджет
2759|129|Лебедев|Михаил|Сергеевич|2006-08-16|3596 743703|+79487090684|lebedev.m67@edu.univ.ru|2024|академ|контракт
2760|129|Семёнов|Кирилл|Кириллович|2005-08-05|6389 818683|+79583542859|semenov.k82@edu.univ.ru|2024|учится|контракт
2761|129|Павлов|Дмитрий|Ильич|2005-01-07|9410 525043|+79410389511|pavlov.d19@edu.univ.ru|2024|учится|бюджет
2762|130|Николаев|Артём|Ильич|2006-11-15|5365 927023|+79480828268|nikolaev.a86@edu.univ.ru|2024|учится|контракт
2763|130|Петрова|Наталья|Сергеевна|2004-03-19|5492 307599|+79769737377|petrova.n28@edu.univ.ru|2024|учится|бюджет
2764|130|Макаров|Матвей|Сергеевич|2006-09-10|3790 524512|+79851689397|makarov.m26@edu.univ.ru|2024|учится|бюджет
2765|130|Петрова|Алиса|Дмитриевна|2007-02-14|5261 878231|+79879313605|petrova.a74@edu.univ.ru|2024|учится|бюджет
2766|130|Фёдоров|Сергей|Дмитриевич|2004-06-06|2176 508210|+79145063036|fedorov.s91@edu.univ.ru|2024|учится|бюджет
2767|130|Лебедева|Татьяна|Александровна|2007-10-25|4159 512964|+79704572035|lebedeva.t59@edu.univ.ru|2024|учится|бюджет
2768|130|Никитин|Александр|Александрович|2004-11-10|5533 101936|+79507031815|nikitin.a29@edu.univ.ru|2024|учится|бюджет
2769|130|Соколов|Михаил|Андреевич|2007-09-21|8056 398604|+79970165944|sokolov.m80@edu.univ.ru|2024|учится|бюджет
2770|130|Михайлов|Кирилл|Максимович|2004-06-26|9984 863710|+79893016644|mihaylov.k42@edu.univ.ru|2024|академ|контракт
2771|130|Смирнов|Андрей|Михайлович|2006-09-06|8689 166505|+79134294337|smirnov.a41@edu.univ.ru|2024|учится|контракт
2772|130|Семёнова|Юлия|Сергеевна|2004-10-08|4337 667957|+79348900631|semenova.y24@edu.univ.ru|2024|учится|бюджет
2773|130|Иванов|Артём|Андреевич|2007-08-10|2134 381061|+79743614781|ivanov.a96@edu.univ.ru|2024|учится|контракт
2774|130|Волкова|Наталья|Кирилловна|2007-11-15|8694 143547|+79353890081|volkova.n31@edu.univ.ru|2024|учится|контракт
2775|130|Новиков|Роман|Кириллович|2004-11-04|2714 664810|+79880563241|novikov.r48@edu.univ.ru|2024|учится|бюджет
2776|130|Попова|Мария|Ивановна|2006-11-24|1155 688938|+79915195053|popova.m94@edu.univ.ru|2024|учится|бюджет
2777|130|Андреев|Александр|Алексеевич|2007-04-12|6411 564525|+79413548781|andreev.a30@edu.univ.ru|2024|учится|бюджет
2778|130|Смирнов|Сергей|Иванович|2005-02-28|5479 703058|+79565974366|smirnov.s99@edu.univ.ru|2024|учится|бюджет
2779|130|Морозов|Денис|Сергеевич|2004-09-17|2780 712499|+79555396150|morozov.d20@edu.univ.ru|2024|учится|контракт
2780|130|Семёнова|Мария|Алексеевна|2004-11-12|9874 253731|+79042380824|semenova.m88@edu.univ.ru|2024|учится|бюджет
2781|130|Макарова|Анастасия|Ильинична|2007-03-06|4548 109463|+79875931626|makarova.a38@edu.univ.ru|2024|учится|бюджет
2782|130|Семёнов|Кирилл|Ильич|2006-09-18|4783 310040|+79441293308|semenov.k55@edu.univ.ru|2024|учится|контракт
2783|130|Смирнов|Денис|Романович|2004-09-02|5116 457353|+79341028750|smirnov.d47@edu.univ.ru|2024|учится|контракт
2784|130|Михайлова|Екатерина|Артёмовна|2007-10-09|8361 117443|+79164499070|mihaylova.e16@edu.univ.ru|2024|учится|контракт
2785|130|Алексеева|Анна|Михайловна|2006-11-04|3775 360714|+79050386818|alekseeva.a95@edu.univ.ru|2024|учится|контракт
2786|130|Козлова|Юлия|Романовна|2004-08-11|5702 136678|+79614946558|kozlova.y88@edu.univ.ru|2024|учится|бюджет
2787|130|Никитина|Мария|Ильинична|2005-04-02|5980 597081|+79562525594|nikitina.m50@edu.univ.ru|2024|учится|бюджет
2788|130|Новикова|Дарья|Романовна|2007-01-15|8650 917491|+79720259044|novikova.d83@edu.univ.ru|2024|учится|контракт
2789|130|Волков|Артём|Дмитриевич|2005-09-06|9238 120996|+79840239320|volkov.a18@edu.univ.ru|2024|учится|бюджет
2790|130|Волков|Максим|Андреевич|2006-05-23|8121 617991|+79779168697|volkov.m58@edu.univ.ru|2024|отчислен|бюджет
2791|130|Павлова|Анна|Андреевна|2006-06-11|3765 244887|+79874577883|pavlova.a88@edu.univ.ru|2024|академ|контракт
2792|130|Попов|Сергей|Михайлович|2004-07-05|7372 555770|+79902087704|popov.s71@edu.univ.ru|2024|учится|бюджет
2793|130|Степанов|Никита|Михайлович|2006-02-18|2320 725874|+79598576437|stepanov.n17@edu.univ.ru|2024|отчислен|бюджет
2794|130|Лебедев|Матвей|Артёмович|2005-12-13|1005 654066|+79740498644|lebedev.m30@edu.univ.ru|2024|учится|бюджет
2795|130|Попов|Роман|Михайлович|2005-07-12|2139 915038|+79118299185|popov.r61@edu.univ.ru|2024|учится|контракт
2796|130|Соколова|Виктория|Дмитриевна|2004-10-16|5005 573362|+79000749803|sokolova.v14@edu.univ.ru|2024|учится|бюджет
2797|130|Васильев|Александр|Алексеевич|2004-01-06|2794 348091|+79342063737|vasilev.a65@edu.univ.ru|2024|учится|контракт
2798|130|Егорова|София|Дмитриевна|2005-08-16|7415 249048|+79854844555|egorova.s39@edu.univ.ru|2024|учится|бюджет
2799|130|Соколова|София|Ильинична|2004-02-04|9148 506986|+79500640695|sokolova.s49@edu.univ.ru|2024|учится|бюджет
2800|130|Попов|Михаил|Артёмович|2004-08-14|8981 534185|+79295737551|popov.m91@edu.univ.ru|2024|отчислен|бюджет
2801|130|Кузнецов|Сергей|Артёмович|2006-01-26|2426 742186|+79022268730|kuznecov.s85@edu.univ.ru|2024|учится|бюджет
2802|131|Волков|Илья|Ильич|2006-01-28|8158 677185|+79329586576|volkov.i97@edu.univ.ru|2024|учится|бюджет
2803|131|Иванов|Илья|Иванович|2006-11-11|5807 661822|+79664110405|ivanov.i78@edu.univ.ru|2024|учится|контракт
2804|131|Козлов|Артём|Ильич|2006-02-04|2051 710322|+79646846014|kozlov.a76@edu.univ.ru|2024|учится|бюджет
2805|131|Петрова|Марина|Ивановна|2006-07-10|7240 754792|+79476288057|petrova.m61@edu.univ.ru|2024|учится|бюджет
2806|131|Михайлова|Алиса|Ивановна|2006-12-01|6915 431096|+79249503930|mihaylova.a59@edu.univ.ru|2024|учится|бюджет
2807|131|Волков|Артём|Алексеевич|2005-02-04|7033 710068|+79076871108|volkov.a28@edu.univ.ru|2024|учится|контракт
2808|131|Никитина|Дарья|Максимовна|2004-09-17|8446 773352|+79632484429|nikitina.d69@edu.univ.ru|2024|учится|бюджет
2809|131|Волков|Денис|Андреевич|2007-08-19|7256 953728|+79338933006|volkov.d14@edu.univ.ru|2024|учится|контракт
2810|131|Козлова|Елизавета|Кирилловна|2006-06-11|6557 171163|+79269870619|kozlova.e51@edu.univ.ru|2024|учится|бюджет
2811|131|Степанов|Алексей|Михайлович|2006-04-14|4597 351458|+79915603009|stepanov.a42@edu.univ.ru|2024|учится|бюджет
2812|131|Кузнецов|Сергей|Максимович|2007-02-19|2037 833327|+79706686167|kuznecov.s63@edu.univ.ru|2024|учится|бюджет
2813|131|Егорова|Полина|Андреевна|2004-10-17|2652 331760|+79973545938|egorova.p44@edu.univ.ru|2024|учится|бюджет
2814|131|Семёнова|Елизавета|Максимовна|2007-07-14|5583 139668|+79405224514|semenova.e57@edu.univ.ru|2024|учится|бюджет
2815|131|Соколов|Михаил|Андреевич|2005-02-11|3586 369504|+79504614623|sokolov.m54@edu.univ.ru|2024|учится|контракт
2816|131|Алексеева|Наталья|Ивановна|2005-11-01|6761 703085|+79558361796|alekseeva.n89@edu.univ.ru|2024|отчислен|контракт
2817|131|Михайлова|Ольга|Артёмовна|2006-04-23|8662 363316|+79171790728|mihaylova.o73@edu.univ.ru|2024|учится|бюджет
2818|131|Николаева|Виктория|Ивановна|2005-04-18|4329 692619|+79915628173|nikolaeva.v71@edu.univ.ru|2024|учится|контракт
2819|131|Иванова|Юлия|Ильинична|2006-11-05|6862 691635|+79143440429|ivanova.y64@edu.univ.ru|2024|учится|контракт
2820|131|Михайлова|Анастасия|Артёмовна|2004-10-20|2236 636477|+79326547822|mihaylova.a10@edu.univ.ru|2024|учится|бюджет
2821|131|Павлов|Михаил|Дмитриевич|2005-05-24|4036 352345|+79167427887|pavlov.m68@edu.univ.ru|2024|учится|контракт
2822|131|Михайлова|Наталья|Андреевна|2005-11-07|2476 173612|+79373036343|mihaylova.n94@edu.univ.ru|2024|отчислен|контракт
2823|131|Иванова|Анастасия|Романовна|2005-08-09|9524 848178|+79376066389|ivanova.a86@edu.univ.ru|2024|учится|бюджет
2824|131|Андреева|Елизавета|Андреевна|2006-01-24|6178 673069|+79018811970|andreeva.e51@edu.univ.ru|2024|учится|бюджет
2825|131|Козлова|Наталья|Михайловна|2007-01-15|6610 556378|+79141845228|kozlova.n60@edu.univ.ru|2024|учится|контракт
2826|131|Петрова|Екатерина|Максимовна|2007-11-21|5630 647119|+79928537665|petrova.e79@edu.univ.ru|2024|учится|бюджет
2827|131|Никитина|Ксения|Александровна|2005-11-09|2219 330237|+79987553581|nikitina.k60@edu.univ.ru|2024|учится|бюджет
2828|131|Соколов|Максим|Романович|2006-05-05|1417 540251|+79696661486|sokolov.m12@edu.univ.ru|2024|отчислен|контракт
2829|131|Новикова|Екатерина|Максимовна|2007-05-16|4516 851389|+79689580039|novikova.e36@edu.univ.ru|2024|учится|контракт
2830|131|Лебедев|Арсений|Максимович|2005-10-28|2130 428932|+79070210944|lebedev.a84@edu.univ.ru|2024|учится|контракт
2831|131|Петров|Матвей|Дмитриевич|2005-08-26|7489 593181|+79615932146|petrov.m22@edu.univ.ru|2024|учится|бюджет
2832|131|Егоров|Александр|Алексеевич|2006-05-03|6802 651769|+79244819091|egorov.a28@edu.univ.ru|2024|академ|бюджет
2833|131|Кузнецова|Мария|Артёмовна|2007-11-05|5300 222224|+79398230411|kuznecova.m39@edu.univ.ru|2024|учится|контракт
2834|131|Соколова|Мария|Ивановна|2007-08-02|3210 627543|+79441718135|sokolova.m73@edu.univ.ru|2024|учится|контракт
2835|131|Николаев|Дмитрий|Михайлович|2004-02-04|3198 266364|+79258895315|nikolaev.d75@edu.univ.ru|2024|учится|контракт
2836|131|Андреев|Денис|Кириллович|2005-12-28|2064 336938|+79532832938|andreev.d48@edu.univ.ru|2024|учится|бюджет
2837|131|Иванов|Роман|Романович|2004-09-15|5342 143298|+79144361451|ivanov.r76@edu.univ.ru|2024|учится|бюджет
2838|132|Смирнов|Дмитрий|Алексеевич|2006-11-24|2560 155512|+79107362959|smirnov.d17@edu.univ.ru|2024|учится|контракт
2839|132|Смирнова|Екатерина|Александровна|2006-05-16|9475 965540|+79886092463|smirnova.e58@edu.univ.ru|2024|учится|контракт
2840|132|Морозов|Никита|Ильич|2007-06-13|4791 479129|+79069261031|morozov.n62@edu.univ.ru|2024|академ|контракт
2841|132|Иванов|Егор|Иванович|2006-07-27|6226 669131|+79832515769|ivanov.e89@edu.univ.ru|2024|академ|контракт
2842|132|Кузнецов|Александр|Дмитриевич|2007-11-14|7065 952348|+79909168030|kuznecov.a97@edu.univ.ru|2024|учится|бюджет
2843|132|Степанов|Дмитрий|Александрович|2006-10-15|6822 364382|+79691897757|stepanov.d13@edu.univ.ru|2024|учится|контракт
2844|132|Егоров|Артём|Андреевич|2006-01-20|5121 347676|+79711854657|egorov.a67@edu.univ.ru|2024|учится|бюджет
2845|132|Алексеева|Дарья|Сергеевна|2004-02-13|5052 121485|+79617123051|alekseeva.d98@edu.univ.ru|2024|учится|бюджет
2846|132|Алексеев|Александр|Артёмович|2006-12-19|7860 519482|+79114637763|alekseev.a72@edu.univ.ru|2024|учится|контракт
2847|132|Волков|Денис|Максимович|2007-02-14|8666 545519|+79327712211|volkov.d70@edu.univ.ru|2024|отчислен|контракт
2848|132|Смирнов|Никита|Михайлович|2004-03-12|2653 127370|+79490509798|smirnov.n38@edu.univ.ru|2024|учится|бюджет
2849|132|Егоров|Роман|Дмитриевич|2005-08-02|8284 105477|+79757916182|egorov.r80@edu.univ.ru|2024|учится|контракт
2850|132|Николаев|Иван|Дмитриевич|2007-07-19|6096 186448|+79487913721|nikolaev.i41@edu.univ.ru|2024|учится|контракт
2851|132|Морозова|Ольга|Андреевна|2004-07-12|4510 257827|+79684948544|morozova.o33@edu.univ.ru|2024|учится|бюджет
2852|132|Андреева|Юлия|Ивановна|2004-09-13|1886 735846|+79642578836|andreeva.y62@edu.univ.ru|2024|учится|контракт
2853|132|Лебедев|Александр|Сергеевич|2006-04-23|9936 702244|+79265028417|lebedev.a49@edu.univ.ru|2024|учится|бюджет
2854|132|Попов|Никита|Иванович|2006-01-18|5659 300923|+79677530268|popov.n11@edu.univ.ru|2024|учится|бюджет
2855|132|Николаева|Алиса|Дмитриевна|2004-08-13|3732 470527|+79570925715|nikolaeva.a47@edu.univ.ru|2024|учится|бюджет
2856|132|Волкова|Татьяна|Сергеевна|2006-06-25|5710 430035|+79446200840|volkova.t92@edu.univ.ru|2024|учится|бюджет
2857|132|Егоров|Илья|Сергеевич|2005-09-09|6872 734949|+79530887172|egorov.i35@edu.univ.ru|2024|учится|контракт
2858|132|Макарова|Татьяна|Максимовна|2004-04-14|9631 332220|+79553943425|makarova.t48@edu.univ.ru|2024|учится|бюджет
2859|132|Степанов|Никита|Иванович|2005-04-27|3404 221462|+79025659982|stepanov.n58@edu.univ.ru|2024|учится|контракт
2860|132|Петрова|Марина|Ильинична|2006-03-07|6058 422052|+79380050883|petrova.m62@edu.univ.ru|2024|учится|бюджет
2861|132|Михайлов|Илья|Кириллович|2005-10-17|3453 892405|+79205576531|mihaylov.i50@edu.univ.ru|2024|учится|бюджет
2862|132|Попова|Елизавета|Максимовна|2007-01-04|8698 755735|+79933840210|popova.e55@edu.univ.ru|2024|учится|контракт
2863|132|Никитин|Александр|Алексеевич|2007-07-22|4229 146654|+79076644055|nikitin.a65@edu.univ.ru|2024|учится|бюджет
2864|132|Никитина|Мария|Андреевна|2007-04-13|3293 569798|+79052324784|nikitina.m33@edu.univ.ru|2024|учится|контракт
2865|132|Волков|Михаил|Артёмович|2007-12-21|2328 416625|+79161169673|volkov.m51@edu.univ.ru|2024|учится|контракт
2866|132|Фёдорова|Анна|Андреевна|2006-06-10|5372 317808|+79958645136|fedorova.a96@edu.univ.ru|2024|отчислен|бюджет
2867|132|Кузнецов|Сергей|Иванович|2006-07-22|8891 443058|+79937898475|kuznecov.s15@edu.univ.ru|2024|отчислен|бюджет
2868|132|Алексеев|Кирилл|Михайлович|2007-11-25|9066 387536|+79808055045|alekseev.k97@edu.univ.ru|2024|учится|контракт
2869|132|Смирнова|Татьяна|Ивановна|2006-06-25|2818 883302|+79968143014|smirnova.t41@edu.univ.ru|2024|учится|бюджет
2870|132|Михайлова|Юлия|Дмитриевна|2004-06-01|2221 262275|+79077680894|mihaylova.y66@edu.univ.ru|2024|учится|контракт
2871|133|Волков|Сергей|Сергеевич|2006-06-22|8211 155608|+79151896518|volkov.s75@edu.univ.ru|2023|учится|контракт
2872|133|Павлов|Денис|Максимович|2004-09-14|7729 180209|+79760067789|pavlov.d69@edu.univ.ru|2023|учится|контракт
2873|133|Никитина|Ксения|Дмитриевна|2004-02-13|7869 262823|+79900482380|nikitina.k23@edu.univ.ru|2023|учится|бюджет
2874|133|Алексеева|Юлия|Кирилловна|2003-03-18|7730 329269|+79325656952|alekseeva.y59@edu.univ.ru|2023|учится|контракт
2875|133|Смирнов|Никита|Романович|2004-08-16|8326 935706|+79951000052|smirnov.n37@edu.univ.ru|2023|академ|бюджет
2876|133|Алексеева|Марина|Максимовна|2004-01-28|2389 756759|+79670775680|alekseeva.m77@edu.univ.ru|2023|учится|бюджет
2877|133|Кузнецова|Алиса|Андреевна|2003-03-10|2706 388897|+79783552669|kuznecova.a23@edu.univ.ru|2023|учится|бюджет
2878|133|Орлов|Кирилл|Андреевич|2003-01-20|7130 745561|+79568513681|orlov.k86@edu.univ.ru|2023|учится|бюджет
2879|133|Павлова|Анастасия|Сергеевна|2006-05-08|2409 205711|+79707432583|pavlova.a53@edu.univ.ru|2023|учится|бюджет
2880|133|Андреев|Артём|Сергеевич|2004-01-15|6838 179737|+79202127097|andreev.a37@edu.univ.ru|2023|учится|бюджет
2881|133|Макарова|Полина|Романовна|2004-09-02|1656 524903|+79347374533|makarova.p37@edu.univ.ru|2023|выпущен|бюджет
2882|133|Михайлов|Александр|Андреевич|2003-11-10|1271 243818|+79377491910|mihaylov.a65@edu.univ.ru|2023|учится|бюджет
2883|133|Фёдоров|Артём|Максимович|2005-12-07|9558 148861|+79582890677|fedorov.a71@edu.univ.ru|2023|академ|контракт
2884|133|Петров|Александр|Иванович|2005-04-21|1627 832922|+79602234354|petrov.a67@edu.univ.ru|2023|учится|контракт
2885|133|Волков|Максим|Алексеевич|2003-06-16|6152 306775|+79653218732|volkov.m67@edu.univ.ru|2023|учится|контракт
2886|133|Алексеева|Ольга|Романовна|2006-01-25|6070 859779|+79926032839|alekseeva.o55@edu.univ.ru|2023|учится|бюджет
2887|133|Васильева|Полина|Ивановна|2005-01-10|8538 251876|+79477655342|vasileva.p39@edu.univ.ru|2023|учится|контракт
2888|133|Волков|Егор|Кириллович|2004-02-12|5021 426844|+79628016020|volkov.e69@edu.univ.ru|2023|учится|бюджет
2889|133|Новикова|Дарья|Алексеевна|2004-07-20|7529 581613|+79217731949|novikova.d58@edu.univ.ru|2023|учится|бюджет
2890|133|Михайлов|Никита|Сергеевич|2003-08-19|9559 116621|+79700509512|mihaylov.n45@edu.univ.ru|2023|учится|контракт
2891|133|Соколова|Виктория|Александровна|2005-08-02|7961 296928|+79079218650|sokolova.v51@edu.univ.ru|2023|учится|бюджет
2892|133|Михайлова|Екатерина|Ивановна|2003-04-23|2594 468339|+79500595309|mihaylova.e97@edu.univ.ru|2023|учится|бюджет
2893|133|Козлова|Полина|Михайловна|2006-03-15|5270 877972|+79021793324|kozlova.p90@edu.univ.ru|2023|учится|бюджет
2894|133|Петрова|Наталья|Дмитриевна|2004-09-27|1533 971043|+79767343463|petrova.n85@edu.univ.ru|2023|учится|бюджет
2895|133|Волкова|Виктория|Михайловна|2004-05-28|7548 781006|+79652449611|volkova.v73@edu.univ.ru|2023|учится|контракт
2896|133|Фёдоров|Андрей|Кириллович|2006-09-09|2268 974453|+79966369821|fedorov.a48@edu.univ.ru|2023|учится|контракт
2897|133|Новиков|Александр|Романович|2004-10-22|3374 981959|+79620806362|novikov.a49@edu.univ.ru|2023|учится|контракт
2898|133|Петрова|Алиса|Кирилловна|2005-02-26|1015 950593|+79208230989|petrova.a97@edu.univ.ru|2023|отчислен|бюджет
2899|133|Козлова|Анна|Максимовна|2005-12-22|5798 457964|+79046138392|kozlova.a89@edu.univ.ru|2023|учится|контракт
2900|133|Кузнецова|Анна|Андреевна|2003-06-17|4965 340751|+79932382752|kuznecova.a34@edu.univ.ru|2023|учится|бюджет
2901|133|Орлов|Роман|Сергеевич|2004-11-23|3985 828523|+79644345252|orlov.r37@edu.univ.ru|2023|учится|бюджет
2902|133|Иванов|Александр|Михайлович|2003-02-13|3129 271720|+79879480941|ivanov.a24@edu.univ.ru|2023|учится|бюджет
2903|133|Фёдорова|Виктория|Максимовна|2003-08-26|4518 468744|+79912963411|fedorova.v60@edu.univ.ru|2023|учится|бюджет
2904|133|Морозова|Татьяна|Ивановна|2005-08-05|9673 874832|+79220137637|morozova.t13@edu.univ.ru|2023|учится|бюджет
2905|133|Попова|Юлия|Ильинична|2006-09-09|5807 281953|+79284806797|popova.y47@edu.univ.ru|2023|учится|контракт
2906|133|Соколов|Матвей|Михайлович|2006-08-26|5577 326453|+79579806878|sokolov.m92@edu.univ.ru|2023|учится|бюджет
2907|133|Алексеева|Анастасия|Дмитриевна|2006-08-17|4726 789396|+79217344559|alekseeva.a15@edu.univ.ru|2023|учится|бюджет
2908|133|Иванова|Полина|Ивановна|2004-10-14|8561 378967|+79006304322|ivanova.p60@edu.univ.ru|2023|отчислен|бюджет
2909|133|Иванов|Иван|Михайлович|2005-05-19|7112 360926|+79052149409|ivanov.i61@edu.univ.ru|2023|учится|контракт
2910|133|Морозова|Елизавета|Дмитриевна|2006-06-11|5869 872067|+79464461538|morozova.e73@edu.univ.ru|2023|выпущен|бюджет
2911|133|Алексеев|Артём|Сергеевич|2003-10-09|5766 485091|+79931345939|alekseev.a17@edu.univ.ru|2023|учится|контракт
2912|134|Фёдорова|Полина|Максимовна|2005-01-12|5015 949345|+79961266511|fedorova.p36@edu.univ.ru|2023|учится|контракт
2913|134|Кузнецов|Андрей|Романович|2003-11-20|9733 934164|+79949546839|kuznecov.a34@edu.univ.ru|2023|учится|бюджет
2914|134|Кузнецова|Виктория|Максимовна|2005-05-19|4498 279147|+79562968899|kuznecova.v87@edu.univ.ru|2023|учится|бюджет
2915|134|Николаева|Алиса|Кирилловна|2003-10-19|5590 449876|+79886121127|nikolaeva.a85@edu.univ.ru|2023|учится|бюджет
2916|134|Соколов|Арсений|Дмитриевич|2005-01-03|3062 360923|+79296201285|sokolov.a36@edu.univ.ru|2023|учится|контракт
2917|134|Петров|Дмитрий|Алексеевич|2005-11-10|4338 395716|+79290163789|petrov.d87@edu.univ.ru|2023|учится|бюджет
2918|134|Попов|Кирилл|Кириллович|2004-08-05|2499 256588|+79925611827|popov.k43@edu.univ.ru|2023|учится|бюджет
2919|134|Фёдоров|Арсений|Александрович|2004-11-10|7059 483792|+79112077732|fedorov.a80@edu.univ.ru|2023|учится|контракт
2920|134|Морозова|Виктория|Сергеевна|2004-04-13|5368 740054|+79210494439|morozova.v51@edu.univ.ru|2023|учится|контракт
2921|134|Волков|Иван|Кириллович|2003-03-15|8052 282324|+79517859406|volkov.i11@edu.univ.ru|2023|учится|контракт
2922|134|Степанова|Виктория|Максимовна|2004-07-03|3956 425677|+79528939967|stepanova.v64@edu.univ.ru|2023|учится|контракт
2923|134|Иванова|Анна|Ивановна|2003-04-15|3155 679501|+79330067599|ivanova.a22@edu.univ.ru|2023|академ|бюджет
2924|134|Соколов|Никита|Ильич|2003-11-23|9556 273819|+79439811149|sokolov.n87@edu.univ.ru|2023|отчислен|бюджет
2925|134|Макарова|Юлия|Артёмовна|2003-05-03|1411 765490|+79541946364|makarova.y27@edu.univ.ru|2023|учится|бюджет
2926|134|Алексеева|Марина|Артёмовна|2004-05-10|9692 682858|+79984992297|alekseeva.m64@edu.univ.ru|2023|учится|бюджет
2927|134|Николаева|Анастасия|Александровна|2003-06-15|3086 375378|+79447476054|nikolaeva.a38@edu.univ.ru|2023|учится|бюджет
2928|134|Степанов|Андрей|Сергеевич|2005-03-24|3380 759168|+79947753810|stepanov.a37@edu.univ.ru|2023|учится|бюджет
2929|134|Иванова|Екатерина|Дмитриевна|2006-10-06|7572 312457|+79627193189|ivanova.e58@edu.univ.ru|2023|учится|бюджет
2930|134|Лебедева|Марина|Александровна|2005-10-13|4951 945835|+79714612344|lebedeva.m63@edu.univ.ru|2023|учится|бюджет
2931|134|Лебедева|Полина|Андреевна|2006-08-25|8006 396939|+79987170841|lebedeva.p27@edu.univ.ru|2023|учится|бюджет
2932|134|Морозова|Анна|Максимовна|2004-04-03|8087 902326|+79390567338|morozova.a29@edu.univ.ru|2023|учится|бюджет
2933|134|Михайлов|Денис|Артёмович|2005-05-17|8524 973416|+79662876787|mihaylov.d92@edu.univ.ru|2023|учится|бюджет
2934|134|Соколова|София|Артёмовна|2005-10-16|2111 386411|+79281503910|sokolova.s88@edu.univ.ru|2023|учится|контракт
2935|134|Лебедева|Ольга|Дмитриевна|2005-02-24|7441 825818|+79286928331|lebedeva.o19@edu.univ.ru|2023|учится|бюджет
2936|134|Никитина|Алиса|Александровна|2003-03-07|1537 371261|+79355932527|nikitina.a36@edu.univ.ru|2023|отчислен|контракт
2937|134|Попова|Мария|Дмитриевна|2005-07-12|2888 108242|+79519668582|popova.m31@edu.univ.ru|2023|отчислен|бюджет
2938|134|Николаев|Матвей|Дмитриевич|2004-11-02|8873 848681|+79194085753|nikolaev.m62@edu.univ.ru|2023|учится|бюджет
2939|134|Петрова|Ксения|Дмитриевна|2003-11-21|6297 504589|+79851256107|petrova.k30@edu.univ.ru|2023|учится|бюджет
2940|134|Смирнова|Татьяна|Максимовна|2005-08-13|9733 419956|+79777052830|smirnova.t20@edu.univ.ru|2023|учится|бюджет
2941|134|Иванова|Дарья|Ивановна|2003-02-27|8147 949052|+79362425065|ivanova.d24@edu.univ.ru|2023|учится|контракт
2942|134|Семёнов|Михаил|Сергеевич|2003-05-22|8694 944060|+79825195225|semenov.m58@edu.univ.ru|2023|учится|бюджет
2943|134|Алексеева|Мария|Ильинична|2004-03-02|4398 652369|+79322580964|alekseeva.m33@edu.univ.ru|2023|учится|бюджет
2944|134|Волков|Дмитрий|Алексеевич|2003-07-06|6134 809816|+79472374106|volkov.d12@edu.univ.ru|2023|учится|контракт
2945|134|Морозова|Виктория|Артёмовна|2004-07-14|6798 410053|+79568611040|morozova.v12@edu.univ.ru|2023|учится|бюджет
2946|135|Никитина|Екатерина|Сергеевна|2003-04-01|6519 465579|+79833452602|nikitina.e46@edu.univ.ru|2023|учится|контракт
2947|135|Смирнов|Максим|Александрович|2005-04-17|8698 990048|+79484093209|smirnov.m30@edu.univ.ru|2023|учится|бюджет
2948|135|Орлов|Андрей|Кириллович|2006-08-07|9370 963151|+79497310280|orlov.a72@edu.univ.ru|2023|учится|бюджет
2949|135|Николаева|Алиса|Дмитриевна|2006-02-07|3705 432297|+79763986856|nikolaeva.a26@edu.univ.ru|2023|учится|контракт
2950|135|Попова|Ксения|Ильинична|2003-10-25|3660 481759|+79723966715|popova.k29@edu.univ.ru|2023|учится|бюджет
2951|135|Лебедева|Мария|Артёмовна|2004-06-19|9521 987831|+79148606513|lebedeva.m79@edu.univ.ru|2023|отчислен|контракт
2952|135|Степанова|Полина|Кирилловна|2006-11-15|2231 730646|+79481310233|stepanova.p93@edu.univ.ru|2023|учится|бюджет
2953|135|Васильева|Елизавета|Александровна|2004-06-01|3463 636156|+79999026225|vasileva.e76@edu.univ.ru|2023|учится|бюджет
2954|135|Кузнецова|Марина|Кирилловна|2005-05-25|4560 739169|+79236510686|kuznecova.m66@edu.univ.ru|2023|учится|контракт
2955|135|Попов|Илья|Артёмович|2005-04-23|5220 109063|+79708764242|popov.i82@edu.univ.ru|2023|учится|бюджет
2956|135|Кузнецов|Артём|Андреевич|2004-08-28|4919 244202|+79018020205|kuznecov.a15@edu.univ.ru|2023|учится|бюджет
2957|135|Морозова|Елизавета|Алексеевна|2005-03-10|1395 262654|+79321784175|morozova.e47@edu.univ.ru|2023|учится|контракт
2958|135|Новиков|Алексей|Андреевич|2006-11-01|8534 444231|+79087994166|novikov.a65@edu.univ.ru|2023|учится|бюджет
2959|135|Никитина|София|Артёмовна|2005-09-09|1648 564856|+79578125464|nikitina.s90@edu.univ.ru|2023|учится|бюджет
2960|135|Козлова|Екатерина|Михайловна|2005-06-24|8808 505190|+79012951848|kozlova.e47@edu.univ.ru|2023|учится|бюджет
2961|135|Алексеев|Денис|Иванович|2006-11-06|2402 822122|+79955471831|alekseev.d71@edu.univ.ru|2023|учится|бюджет
2962|135|Морозов|Дмитрий|Ильич|2004-08-03|9643 414279|+79554430267|morozov.d31@edu.univ.ru|2023|учится|контракт
2963|135|Новикова|Мария|Кирилловна|2003-09-22|2337 661655|+79113544222|novikova.m63@edu.univ.ru|2023|академ|контракт
2964|135|Новикова|Татьяна|Ильинична|2004-12-07|6215 951830|+79205951724|novikova.t25@edu.univ.ru|2023|учится|бюджет
2965|135|Козлов|Алексей|Романович|2004-12-13|9943 599674|+79609503049|kozlov.a52@edu.univ.ru|2023|учится|бюджет
2966|135|Кузнецова|Анастасия|Кирилловна|2004-06-23|7130 197287|+79132995447|kuznecova.a16@edu.univ.ru|2023|учится|бюджет
2967|135|Никитин|Денис|Романович|2005-04-11|5759 701927|+79262871252|nikitin.d42@edu.univ.ru|2023|отчислен|контракт
2968|135|Козлова|Анастасия|Сергеевна|2004-02-10|8043 970584|+79986045226|kozlova.a42@edu.univ.ru|2023|учится|контракт
2969|135|Степанова|Ксения|Артёмовна|2005-01-14|8286 556078|+79687500631|stepanova.k84@edu.univ.ru|2023|учится|бюджет
2970|135|Орлова|Марина|Алексеевна|2006-11-07|8671 847602|+79957188812|orlova.m23@edu.univ.ru|2023|учится|контракт
2971|135|Кузнецов|Арсений|Дмитриевич|2004-08-21|6058 764436|+79585308039|kuznecov.a61@edu.univ.ru|2023|учится|бюджет
2972|135|Орлова|Екатерина|Артёмовна|2006-12-08|4376 725523|+79421367739|orlova.e49@edu.univ.ru|2023|учится|контракт
2973|135|Семёнова|Татьяна|Дмитриевна|2004-05-08|9177 786050|+79368401465|semenova.t32@edu.univ.ru|2023|учится|контракт
2974|135|Иванова|Мария|Кирилловна|2004-02-09|2033 459866|+79118122327|ivanova.m85@edu.univ.ru|2023|учится|бюджет
2975|135|Егоров|Егор|Андреевич|2003-06-07|6482 884957|+79074420712|egorov.e63@edu.univ.ru|2023|учится|контракт
2976|135|Лебедева|Ольга|Андреевна|2005-02-16|4447 837309|+79312725624|lebedeva.o40@edu.univ.ru|2023|учится|бюджет
2977|135|Алексеев|Кирилл|Романович|2003-07-15|4703 512918|+79812875582|alekseev.k30@edu.univ.ru|2023|учится|контракт
2978|135|Морозов|Матвей|Михайлович|2005-06-21|8982 762158|+79875821338|morozov.m65@edu.univ.ru|2023|учится|контракт
2979|135|Соколова|Полина|Андреевна|2003-01-27|1280 686352|+79434916097|sokolova.p95@edu.univ.ru|2023|учится|бюджет
2980|135|Лебедева|Наталья|Кирилловна|2005-11-25|2500 638590|+79810329101|lebedeva.n87@edu.univ.ru|2023|учится|контракт
2981|135|Степанов|Иван|Алексеевич|2006-11-12|5275 747878|+79194762399|stepanov.i59@edu.univ.ru|2023|выпущен|бюджет
2982|135|Орлова|Юлия|Ильинична|2003-09-14|6706 246146|+79758783505|orlova.y55@edu.univ.ru|2023|учится|бюджет
2983|135|Морозов|Максим|Артёмович|2005-12-23|6379 476003|+79121521367|morozov.m73@edu.univ.ru|2023|учится|бюджет
2984|136|Орлова|Алиса|Романовна|2006-10-21|8750 285169|+79339871277|orlova.a94@edu.univ.ru|2023|учится|бюджет
2985|136|Степанов|Сергей|Михайлович|2005-06-26|4746 957334|+79850135085|stepanov.s58@edu.univ.ru|2023|учится|бюджет
2986|136|Фёдоров|Александр|Андреевич|2003-08-03|6096 787905|+79225669739|fedorov.a86@edu.univ.ru|2023|учится|бюджет
2987|136|Макарова|Алиса|Романовна|2003-11-09|4851 852442|+79025258011|makarova.a94@edu.univ.ru|2023|учится|контракт
2988|136|Андреева|Полина|Ильинична|2005-02-11|1564 151013|+79590944627|andreeva.p97@edu.univ.ru|2023|учится|бюджет
2989|136|Морозов|Андрей|Дмитриевич|2005-09-06|5368 948937|+79795602731|morozov.a91@edu.univ.ru|2023|учится|бюджет
2990|136|Иванова|Екатерина|Михайловна|2003-05-28|9912 248474|+79706109652|ivanova.e15@edu.univ.ru|2023|учится|контракт
2991|136|Лебедева|Марина|Александровна|2006-11-04|6874 618442|+79587482149|lebedeva.m95@edu.univ.ru|2023|выпущен|контракт
2992|136|Алексеев|Матвей|Иванович|2005-09-21|3004 549111|+79451199430|alekseev.m65@edu.univ.ru|2023|учится|бюджет
2993|136|Андреев|Иван|Романович|2003-09-16|5507 119190|+79891894288|andreev.i96@edu.univ.ru|2023|учится|бюджет
2994|136|Макарова|Анна|Ивановна|2003-07-18|2040 634261|+79111736973|makarova.a36@edu.univ.ru|2023|учится|бюджет
2995|136|Соколова|Виктория|Александровна|2005-02-25|3592 559096|+79984786255|sokolova.v75@edu.univ.ru|2023|учится|контракт
2996|136|Соколов|Михаил|Максимович|2003-04-28|9412 775927|+79699913035|sokolov.m84@edu.univ.ru|2023|учится|бюджет
2997|136|Иванов|Михаил|Александрович|2005-02-14|1909 215238|+79804574479|ivanov.m14@edu.univ.ru|2023|учится|бюджет
2998|136|Макаров|Михаил|Александрович|2003-03-18|9180 241989|+79042092253|makarov.m45@edu.univ.ru|2023|учится|бюджет
2999|136|Попов|Илья|Артёмович|2003-10-26|1607 285308|+79473379362|popov.i92@edu.univ.ru|2023|учится|бюджет
3000|136|Семёнов|Иван|Михайлович|2005-03-05|9738 136423|+79445277190|semenov.i58@edu.univ.ru|2023|учится|бюджет
3001|136|Иванова|Екатерина|Романовна|2005-08-26|3650 732299|+79591510918|ivanova.e74@edu.univ.ru|2023|учится|контракт
3002|136|Смирнова|Ксения|Артёмовна|2006-11-26|9812 788948|+79831874209|smirnova.k56@edu.univ.ru|2023|учится|контракт
3003|136|Кузнецов|Сергей|Александрович|2003-05-20|5049 403226|+79141755704|kuznecov.s21@edu.univ.ru|2023|учится|контракт
3004|136|Васильев|Сергей|Романович|2003-06-25|1024 689708|+79164753860|vasilev.s75@edu.univ.ru|2023|учится|контракт
3005|136|Иванов|Денис|Романович|2005-05-19|4637 371753|+79360086271|ivanov.d95@edu.univ.ru|2023|учится|контракт
3006|136|Иванова|Дарья|Дмитриевна|2004-03-05|9858 946180|+79106494819|ivanova.d70@edu.univ.ru|2023|учится|контракт
3007|136|Соколова|Виктория|Романовна|2004-04-19|8226 400920|+79605833143|sokolova.v24@edu.univ.ru|2023|учится|бюджет
3008|136|Кузнецов|Иван|Александрович|2003-09-18|6217 723829|+79049971311|kuznecov.i87@edu.univ.ru|2023|отчислен|бюджет
3009|136|Степанов|Егор|Артёмович|2004-09-04|2300 149271|+79227586999|stepanov.e15@edu.univ.ru|2023|учится|бюджет
3010|136|Морозов|Матвей|Кириллович|2006-08-17|5410 232350|+79104789613|morozov.m51@edu.univ.ru|2023|учится|бюджет
3011|136|Семёнова|София|Дмитриевна|2005-12-14|6614 114991|+79316943550|semenova.s96@edu.univ.ru|2023|учится|контракт
3012|136|Иванов|Илья|Михайлович|2005-05-14|4172 711757|+79803880156|ivanov.i61@edu.univ.ru|2023|учится|бюджет
3013|136|Никитина|Анна|Андреевна|2003-11-07|7562 307309|+79689811321|nikitina.a95@edu.univ.ru|2023|учится|бюджет
3014|136|Михайлова|Мария|Дмитриевна|2004-08-14|8743 142305|+79794870054|mihaylova.m98@edu.univ.ru|2023|учится|бюджет
3015|137|Степанова|Алиса|Сергеевна|2002-09-14|2466 937386|+79549910722|stepanova.a81@edu.univ.ru|2022|академ|контракт
3016|137|Лебедев|Никита|Дмитриевич|2003-03-13|6103 649948|+79461522163|lebedev.n97@edu.univ.ru|2022|учится|бюджет
3017|137|Андреева|Дарья|Александровна|2002-11-27|5092 425214|+79554142573|andreeva.d29@edu.univ.ru|2022|учится|контракт
3018|137|Алексеев|Михаил|Александрович|2003-06-22|6323 558704|+79023217486|alekseev.m78@edu.univ.ru|2022|учится|бюджет
3019|137|Семёнова|Марина|Дмитриевна|2005-04-10|2445 289204|+79370498573|semenova.m39@edu.univ.ru|2022|учится|бюджет
3020|137|Фёдоров|Никита|Ильич|2004-05-16|5029 899043|+79007821479|fedorov.n41@edu.univ.ru|2022|учится|бюджет
3021|137|Волкова|Ольга|Артёмовна|2002-01-06|8514 950821|+79815501084|volkova.o91@edu.univ.ru|2022|учится|бюджет
3022|137|Орлова|Юлия|Ильинична|2002-02-15|4945 363688|+79649291285|orlova.y34@edu.univ.ru|2022|учится|бюджет
3023|137|Новикова|София|Андреевна|2005-07-19|2713 173071|+79538023655|novikova.s16@edu.univ.ru|2022|отчислен|бюджет
3024|137|Лебедева|Юлия|Сергеевна|2004-05-20|1756 586667|+79150472760|lebedeva.y56@edu.univ.ru|2022|учится|контракт
3025|137|Орлов|Егор|Александрович|2002-11-09|2223 952276|+79661303971|orlov.e11@edu.univ.ru|2022|учится|бюджет
3026|137|Андреев|Дмитрий|Александрович|2002-08-08|7650 786242|+79161603741|andreev.d66@edu.univ.ru|2022|учится|контракт
3027|137|Новикова|Наталья|Алексеевна|2002-04-17|9161 898167|+79731366005|novikova.n98@edu.univ.ru|2022|учится|бюджет
3028|137|Морозова|Виктория|Михайловна|2005-09-11|2001 183673|+79514640447|morozova.v96@edu.univ.ru|2022|отчислен|бюджет
3029|137|Соколов|Егор|Андреевич|2003-09-05|5876 405788|+79849877943|sokolov.e42@edu.univ.ru|2022|учится|контракт
3030|137|Егоров|Кирилл|Артёмович|2003-08-26|5245 849765|+79822660733|egorov.k20@edu.univ.ru|2022|учится|контракт
3031|137|Михайлова|Виктория|Кирилловна|2002-05-03|2598 221328|+79549891238|mihaylova.v71@edu.univ.ru|2022|учится|бюджет
3032|137|Лебедева|Виктория|Александровна|2004-08-11|2818 307049|+79603821548|lebedeva.v25@edu.univ.ru|2022|учится|бюджет
3033|137|Иванова|Елизавета|Кирилловна|2002-05-20|7325 259156|+79219041575|ivanova.e75@edu.univ.ru|2022|учится|контракт
3034|137|Иванова|Мария|Кирилловна|2003-07-12|4690 508217|+79068440035|ivanova.m56@edu.univ.ru|2022|учится|бюджет
3035|137|Николаев|Андрей|Дмитриевич|2003-05-18|3753 673691|+79328206854|nikolaev.a63@edu.univ.ru|2022|учится|бюджет
3036|137|Егоров|Сергей|Алексеевич|2004-02-28|6885 632993|+79898894466|egorov.s61@edu.univ.ru|2022|учится|бюджет
3037|137|Лебедева|Анна|Кирилловна|2003-08-13|3319 342588|+79962354352|lebedeva.a62@edu.univ.ru|2022|академ|бюджет
3038|137|Егорова|Дарья|Кирилловна|2004-01-02|5716 460712|+79554027488|egorova.d44@edu.univ.ru|2022|учится|бюджет
3039|137|Петров|Арсений|Сергеевич|2005-06-24|5059 638116|+79622634697|petrov.a29@edu.univ.ru|2022|учится|контракт
3040|137|Павлова|Ксения|Сергеевна|2003-04-15|5034 110007|+79749760512|pavlova.k96@edu.univ.ru|2022|академ|контракт
3041|137|Козлова|Алиса|Андреевна|2003-05-20|3418 753327|+79459099507|kozlova.a68@edu.univ.ru|2022|учится|бюджет
3042|137|Новикова|Екатерина|Михайловна|2004-06-12|7955 247552|+79418154043|novikova.e56@edu.univ.ru|2022|учится|бюджет
3043|137|Андреева|Марина|Андреевна|2002-03-24|6324 884866|+79901730121|andreeva.m96@edu.univ.ru|2022|учится|бюджет
3044|137|Морозова|Виктория|Сергеевна|2005-11-06|4326 526098|+79980009015|morozova.v86@edu.univ.ru|2022|учится|контракт
3045|137|Смирнова|Анастасия|Дмитриевна|2004-06-25|7977 826381|+79395707174|smirnova.a98@edu.univ.ru|2022|учится|контракт
3046|137|Павлова|Анастасия|Алексеевна|2005-11-10|6058 700936|+79984090532|pavlova.a27@edu.univ.ru|2022|учится|бюджет
3047|137|Алексеева|Виктория|Максимовна|2005-05-04|9674 732671|+79828091060|alekseeva.v54@edu.univ.ru|2022|учится|контракт
3048|137|Никитина|Виктория|Андреевна|2004-09-28|4134 887053|+79607403716|nikitina.v87@edu.univ.ru|2022|учится|контракт
3049|137|Андреева|Татьяна|Кирилловна|2005-11-12|3628 492428|+79965858283|andreeva.t71@edu.univ.ru|2022|учится|бюджет
3050|137|Морозова|Елизавета|Максимовна|2005-07-25|1677 562253|+79306015958|morozova.e61@edu.univ.ru|2022|учится|контракт
3051|137|Николаев|Никита|Иванович|2005-06-07|6915 147956|+79947640196|nikolaev.n56@edu.univ.ru|2022|учится|контракт
3052|137|Михайлов|Сергей|Сергеевич|2005-04-14|7689 869898|+79117134911|mihaylov.s84@edu.univ.ru|2022|учится|бюджет
3053|137|Макарова|Анастасия|Максимовна|2005-03-17|7375 200577|+79224199694|makarova.a63@edu.univ.ru|2022|учится|бюджет
3054|137|Андреев|Матвей|Романович|2004-02-19|9260 299079|+79037289547|andreev.m86@edu.univ.ru|2022|учится|бюджет
3055|137|Николаев|Иван|Ильич|2004-03-15|5239 784789|+79327772646|nikolaev.i46@edu.univ.ru|2022|учится|контракт
3056|138|Кузнецова|Екатерина|Ильинична|2004-12-01|2374 834509|+79202003712|kuznecova.e65@edu.univ.ru|2022|учится|контракт
3057|138|Павлов|Артём|Андреевич|2004-05-20|3224 631876|+79545732295|pavlov.a60@edu.univ.ru|2022|учится|контракт
3058|138|Алексеева|Анастасия|Дмитриевна|2004-10-25|4361 396884|+79006915631|alekseeva.a19@edu.univ.ru|2022|академ|контракт
3059|138|Алексеев|Алексей|Кириллович|2004-03-26|6873 427120|+79770435942|alekseev.a54@edu.univ.ru|2022|учится|контракт
3060|138|Степанова|Татьяна|Дмитриевна|2003-07-14|5003 786477|+79830978902|stepanova.t94@edu.univ.ru|2022|отчислен|контракт
3061|138|Петров|Роман|Романович|2004-07-01|1806 319491|+79876355670|petrov.r12@edu.univ.ru|2022|учится|бюджет
3062|138|Никитин|Никита|Алексеевич|2004-07-24|7259 788069|+79037422046|nikitin.n69@edu.univ.ru|2022|учится|бюджет
3063|138|Морозова|Марина|Ивановна|2003-09-12|7519 966653|+79875443708|morozova.m69@edu.univ.ru|2022|учится|бюджет
3064|138|Никитина|София|Александровна|2004-09-08|8957 241567|+79901739219|nikitina.s40@edu.univ.ru|2022|учится|бюджет
3065|138|Андреева|Виктория|Ивановна|2005-12-17|4701 846421|+79478144258|andreeva.v43@edu.univ.ru|2022|учится|контракт
3066|138|Козлова|Анна|Максимовна|2002-03-08|9862 903254|+79274798671|kozlova.a13@edu.univ.ru|2022|учится|бюджет
3067|138|Степанов|Михаил|Артёмович|2004-06-02|5528 576182|+79522110253|stepanov.m86@edu.univ.ru|2022|учится|бюджет
3068|138|Семёнова|Мария|Алексеевна|2003-04-16|7201 835636|+79962316604|semenova.m73@edu.univ.ru|2022|учится|контракт
3069|138|Павлова|Ольга|Андреевна|2004-05-26|8046 176342|+79363967810|pavlova.o93@edu.univ.ru|2022|учится|бюджет
3070|138|Соколов|Михаил|Александрович|2005-01-13|8276 163086|+79084804020|sokolov.m83@edu.univ.ru|2022|отчислен|контракт
3071|138|Соколов|Михаил|Сергеевич|2004-03-22|8693 373684|+79513034053|sokolov.m54@edu.univ.ru|2022|учится|бюджет
3072|138|Макарова|Ксения|Ильинична|2003-01-02|5245 659502|+79062720014|makarova.k85@edu.univ.ru|2022|учится|бюджет
3073|138|Петров|Кирилл|Андреевич|2005-10-01|7610 574504|+79614373633|petrov.k53@edu.univ.ru|2022|учится|контракт
3074|138|Попов|Арсений|Сергеевич|2005-04-27|1654 746905|+79704558051|popov.a68@edu.univ.ru|2022|учится|контракт
3075|138|Соколов|Александр|Александрович|2005-02-22|3476 706890|+79122872143|sokolov.a34@edu.univ.ru|2022|учится|бюджет
3076|138|Макарова|Дарья|Александровна|2005-09-17|1517 280389|+79481199769|makarova.d71@edu.univ.ru|2022|учится|контракт
3077|138|Макарова|Анастасия|Алексеевна|2002-10-25|8406 593528|+79634004161|makarova.a87@edu.univ.ru|2022|учится|бюджет
3078|138|Попов|Иван|Сергеевич|2002-10-07|7866 104428|+79864464937|popov.i54@edu.univ.ru|2022|учится|бюджет
3079|138|Николаева|Елизавета|Ильинична|2005-02-28|3167 551577|+79387485822|nikolaeva.e95@edu.univ.ru|2022|учится|контракт
3080|138|Соколова|Елизавета|Дмитриевна|2005-08-05|2311 281787|+79726157037|sokolova.e51@edu.univ.ru|2022|отчислен|контракт
3081|138|Семёнова|Татьяна|Романовна|2004-08-25|6800 897644|+79515098829|semenova.t78@edu.univ.ru|2022|учится|контракт
3082|138|Семёнов|Роман|Артёмович|2004-08-27|7741 511115|+79746248907|semenov.r88@edu.univ.ru|2022|учится|бюджет
3083|138|Соколов|Илья|Михайлович|2004-03-19|9292 859010|+79459102302|sokolov.i20@edu.univ.ru|2022|учится|контракт
3084|138|Петрова|София|Кирилловна|2003-01-11|2168 532514|+79780967151|petrova.s21@edu.univ.ru|2022|учится|бюджет
3085|138|Никитина|Татьяна|Андреевна|2004-09-28|5627 933839|+79680160379|nikitina.t23@edu.univ.ru|2022|учится|бюджет
3086|138|Соколова|Екатерина|Кирилловна|2005-06-22|9763 683974|+79166591314|sokolova.e17@edu.univ.ru|2022|учится|бюджет
3087|138|Егоров|Андрей|Сергеевич|2005-03-25|5306 460061|+79290578714|egorov.a83@edu.univ.ru|2022|учится|контракт
3088|138|Попова|Марина|Алексеевна|2003-01-05|7439 358393|+79424490355|popova.m83@edu.univ.ru|2022|учится|контракт
3089|138|Кузнецов|Алексей|Иванович|2004-10-25|2634 220303|+79484939029|kuznecov.a80@edu.univ.ru|2022|учится|контракт
3090|138|Смирнова|Виктория|Артёмовна|2003-09-12|3144 943006|+79620960921|smirnova.v68@edu.univ.ru|2022|учится|бюджет
3091|138|Михайлова|Юлия|Максимовна|2002-05-19|7307 210835|+79125847100|mihaylova.y17@edu.univ.ru|2022|учится|бюджет
3092|138|Попова|Татьяна|Андреевна|2005-03-13|3332 339457|+79472328877|popova.t98@edu.univ.ru|2022|учится|контракт
3093|138|Семёнова|Марина|Дмитриевна|2003-09-13|1812 620976|+79737369443|semenova.m33@edu.univ.ru|2022|учится|бюджет
3094|138|Васильева|Виктория|Артёмовна|2002-09-24|7146 737051|+79693540282|vasileva.v50@edu.univ.ru|2022|отчислен|бюджет
3095|139|Алексеев|Андрей|Михайлович|2004-11-12|9150 784831|+79212009758|alekseev.a84@edu.univ.ru|2022|учится|бюджет
3096|139|Алексеев|Арсений|Сергеевич|2002-11-15|5172 949270|+79850747456|alekseev.a53@edu.univ.ru|2022|учится|бюджет
3097|139|Иванов|Дмитрий|Артёмович|2003-04-04|9996 270132|+79286269312|ivanov.d78@edu.univ.ru|2022|учится|бюджет
3098|139|Петрова|Дарья|Артёмовна|2005-03-06|5316 653743|+79140488083|petrova.d35@edu.univ.ru|2022|учится|бюджет
3099|139|Алексеева|Алиса|Максимовна|2005-06-01|9013 209526|+79720254825|alekseeva.a35@edu.univ.ru|2022|учится|бюджет
3100|139|Волков|Дмитрий|Романович|2004-08-14|4298 156287|+79267920831|volkov.d42@edu.univ.ru|2022|учится|бюджет
3101|139|Павлова|Ольга|Романовна|2002-03-26|5605 841569|+79158551640|pavlova.o87@edu.univ.ru|2022|учится|бюджет
3102|139|Смирнова|Анастасия|Александровна|2005-02-24|8537 989000|+79067385915|smirnova.a83@edu.univ.ru|2022|учится|бюджет
3103|139|Алексеева|Алиса|Ильинична|2002-02-07|4087 498177|+79422017453|alekseeva.a95@edu.univ.ru|2022|учится|контракт
3104|139|Козлова|Ксения|Максимовна|2005-11-15|5088 222483|+79201732262|kozlova.k93@edu.univ.ru|2022|учится|контракт
3105|139|Кузнецова|Полина|Ивановна|2002-07-07|1653 419660|+79112917445|kuznecova.p95@edu.univ.ru|2022|учится|бюджет
3106|139|Иванов|Дмитрий|Михайлович|2004-10-27|3386 561675|+79835132562|ivanov.d17@edu.univ.ru|2022|учится|бюджет
3107|139|Петров|Александр|Романович|2005-09-16|6424 861215|+79393708617|petrov.a87@edu.univ.ru|2022|академ|контракт
3108|139|Макаров|Роман|Андреевич|2002-10-07|3793 186453|+79563376225|makarov.r43@edu.univ.ru|2022|учится|контракт
3109|139|Кузнецов|Андрей|Михайлович|2005-08-03|8773 942690|+79299616433|kuznecov.a78@edu.univ.ru|2022|учится|бюджет
3110|139|Лебедев|Илья|Сергеевич|2002-09-14|7734 412857|+79220344305|lebedev.i62@edu.univ.ru|2022|учится|бюджет
3111|139|Фёдорова|Ольга|Михайловна|2005-02-09|3220 423497|+79860195108|fedorova.o28@edu.univ.ru|2022|учится|бюджет
3112|139|Васильева|Дарья|Артёмовна|2005-07-08|1222 460059|+79561930179|vasileva.d17@edu.univ.ru|2022|учится|бюджет
3113|139|Семёнов|Матвей|Александрович|2002-05-10|6228 882981|+79011532828|semenov.m90@edu.univ.ru|2022|учится|контракт
3114|139|Смирнова|Марина|Ивановна|2004-07-23|8201 912330|+79600830743|smirnova.m94@edu.univ.ru|2022|учится|контракт
3115|139|Соколова|Полина|Михайловна|2005-07-14|7503 701918|+79070035466|sokolova.p65@edu.univ.ru|2022|учится|контракт
3116|139|Волков|Иван|Артёмович|2004-02-23|9994 743358|+79453952652|volkov.i56@edu.univ.ru|2022|отчислен|бюджет
3117|139|Попов|Александр|Алексеевич|2003-10-02|8276 332130|+79547369036|popov.a53@edu.univ.ru|2022|учится|контракт
3118|139|Макаров|Никита|Андреевич|2005-05-25|7986 560602|+79607165855|makarov.n38@edu.univ.ru|2022|отчислен|бюджет
3119|139|Лебедев|Алексей|Ильич|2005-09-10|7859 696839|+79351283418|lebedev.a53@edu.univ.ru|2022|учится|контракт
3120|139|Петров|Кирилл|Алексеевич|2004-10-15|7745 697167|+79242458273|petrov.k72@edu.univ.ru|2022|учится|бюджет
3121|139|Михайлова|Алиса|Романовна|2004-09-26|7429 900751|+79931388403|mihaylova.a55@edu.univ.ru|2022|учится|контракт
3122|139|Егорова|Ольга|Алексеевна|2003-01-03|7987 118001|+79356391272|egorova.o99@edu.univ.ru|2022|отчислен|контракт
3123|139|Никитин|Никита|Андреевич|2002-05-14|6545 142787|+79152438760|nikitin.n54@edu.univ.ru|2022|учится|бюджет
3124|139|Васильева|Дарья|Андреевна|2002-03-18|3069 477059|+79709156908|vasileva.d16@edu.univ.ru|2022|академ|бюджет
3125|139|Попов|Артём|Кириллович|2003-02-03|7296 661125|+79363445847|popov.a52@edu.univ.ru|2022|учится|контракт
3126|139|Лебедева|Татьяна|Ивановна|2003-09-06|5613 657684|+79470732796|lebedeva.t29@edu.univ.ru|2022|учится|контракт
3127|139|Михайлов|Денис|Дмитриевич|2002-04-23|9793 952942|+79193299563|mihaylov.d84@edu.univ.ru|2022|учится|бюджет
3128|140|Николаев|Михаил|Алексеевич|2005-07-03|7999 164361|+79942914381|nikolaev.m12@edu.univ.ru|2022|учится|бюджет
3129|140|Козлов|Арсений|Дмитриевич|2005-10-07|5813 330645|+79554764903|kozlov.a29@edu.univ.ru|2022|учится|контракт
3130|140|Андреев|Дмитрий|Михайлович|2004-12-06|8380 387536|+79901448953|andreev.d67@edu.univ.ru|2022|учится|бюджет
3131|140|Иванова|Виктория|Ивановна|2002-11-18|8017 162377|+79617299514|ivanova.v67@edu.univ.ru|2022|академ|бюджет
3132|140|Семёнов|Кирилл|Андреевич|2003-01-12|3528 180862|+79213284062|semenov.k85@edu.univ.ru|2022|учится|бюджет
3133|140|Лебедев|Никита|Ильич|2004-02-05|5502 160806|+79600781734|lebedev.n71@edu.univ.ru|2022|учится|контракт
3134|140|Новиков|Андрей|Иванович|2005-05-20|7998 747673|+79006159940|novikov.a54@edu.univ.ru|2022|учится|бюджет
3135|140|Петров|Алексей|Ильич|2005-05-08|1687 333162|+79237164032|petrov.a35@edu.univ.ru|2022|учится|контракт
3136|140|Лебедева|София|Андреевна|2005-08-16|2907 319016|+79829258919|lebedeva.s18@edu.univ.ru|2022|учится|контракт
3137|140|Кузнецов|Александр|Романович|2004-11-05|8314 200631|+79683983387|kuznecov.a17@edu.univ.ru|2022|академ|контракт
3138|140|Лебедева|Елизавета|Ивановна|2005-07-26|6630 376139|+79169933868|lebedeva.e64@edu.univ.ru|2022|учится|контракт
3139|140|Павлов|Андрей|Романович|2002-07-28|2034 763415|+79486040687|pavlov.a70@edu.univ.ru|2022|учится|бюджет
3140|140|Степанов|Илья|Иванович|2005-11-13|3209 298327|+79172298547|stepanov.i67@edu.univ.ru|2022|учится|контракт
3141|140|Михайлов|Илья|Андреевич|2003-04-22|2492 941002|+79564877091|mihaylov.i13@edu.univ.ru|2022|учится|контракт
3142|140|Козлова|Мария|Максимовна|2005-06-27|3065 121599|+79444656099|kozlova.m26@edu.univ.ru|2022|учится|бюджет
3143|140|Макаров|Максим|Ильич|2002-04-21|3924 589828|+79892564844|makarov.m95@edu.univ.ru|2022|учится|контракт
3144|140|Павлова|София|Артёмовна|2005-04-22|3618 292858|+79496213693|pavlova.s14@edu.univ.ru|2022|выпущен|контракт
3145|140|Петров|Арсений|Дмитриевич|2004-10-17|8700 387730|+79983711502|petrov.a17@edu.univ.ru|2022|учится|бюджет
3146|140|Козлов|Никита|Сергеевич|2004-03-23|2961 851373|+79507043657|kozlov.n44@edu.univ.ru|2022|учится|контракт
3147|140|Кузнецова|Елизавета|Михайловна|2003-10-24|8423 421092|+79880464932|kuznecova.e26@edu.univ.ru|2022|учится|бюджет
3148|140|Морозов|Дмитрий|Артёмович|2002-05-08|7080 392296|+79738797249|morozov.d12@edu.univ.ru|2022|учится|бюджет
3149|140|Никитина|Татьяна|Кирилловна|2004-08-01|7692 804274|+79823331915|nikitina.t25@edu.univ.ru|2022|учится|контракт
3150|140|Степанов|Никита|Ильич|2002-04-23|4230 799666|+79892668289|stepanov.n57@edu.univ.ru|2022|академ|бюджет
3151|140|Петрова|Виктория|Кирилловна|2003-03-25|5995 375932|+79942020779|petrova.v33@edu.univ.ru|2022|учится|контракт
3152|140|Лебедев|Кирилл|Романович|2005-06-06|1258 205345|+79093842638|lebedev.k32@edu.univ.ru|2022|академ|бюджет
3153|140|Смирнов|Михаил|Михайлович|2004-09-22|4189 998426|+79105264659|smirnov.m22@edu.univ.ru|2022|учится|контракт
3154|140|Макаров|Артём|Михайлович|2004-10-24|7804 302314|+79183724923|makarov.a27@edu.univ.ru|2022|учится|бюджет
3155|140|Макарова|Ксения|Ильинична|2003-01-10|9173 259785|+79719060324|makarova.k25@edu.univ.ru|2022|учится|контракт
3156|140|Лебедев|Денис|Ильич|2004-03-25|1916 795426|+79403638945|lebedev.d55@edu.univ.ru|2022|учится|бюджет
3157|140|Петрова|Марина|Ивановна|2003-06-07|2042 332031|+79320648347|petrova.m80@edu.univ.ru|2022|учится|бюджет
3158|140|Фёдорова|Наталья|Сергеевна|2003-12-28|3363 917414|+79709725662|fedorova.n79@edu.univ.ru|2022|учится|контракт
3159|140|Алексеев|Михаил|Максимович|2005-07-03|5706 993144|+79171188763|alekseev.m64@edu.univ.ru|2022|учится|контракт
3160|140|Смирнова|Татьяна|Дмитриевна|2002-02-03|7797 833048|+79083621489|smirnova.t40@edu.univ.ru|2022|учится|бюджет
3161|140|Новиков|Александр|Михайлович|2002-05-04|8117 836445|+79660700535|novikov.a46@edu.univ.ru|2022|учится|бюджет
3162|140|Соколова|Дарья|Максимовна|2004-10-26|4174 702484|+79459796707|sokolova.d23@edu.univ.ru|2022|учится|бюджет
3163|140|Смирнов|Максим|Сергеевич|2002-02-25|5402 279337|+79813388015|smirnov.m14@edu.univ.ru|2022|учится|бюджет
3164|140|Степанов|Денис|Дмитриевич|2004-10-14|6563 170805|+79087513284|stepanov.d20@edu.univ.ru|2022|учится|бюджет
3165|140|Морозова|Виктория|Ивановна|2003-09-19|6481 336948|+79702628649|morozova.v72@edu.univ.ru|2022|академ|контракт
3166|140|Николаев|Александр|Кириллович|2005-01-01|4733 778920|+79176084147|nikolaev.a27@edu.univ.ru|2022|учится|бюджет
3167|140|Смирнов|Иван|Ильич|2005-11-02|2431 973138|+79066675944|smirnov.i29@edu.univ.ru|2022|отчислен|бюджет
3168|141|Попова|Алиса|Александровна|2003-11-22|6448 306708|+79932442995|popova.a86@edu.univ.ru|2022|отчислен|бюджет
3169|141|Алексеева|Алиса|Максимовна|2003-11-28|1193 945167|+79314918055|alekseeva.a91@edu.univ.ru|2022|учится|контракт
3170|141|Алексеева|Ксения|Александровна|2003-08-20|4358 302407|+79830160265|alekseeva.k79@edu.univ.ru|2022|учится|бюджет
3171|141|Орлов|Александр|Иванович|2003-04-17|9493 320808|+79402923745|orlov.a89@edu.univ.ru|2022|учится|контракт
3172|141|Михайлова|Дарья|Александровна|2002-08-16|3767 161301|+79028754724|mihaylova.d21@edu.univ.ru|2022|учится|бюджет
3173|141|Смирнова|Виктория|Ильинична|2002-12-09|8895 555729|+79703604055|smirnova.v50@edu.univ.ru|2022|учится|бюджет
3174|141|Степанов|Сергей|Артёмович|2004-02-13|2953 145909|+79969227856|stepanov.s42@edu.univ.ru|2022|отчислен|бюджет
3175|141|Соколова|София|Ивановна|2003-05-06|8326 707822|+79956523785|sokolova.s46@edu.univ.ru|2022|учится|бюджет
3176|141|Козлова|Екатерина|Ивановна|2002-08-27|8403 615645|+79624295465|kozlova.e36@edu.univ.ru|2022|учится|бюджет
3177|141|Морозов|Артём|Андреевич|2003-08-15|4304 884850|+79337123168|morozov.a78@edu.univ.ru|2022|учится|бюджет
3178|141|Макарова|Ксения|Александровна|2003-09-24|5698 597913|+79525524115|makarova.k51@edu.univ.ru|2022|учится|контракт
3179|141|Михайлов|Сергей|Романович|2004-02-03|9926 308352|+79489902904|mihaylov.s97@edu.univ.ru|2022|учится|бюджет
3180|141|Орлов|Артём|Максимович|2003-05-16|5773 200874|+79047051345|orlov.a14@edu.univ.ru|2022|учится|бюджет
3181|141|Смирнов|Алексей|Иванович|2005-04-04|6914 474752|+79283009244|smirnov.a24@edu.univ.ru|2022|учится|контракт
3182|141|Алексеева|Марина|Андреевна|2005-01-28|5431 167637|+79253712239|alekseeva.m63@edu.univ.ru|2022|учится|бюджет
3183|141|Семёнова|Полина|Дмитриевна|2002-03-21|8513 531210|+79553904881|semenova.p41@edu.univ.ru|2022|учится|бюджет
3184|141|Кузнецова|Дарья|Андреевна|2004-07-27|9540 154538|+79897637623|kuznecova.d46@edu.univ.ru|2022|учится|бюджет
3185|141|Смирнова|Дарья|Кирилловна|2005-09-05|9911 683583|+79032968938|smirnova.d87@edu.univ.ru|2022|академ|бюджет
3186|141|Лебедева|Елизавета|Артёмовна|2003-11-02|6302 322837|+79545166359|lebedeva.e70@edu.univ.ru|2022|выпущен|бюджет
3187|141|Андреева|Алиса|Алексеевна|2005-01-25|3053 652210|+79189794264|andreeva.a70@edu.univ.ru|2022|учится|контракт
3188|141|Орлова|Анастасия|Андреевна|2002-09-23|9034 201835|+79083755134|orlova.a94@edu.univ.ru|2022|учится|бюджет
3189|141|Новиков|Иван|Дмитриевич|2002-09-19|4540 626825|+79637600393|novikov.i91@edu.univ.ru|2022|учится|контракт
3190|141|Андреев|Андрей|Андреевич|2005-05-07|9952 821584|+79374219634|andreev.a83@edu.univ.ru|2022|учится|бюджет
3191|141|Макаров|Максим|Артёмович|2003-10-08|2837 183289|+79150202299|makarov.m31@edu.univ.ru|2022|учится|контракт
3192|141|Алексеева|Анна|Максимовна|2002-07-07|8040 552465|+79890513970|alekseeva.a52@edu.univ.ru|2022|учится|контракт
3193|141|Андреев|Михаил|Артёмович|2004-04-04|5597 799835|+79135155278|andreev.m45@edu.univ.ru|2022|учится|бюджет
3194|141|Алексеев|Дмитрий|Ильич|2002-12-18|2064 649550|+79495413977|alekseev.d91@edu.univ.ru|2022|учится|бюджет
3195|141|Андреев|Сергей|Алексеевич|2004-09-08|6169 816834|+79533553900|andreev.s10@edu.univ.ru|2022|учится|бюджет
3196|141|Егоров|Михаил|Кириллович|2003-01-10|9261 343670|+79099993816|egorov.m97@edu.univ.ru|2022|учится|контракт
3197|141|Новиков|Алексей|Максимович|2005-03-14|3554 635804|+79851319273|novikov.a29@edu.univ.ru|2022|учится|контракт
3198|141|Андреев|Алексей|Ильич|2004-06-21|4368 946326|+79435841013|andreev.a81@edu.univ.ru|2022|учится|бюджет
3199|141|Павлова|Анна|Ивановна|2005-06-07|6946 299161|+79746738731|pavlova.a30@edu.univ.ru|2022|учится|бюджет
3200|141|Егорова|София|Дмитриевна|2005-03-14|6800 788807|+79976450211|egorova.s47@edu.univ.ru|2022|учится|контракт
3201|141|Иванов|Роман|Андреевич|2004-11-16|3215 597541|+79885446329|ivanov.r49@edu.univ.ru|2022|академ|бюджет
3202|141|Морозов|Сергей|Ильич|2005-07-18|5159 316585|+79017575819|morozov.s89@edu.univ.ru|2022|учится|контракт
3203|141|Морозов|Егор|Дмитриевич|2002-11-10|3150 455490|+79645533203|morozov.e37@edu.univ.ru|2022|выпущен|бюджет
3204|141|Смирнов|Роман|Андреевич|2004-03-16|3850 879415|+79310078048|smirnov.r17@edu.univ.ru|2022|отчислен|контракт
3205|142|Николаев|Дмитрий|Александрович|2003-05-22|6950 213038|+79759867662|nikolaev.d51@edu.univ.ru|2022|академ|контракт
3206|142|Козлов|Сергей|Алексеевич|2005-08-01|2173 233544|+79412480079|kozlov.s23@edu.univ.ru|2022|учится|бюджет
3207|142|Попова|Виктория|Романовна|2004-10-08|4246 715897|+79363239274|popova.v58@edu.univ.ru|2022|учится|контракт
3208|142|Павлова|Юлия|Ивановна|2002-10-20|9219 333664|+79163144438|pavlova.y75@edu.univ.ru|2022|учится|бюджет
3209|142|Смирнов|Алексей|Кириллович|2003-12-22|8238 277773|+79663360631|smirnov.a69@edu.univ.ru|2022|учится|контракт
3210|142|Алексеева|Виктория|Дмитриевна|2003-07-20|2753 981536|+79289025814|alekseeva.v21@edu.univ.ru|2022|учится|бюджет
3211|142|Никитина|Полина|Михайловна|2005-06-01|7262 250909|+79471367088|nikitina.p92@edu.univ.ru|2022|учится|бюджет
3212|142|Морозов|Илья|Андреевич|2003-09-14|9449 123219|+79511964818|morozov.i26@edu.univ.ru|2022|отчислен|бюджет
3213|142|Иванов|Илья|Александрович|2004-03-26|2120 629604|+79941560427|ivanov.i22@edu.univ.ru|2022|учится|контракт
3214|142|Лебедева|Елизавета|Артёмовна|2005-06-03|2249 427972|+79614811936|lebedeva.e31@edu.univ.ru|2022|учится|бюджет
3215|142|Лебедев|Максим|Иванович|2005-08-12|8424 605736|+79335647653|lebedev.m30@edu.univ.ru|2022|учится|бюджет
3216|142|Николаева|Наталья|Максимовна|2005-11-17|4643 714668|+79597021930|nikolaeva.n18@edu.univ.ru|2022|учится|контракт
3217|142|Волков|Михаил|Максимович|2003-12-24|4661 999149|+79577401446|volkov.m36@edu.univ.ru|2022|учится|контракт
3218|142|Андреев|Алексей|Ильич|2003-01-17|3328 374770|+79036587959|andreev.a71@edu.univ.ru|2022|учится|бюджет
3219|142|Кузнецов|Денис|Сергеевич|2002-03-17|7190 327574|+79076774374|kuznecov.d83@edu.univ.ru|2022|отчислен|контракт
3220|142|Петрова|Мария|Алексеевна|2002-01-21|3655 695655|+79481520175|petrova.m84@edu.univ.ru|2022|учится|контракт
3221|142|Степанова|Анна|Андреевна|2003-01-05|4378 374900|+79420513603|stepanova.a83@edu.univ.ru|2022|учится|контракт
3222|142|Алексеева|Анастасия|Максимовна|2003-07-27|6932 397096|+79429469213|alekseeva.a36@edu.univ.ru|2022|учится|бюджет
3223|142|Волкова|Екатерина|Сергеевна|2004-07-13|6544 859823|+79800084001|volkova.e77@edu.univ.ru|2022|академ|контракт
3224|142|Попова|Елизавета|Алексеевна|2003-02-01|5423 250487|+79394057379|popova.e15@edu.univ.ru|2022|учится|бюджет
3225|142|Павлова|Елизавета|Ивановна|2002-03-05|8848 105587|+79755005774|pavlova.e18@edu.univ.ru|2022|учится|бюджет
3226|142|Фёдорова|Дарья|Ильинична|2002-03-03|4509 280968|+79137923727|fedorova.d98@edu.univ.ru|2022|учится|бюджет
3227|142|Андреев|Никита|Александрович|2005-11-15|4257 824421|+79963833526|andreev.n61@edu.univ.ru|2022|учится|бюджет
3228|142|Васильева|Юлия|Ивановна|2005-01-11|9305 304724|+79504720078|vasileva.y93@edu.univ.ru|2022|учится|бюджет
3229|142|Макаров|Илья|Александрович|2005-07-08|4580 139755|+79238696263|makarov.i76@edu.univ.ru|2022|учится|бюджет
3230|142|Морозов|Дмитрий|Александрович|2003-02-11|8254 788445|+79607095932|morozov.d26@edu.univ.ru|2022|отчислен|бюджет
3231|142|Степанова|Юлия|Александровна|2003-08-15|6143 867012|+79573130247|stepanova.y72@edu.univ.ru|2022|выпущен|бюджет
3232|142|Семёнова|Алиса|Ивановна|2005-03-06|3680 524911|+79430357064|semenova.a24@edu.univ.ru|2022|учится|контракт
3233|142|Семёнов|Роман|Максимович|2002-10-15|5243 855604|+79359304222|semenov.r79@edu.univ.ru|2022|учится|контракт
3234|142|Смирнов|Артём|Сергеевич|2003-04-06|2351 129208|+79354557233|smirnov.a40@edu.univ.ru|2022|учится|контракт
3235|142|Николаева|Ксения|Кирилловна|2003-10-12|2631 360921|+79364419376|nikolaeva.k34@edu.univ.ru|2022|учится|бюджет
3236|142|Николаева|Татьяна|Александровна|2004-02-01|7022 974589|+79470673186|nikolaeva.t52@edu.univ.ru|2022|учится|бюджет
3237|142|Смирнова|Наталья|Ивановна|2005-02-15|1858 749676|+79005791841|smirnova.n30@edu.univ.ru|2022|учится|бюджет
3238|142|Фёдоров|Максим|Александрович|2004-12-23|1996 951582|+79632597765|fedorov.m20@edu.univ.ru|2022|учится|бюджет
3239|142|Павлов|Дмитрий|Сергеевич|2002-05-25|9753 525642|+79255473768|pavlov.d60@edu.univ.ru|2022|отчислен|бюджет
3240|142|Васильева|Марина|Ивановна|2002-08-19|2485 422128|+79335187680|vasileva.m67@edu.univ.ru|2022|учится|бюджет
3241|142|Васильев|Дмитрий|Максимович|2002-11-03|4783 331064|+79987513543|vasilev.d54@edu.univ.ru|2022|учится|бюджет
3242|142|Соколова|Татьяна|Ильинична|2004-08-20|6832 530351|+79943735626|sokolova.t74@edu.univ.ru|2022|учится|контракт
3243|142|Андреев|Алексей|Дмитриевич|2003-06-17|6181 748572|+79844511971|andreev.a20@edu.univ.ru|2022|учится|бюджет
3244|142|Андреев|Алексей|Иванович|2004-05-22|8604 728875|+79514838469|andreev.a24@edu.univ.ru|2022|учится|контракт
3245|142|Семёнова|Наталья|Михайловна|2003-10-21|8954 429771|+79067599669|semenova.n45@edu.univ.ru|2022|отчислен|контракт
3246|143|Никитина|Екатерина|Романовна|2008-01-23|5318 744973|+79433233399|nikitina.e31@edu.univ.ru|2025|учится|бюджет
3247|143|Макаров|Александр|Ильич|2005-08-12|3655 428843|+79076805348|makarov.a42@edu.univ.ru|2025|учится|бюджет
3248|143|Фёдорова|Анастасия|Максимовна|2007-09-20|3381 781725|+79762713707|fedorova.a49@edu.univ.ru|2025|учится|контракт
3249|143|Волкова|Анна|Романовна|2008-12-18|5559 407743|+79436236126|volkova.a79@edu.univ.ru|2025|выпущен|контракт
3250|143|Никитина|Дарья|Дмитриевна|2006-05-16|3541 174732|+79049204067|nikitina.d33@edu.univ.ru|2025|учится|бюджет
3251|143|Семёнов|Никита|Кириллович|2008-04-24|7557 942912|+79784111683|semenov.n41@edu.univ.ru|2025|учится|бюджет
3252|143|Волкова|Анастасия|Кирилловна|2007-10-04|9577 471981|+79629835809|volkova.a26@edu.univ.ru|2025|учится|контракт
3253|143|Егоров|Кирилл|Максимович|2005-08-22|5089 831595|+79906907631|egorov.k96@edu.univ.ru|2025|учится|контракт
3254|143|Козлова|София|Дмитриевна|2007-11-04|1673 476034|+79023874019|kozlova.s80@edu.univ.ru|2025|учится|контракт
3255|143|Новикова|Анна|Алексеевна|2007-05-06|6172 752852|+79556419282|novikova.a80@edu.univ.ru|2025|учится|контракт
3256|143|Орлова|Ольга|Александровна|2008-05-18|8599 877201|+79445421823|orlova.o71@edu.univ.ru|2025|учится|бюджет
3257|143|Козлов|Кирилл|Андреевич|2005-08-12|3396 919090|+79065283612|kozlov.k74@edu.univ.ru|2025|учится|бюджет
3258|143|Михайлов|Илья|Александрович|2006-05-19|1576 307306|+79593455760|mihaylov.i27@edu.univ.ru|2025|учится|бюджет
3259|143|Семёнов|Александр|Максимович|2008-08-07|9274 339388|+79180327464|semenov.a12@edu.univ.ru|2025|учится|бюджет
3260|143|Орлова|Анастасия|Ильинична|2007-03-24|8808 221132|+79528001732|orlova.a12@edu.univ.ru|2025|учится|бюджет
3261|143|Волкова|Марина|Романовна|2006-08-01|8842 185698|+79464215898|volkova.m46@edu.univ.ru|2025|выпущен|бюджет
3262|143|Иванова|Анна|Михайловна|2005-01-19|2335 251152|+79115952037|ivanova.a73@edu.univ.ru|2025|отчислен|контракт
3263|143|Петрова|Виктория|Ивановна|2008-11-25|3091 412868|+79367976101|petrova.v47@edu.univ.ru|2025|выпущен|контракт
3264|143|Макаров|Алексей|Михайлович|2008-09-24|9144 609423|+79885510016|makarov.a76@edu.univ.ru|2025|выпущен|бюджет
3265|143|Андреева|Алиса|Кирилловна|2007-12-28|2851 589723|+79199506383|andreeva.a15@edu.univ.ru|2025|учится|бюджет
3266|143|Волков|Михаил|Кириллович|2007-05-11|5941 843873|+79863038702|volkov.m39@edu.univ.ru|2025|учится|бюджет
3267|143|Алексеев|Артём|Иванович|2007-07-27|1532 889272|+79046764326|alekseev.a56@edu.univ.ru|2025|учится|контракт
3268|143|Михайлова|Юлия|Артёмовна|2005-12-13|6829 512197|+79977418999|mihaylova.y82@edu.univ.ru|2025|учится|бюджет
3269|143|Соколова|Ольга|Михайловна|2005-08-07|9619 669809|+79987252782|sokolova.o44@edu.univ.ru|2025|учится|контракт
3270|143|Егоров|Александр|Михайлович|2005-06-04|8666 151524|+79027232803|egorov.a64@edu.univ.ru|2025|учится|бюджет
3271|143|Фёдорова|София|Сергеевна|2008-06-17|1057 383535|+79063716940|fedorova.s42@edu.univ.ru|2025|учится|бюджет
3272|143|Андреев|Арсений|Александрович|2005-03-14|7188 548287|+79891714518|andreev.a48@edu.univ.ru|2025|учится|бюджет
3273|143|Степанова|Ольга|Максимовна|2006-01-06|1982 902486|+79394712057|stepanova.o64@edu.univ.ru|2025|учится|бюджет
3274|143|Попова|София|Сергеевна|2007-01-20|2750 589621|+79569834353|popova.s58@edu.univ.ru|2025|учится|бюджет
3275|143|Егоров|Сергей|Иванович|2005-11-23|3282 421315|+79579182732|egorov.s23@edu.univ.ru|2025|учится|бюджет
3276|143|Семёнова|Ольга|Дмитриевна|2007-01-18|7385 806985|+79268064370|semenova.o40@edu.univ.ru|2025|учится|бюджет
3277|143|Смирнов|Кирилл|Сергеевич|2007-01-14|1902 669413|+79779344950|smirnov.k42@edu.univ.ru|2025|учится|контракт
3278|143|Волков|Денис|Алексеевич|2008-02-11|6360 423215|+79025221705|volkov.d75@edu.univ.ru|2025|учится|бюджет
3279|143|Орлов|Иван|Ильич|2008-09-17|7741 688804|+79313163642|orlov.i29@edu.univ.ru|2025|учится|бюджет
3280|144|Николаева|Алиса|Алексеевна|2006-07-17|7208 109533|+79063790381|nikolaeva.a42@edu.univ.ru|2025|учится|бюджет
3281|144|Орлова|Татьяна|Кирилловна|2007-01-09|1466 988668|+79080314998|orlova.t61@edu.univ.ru|2025|учится|контракт
3282|144|Николаева|Ольга|Алексеевна|2006-08-01|2473 534898|+79219818794|nikolaeva.o62@edu.univ.ru|2025|учится|контракт
3283|144|Семёнов|Сергей|Алексеевич|2006-07-06|5176 721117|+79130888856|semenov.s61@edu.univ.ru|2025|учится|бюджет
3284|144|Семёнова|Елизавета|Ивановна|2008-06-08|2013 782895|+79260672105|semenova.e97@edu.univ.ru|2025|учится|бюджет
3285|144|Егоров|Максим|Андреевич|2006-05-05|2868 413259|+79365522732|egorov.m42@edu.univ.ru|2025|академ|бюджет
3286|144|Егоров|Кирилл|Романович|2006-03-28|7946 840331|+79942876219|egorov.k87@edu.univ.ru|2025|учится|бюджет
3287|144|Орлов|Егор|Александрович|2007-07-27|4625 235181|+79786124478|orlov.e28@edu.univ.ru|2025|учится|бюджет
3288|144|Лебедев|Егор|Романович|2006-11-11|7222 144848|+79677828345|lebedev.e81@edu.univ.ru|2025|академ|бюджет
3289|144|Степанов|Александр|Дмитриевич|2006-11-02|4593 141049|+79488893746|stepanov.a59@edu.univ.ru|2025|учится|бюджет
3290|144|Алексеева|Дарья|Сергеевна|2008-08-11|6083 447017|+79518604794|alekseeva.d71@edu.univ.ru|2025|учится|бюджет
3291|144|Козлова|Мария|Ильинична|2007-02-24|3820 869239|+79993732072|kozlova.m63@edu.univ.ru|2025|учится|контракт
3292|144|Морозова|Анна|Михайловна|2006-02-18|8016 144917|+79515869234|morozova.a57@edu.univ.ru|2025|учится|бюджет
3293|144|Морозова|Мария|Дмитриевна|2007-04-02|9425 717970|+79499511547|morozova.m27@edu.univ.ru|2025|учится|контракт
3294|144|Алексеев|Дмитрий|Алексеевич|2008-03-14|5445 136658|+79728001906|alekseev.d59@edu.univ.ru|2025|учится|бюджет
3295|144|Алексеева|София|Александровна|2007-02-14|8030 963190|+79696997465|alekseeva.s27@edu.univ.ru|2025|учится|контракт
3296|144|Степанов|Дмитрий|Артёмович|2005-08-14|5436 623083|+79348518538|stepanov.d82@edu.univ.ru|2025|учится|бюджет
3297|144|Павлов|Иван|Дмитриевич|2008-06-03|6968 637278|+79227702121|pavlov.i25@edu.univ.ru|2025|учится|бюджет
3298|144|Николаева|София|Кирилловна|2005-05-06|3793 711035|+79357843659|nikolaeva.s26@edu.univ.ru|2025|учится|бюджет
3299|144|Попова|Юлия|Сергеевна|2005-11-19|5863 101811|+79887214218|popova.y71@edu.univ.ru|2025|учится|бюджет
3300|144|Смирнов|Иван|Александрович|2007-01-25|9521 237539|+79966469825|smirnov.i14@edu.univ.ru|2025|учится|бюджет
3301|144|Морозов|Андрей|Иванович|2008-03-20|9595 507988|+79274850377|morozov.a50@edu.univ.ru|2025|отчислен|бюджет
3302|144|Соколов|Роман|Михайлович|2007-02-01|1204 452145|+79913364606|sokolov.r80@edu.univ.ru|2025|учится|бюджет
3303|144|Смирнова|Анастасия|Ивановна|2007-04-23|2468 167348|+79080624907|smirnova.a46@edu.univ.ru|2025|учится|бюджет
3304|144|Николаева|Алиса|Сергеевна|2006-03-11|2254 299370|+79710094926|nikolaeva.a19@edu.univ.ru|2025|учится|контракт
3305|144|Орлова|Юлия|Алексеевна|2008-06-12|2404 973783|+79623811701|orlova.y80@edu.univ.ru|2025|учится|бюджет
3306|144|Лебедев|Андрей|Михайлович|2007-09-27|2462 269169|+79172078393|lebedev.a39@edu.univ.ru|2025|учится|контракт
3307|144|Фёдорова|Ксения|Андреевна|2007-11-28|7604 513029|+79004320425|fedorova.k63@edu.univ.ru|2025|учится|контракт
3308|144|Соколов|Арсений|Артёмович|2008-12-15|1679 484420|+79631591383|sokolov.a22@edu.univ.ru|2025|учится|бюджет
3309|144|Фёдоров|Роман|Артёмович|2008-08-14|8315 364086|+79233815110|fedorov.r68@edu.univ.ru|2025|учится|контракт
3310|144|Семёнова|Марина|Ильинична|2006-08-08|2211 155264|+79111129813|semenova.m40@edu.univ.ru|2025|учится|бюджет
3311|144|Фёдорова|Дарья|Алексеевна|2008-07-05|6344 308905|+79467248450|fedorova.d11@edu.univ.ru|2025|учится|контракт
3312|144|Смирнов|Михаил|Алексеевич|2006-09-01|2147 733475|+79006089007|smirnov.m58@edu.univ.ru|2025|учится|бюджет
3313|144|Фёдоров|Арсений|Романович|2005-08-18|4097 907818|+79549118657|fedorov.a52@edu.univ.ru|2025|учится|бюджет
3314|144|Степанов|Кирилл|Алексеевич|2008-05-07|8377 700648|+79604094851|stepanov.k82@edu.univ.ru|2025|учится|контракт
3315|145|Павлов|Алексей|Михайлович|2008-04-09|2977 814214|+79769333175|pavlov.a38@edu.univ.ru|2025|учится|бюджет
3316|145|Степанов|Андрей|Ильич|2005-01-08|4654 101578|+79172654869|stepanov.a20@edu.univ.ru|2025|учится|бюджет
3317|145|Новиков|Андрей|Сергеевич|2008-06-01|2289 233520|+79429365684|novikov.a77@edu.univ.ru|2025|академ|контракт
3318|145|Морозова|Анастасия|Александровна|2007-03-02|4059 909766|+79446814440|morozova.a26@edu.univ.ru|2025|учится|бюджет
3319|145|Лебедева|Анастасия|Андреевна|2007-01-17|9989 825563|+79083144669|lebedeva.a58@edu.univ.ru|2025|учится|контракт
3320|145|Никитина|Анастасия|Максимовна|2006-06-01|6988 383240|+79370875335|nikitina.a51@edu.univ.ru|2025|учится|бюджет
3321|145|Макаров|Алексей|Сергеевич|2007-12-17|4699 566351|+79093789030|makarov.a35@edu.univ.ru|2025|учится|контракт
3322|145|Степанов|Иван|Алексеевич|2006-11-11|1976 529489|+79896808229|stepanov.i19@edu.univ.ru|2025|учится|бюджет
3323|145|Михайлова|Полина|Сергеевна|2008-04-04|5572 928325|+79114356077|mihaylova.p19@edu.univ.ru|2025|учится|бюджет
3324|145|Макарова|Виктория|Ивановна|2005-05-09|9606 955655|+79567452042|makarova.v71@edu.univ.ru|2025|учится|бюджет
3325|145|Козлов|Илья|Алексеевич|2006-06-27|5528 250171|+79147079125|kozlov.i46@edu.univ.ru|2025|учится|бюджет
3326|145|Козлова|Дарья|Михайловна|2006-09-28|5198 413208|+79376893495|kozlova.d72@edu.univ.ru|2025|учится|бюджет
3327|145|Андреева|Екатерина|Ивановна|2005-10-24|3289 344910|+79141006355|andreeva.e21@edu.univ.ru|2025|учится|бюджет
3328|145|Смирнова|Ольга|Ивановна|2006-03-27|7257 397013|+79534483758|smirnova.o82@edu.univ.ru|2025|отчислен|контракт
3329|145|Михайлов|Иван|Иванович|2006-12-16|4968 826967|+79716488968|mihaylov.i19@edu.univ.ru|2025|отчислен|бюджет
3330|145|Петрова|Марина|Александровна|2005-08-21|9456 173252|+79893276819|petrova.m66@edu.univ.ru|2025|учится|контракт
3331|145|Смирнов|Максим|Ильич|2006-07-23|9478 485348|+79905042674|smirnov.m40@edu.univ.ru|2025|выпущен|бюджет
3332|145|Семёнова|Екатерина|Романовна|2008-09-25|6194 689345|+79747909918|semenova.e63@edu.univ.ru|2025|учится|бюджет
3333|145|Степанов|Сергей|Иванович|2005-11-06|5022 800484|+79712208120|stepanov.s80@edu.univ.ru|2025|учится|бюджет
3334|145|Орлов|Иван|Максимович|2007-05-26|3599 418278|+79107074300|orlov.i46@edu.univ.ru|2025|учится|бюджет
3335|145|Павлова|София|Дмитриевна|2005-04-19|3816 798021|+79334163920|pavlova.s20@edu.univ.ru|2025|учится|контракт
3336|145|Попов|Андрей|Александрович|2008-11-17|6981 817858|+79614139040|popov.a54@edu.univ.ru|2025|учится|контракт
3337|145|Новиков|Илья|Михайлович|2006-12-26|7184 374059|+79364947271|novikov.i32@edu.univ.ru|2025|учится|бюджет
3338|145|Козлов|Кирилл|Александрович|2008-10-20|2914 907782|+79621601497|kozlov.k70@edu.univ.ru|2025|учится|бюджет
3339|145|Смирнов|Егор|Александрович|2006-01-18|2720 960590|+79820134443|smirnov.e56@edu.univ.ru|2025|учится|контракт
3340|145|Васильев|Арсений|Иванович|2008-07-18|3741 269035|+79828946645|vasilev.a41@edu.univ.ru|2025|учится|контракт
3341|145|Михайлов|Илья|Кириллович|2008-06-06|2916 420454|+79934567557|mihaylov.i70@edu.univ.ru|2025|учится|бюджет
3342|145|Николаев|Дмитрий|Сергеевич|2006-04-03|9160 647318|+79415026528|nikolaev.d62@edu.univ.ru|2025|учится|бюджет
3343|145|Николаева|Анастасия|Сергеевна|2005-10-26|4414 229455|+79987054720|nikolaeva.a27@edu.univ.ru|2025|учится|контракт
3344|145|Попова|Виктория|Романовна|2006-11-24|7944 179711|+79865424536|popova.v97@edu.univ.ru|2025|учится|бюджет
3345|145|Егорова|Виктория|Михайловна|2006-05-10|8350 647021|+79680692677|egorova.v23@edu.univ.ru|2025|учится|бюджет
3346|145|Лебедева|Виктория|Михайловна|2006-02-07|4673 258077|+79548329019|lebedeva.v93@edu.univ.ru|2025|учится|бюджет
3347|145|Соколова|Алиса|Ильинична|2006-11-09|3330 239359|+79313086869|sokolova.a92@edu.univ.ru|2025|учится|бюджет
3348|145|Кузнецова|Дарья|Михайловна|2008-04-26|3754 540643|+79694908930|kuznecova.d94@edu.univ.ru|2025|учится|бюджет
3349|145|Васильева|Полина|Ильинична|2007-01-05|3497 497761|+79570711262|vasileva.p33@edu.univ.ru|2025|учится|бюджет
3350|145|Макарова|Елизавета|Романовна|2007-05-02|5578 550584|+79054309114|makarova.e47@edu.univ.ru|2025|учится|бюджет
3351|145|Кузнецова|Ольга|Ивановна|2008-05-17|1347 212447|+79370270577|kuznecova.o15@edu.univ.ru|2025|учится|контракт
3352|145|Лебедев|Алексей|Андреевич|2005-10-19|3845 640517|+79198851609|lebedev.a40@edu.univ.ru|2025|отчислен|контракт
3353|145|Павлов|Андрей|Михайлович|2005-11-17|2521 142653|+79571817495|pavlov.a90@edu.univ.ru|2025|учится|бюджет
3354|145|Кузнецов|Иван|Кириллович|2006-12-01|1927 761477|+79162375883|kuznecov.i52@edu.univ.ru|2025|учится|бюджет
3355|145|Петров|Арсений|Алексеевич|2007-03-14|1311 440190|+79344406317|petrov.a51@edu.univ.ru|2025|учится|бюджет
3356|146|Волков|Денис|Дмитриевич|2004-02-12|1115 167259|+79335775528|volkov.d80@edu.univ.ru|2024|учится|контракт
3357|146|Степанов|Денис|Романович|2007-10-07|9358 730030|+79046938436|stepanov.d49@edu.univ.ru|2024|отчислен|контракт
3358|146|Петрова|Марина|Максимовна|2007-01-14|4991 978907|+79692493728|petrova.m50@edu.univ.ru|2024|учится|бюджет
3359|146|Смирнова|София|Ильинична|2006-12-08|3887 484917|+79441277975|smirnova.s74@edu.univ.ru|2024|учится|контракт
3360|146|Петров|Михаил|Ильич|2005-12-02|4266 788688|+79799100914|petrov.m62@edu.univ.ru|2024|учится|бюджет
3361|146|Орлова|Юлия|Артёмовна|2004-05-19|7698 805118|+79295602749|orlova.y86@edu.univ.ru|2024|учится|контракт
3362|146|Морозов|Кирилл|Александрович|2007-12-05|3175 536107|+79067345540|morozov.k98@edu.univ.ru|2024|учится|контракт
3363|146|Петров|Александр|Иванович|2006-08-05|1763 928235|+79842458297|petrov.a41@edu.univ.ru|2024|учится|бюджет
3364|146|Семёнов|Матвей|Сергеевич|2005-11-10|8976 963559|+79899738064|semenov.m10@edu.univ.ru|2024|учится|бюджет
3365|146|Орлова|Елизавета|Михайловна|2006-07-27|1255 729546|+79600146762|orlova.e99@edu.univ.ru|2024|отчислен|контракт
3366|146|Смирнова|Виктория|Романовна|2005-12-12|5570 809549|+79526802318|smirnova.v42@edu.univ.ru|2024|учится|бюджет
3367|146|Соколова|София|Максимовна|2007-09-02|9976 848460|+79586581750|sokolova.s16@edu.univ.ru|2024|академ|контракт
3368|146|Волков|Андрей|Андреевич|2005-10-04|7374 716092|+79775748977|volkov.a64@edu.univ.ru|2024|учится|бюджет
3369|146|Волков|Сергей|Александрович|2004-02-19|1247 130963|+79457067262|volkov.s25@edu.univ.ru|2024|учится|бюджет
3370|146|Степанов|Егор|Андреевич|2004-09-15|3604 726280|+79333740201|stepanov.e68@edu.univ.ru|2024|учится|бюджет
3371|146|Михайлова|Анастасия|Ивановна|2004-04-18|6044 457803|+79340262532|mihaylova.a75@edu.univ.ru|2024|учится|контракт
3372|146|Павлова|Анна|Романовна|2006-08-12|9837 617843|+79089812198|pavlova.a20@edu.univ.ru|2024|учится|бюджет
3373|146|Степанова|Екатерина|Максимовна|2007-01-08|8198 323775|+79830640662|stepanova.e61@edu.univ.ru|2024|учится|контракт
3374|146|Смирнов|Сергей|Максимович|2006-11-21|8591 266005|+79927582238|smirnov.s54@edu.univ.ru|2024|учится|бюджет
3375|146|Никитин|Максим|Дмитриевич|2007-08-17|3552 220998|+79574579942|nikitin.m17@edu.univ.ru|2024|учится|контракт
3376|146|Михайлов|Дмитрий|Иванович|2005-12-09|1275 999175|+79599080216|mihaylov.d18@edu.univ.ru|2024|учится|бюджет
3377|146|Егоров|Артём|Иванович|2005-01-14|2474 571883|+79785946970|egorov.a81@edu.univ.ru|2024|учится|бюджет
3378|146|Козлова|Ксения|Романовна|2005-08-28|6854 680736|+79368812816|kozlova.k86@edu.univ.ru|2024|учится|бюджет
3379|146|Павлов|Роман|Андреевич|2005-01-24|9833 365292|+79035149824|pavlov.r69@edu.univ.ru|2024|учится|бюджет
3380|146|Волков|Денис|Артёмович|2007-10-11|3789 360108|+79265086773|volkov.d81@edu.univ.ru|2024|учится|контракт
3381|146|Соколова|Марина|Андреевна|2006-10-26|3532 800868|+79206073664|sokolova.m54@edu.univ.ru|2024|учится|бюджет
3382|146|Попова|Елизавета|Кирилловна|2006-03-14|4646 752850|+79745373318|popova.e42@edu.univ.ru|2024|учится|контракт
3383|146|Фёдорова|Татьяна|Артёмовна|2006-03-08|6869 262664|+79525569901|fedorova.t65@edu.univ.ru|2024|учится|бюджет
3384|146|Волкова|Екатерина|Артёмовна|2004-05-17|5507 486216|+79324506650|volkova.e69@edu.univ.ru|2024|учится|бюджет
3385|146|Орлова|Алиса|Артёмовна|2005-12-23|3689 515062|+79092802103|orlova.a44@edu.univ.ru|2024|учится|контракт
3386|146|Андреева|Наталья|Артёмовна|2005-05-20|6363 544016|+79382131110|andreeva.n62@edu.univ.ru|2024|учится|бюджет
3387|146|Петрова|Ксения|Ильинична|2007-09-18|7029 174780|+79304157057|petrova.k72@edu.univ.ru|2024|отчислен|контракт
3388|146|Новикова|Дарья|Михайловна|2006-03-27|3824 744706|+79450101251|novikova.d10@edu.univ.ru|2024|учится|контракт
3389|146|Васильев|Егор|Сергеевич|2004-01-18|5631 269036|+79326509605|vasilev.e93@edu.univ.ru|2024|учится|бюджет
3390|146|Морозова|Мария|Алексеевна|2005-02-11|3327 968419|+79465569245|morozova.m73@edu.univ.ru|2024|учится|бюджет
3391|146|Андреев|Александр|Дмитриевич|2006-07-12|4054 596807|+79930020080|andreev.a40@edu.univ.ru|2024|учится|бюджет
3392|146|Орлов|Егор|Сергеевич|2005-01-11|7216 442829|+79423934677|orlov.e13@edu.univ.ru|2024|учится|контракт
3393|146|Михайлов|Сергей|Кириллович|2005-05-23|4823 896981|+79856262292|mihaylov.s49@edu.univ.ru|2024|учится|бюджет
3394|146|Смирнова|Анастасия|Дмитриевна|2006-07-23|5089 994770|+79656252945|smirnova.a26@edu.univ.ru|2024|учится|бюджет
3395|147|Лебедева|Марина|Кирилловна|2007-06-01|8061 875872|+79175962050|lebedeva.m30@edu.univ.ru|2024|учится|бюджет
3396|147|Павлова|Анастасия|Кирилловна|2006-06-18|2949 257433|+79879179074|pavlova.a53@edu.univ.ru|2024|учится|бюджет
3397|147|Фёдорова|София|Сергеевна|2006-12-22|4783 384488|+79340751199|fedorova.s62@edu.univ.ru|2024|учится|бюджет
3398|147|Орлова|Наталья|Ильинична|2004-11-06|7903 507454|+79281054852|orlova.n23@edu.univ.ru|2024|отчислен|бюджет
3399|147|Смирнов|Михаил|Максимович|2004-12-02|5895 636607|+79599321513|smirnov.m86@edu.univ.ru|2024|учится|контракт
3400|147|Егорова|Дарья|Сергеевна|2006-05-11|4911 669561|+79724613636|egorova.d68@edu.univ.ru|2024|академ|бюджет
3401|147|Соколов|Иван|Кириллович|2006-01-15|9441 526287|+79989257825|sokolov.i65@edu.univ.ru|2024|учится|бюджет
3402|147|Васильева|Анна|Максимовна|2006-09-28|3749 248499|+79481978777|vasileva.a11@edu.univ.ru|2024|учится|контракт
3403|147|Лебедева|Алиса|Андреевна|2004-03-14|2183 190027|+79928208660|lebedeva.a78@edu.univ.ru|2024|отчислен|бюджет
3404|147|Васильева|Татьяна|Романовна|2007-09-25|9487 320158|+79990189777|vasileva.t17@edu.univ.ru|2024|учится|бюджет
3405|147|Семёнов|Михаил|Ильич|2005-01-13|6151 361688|+79423219068|semenov.m79@edu.univ.ru|2024|учится|контракт
3406|147|Волкова|Марина|Ильинична|2004-09-27|9914 975850|+79306167438|volkova.m47@edu.univ.ru|2024|учится|бюджет
3407|147|Алексеев|Роман|Артёмович|2007-12-08|7073 562579|+79570931315|alekseev.r27@edu.univ.ru|2024|учится|контракт
3408|147|Лебедева|Полина|Александровна|2007-11-27|6122 147719|+79000778430|lebedeva.p32@edu.univ.ru|2024|учится|контракт
3409|147|Смирнова|Виктория|Сергеевна|2007-08-11|4950 479595|+79656169396|smirnova.v20@edu.univ.ru|2024|учится|контракт
3410|147|Никитин|Андрей|Максимович|2006-04-18|9310 371045|+79648336033|nikitin.a84@edu.univ.ru|2024|учится|бюджет
3411|147|Семёнова|Екатерина|Ивановна|2005-02-21|2752 382817|+79386671862|semenova.e34@edu.univ.ru|2024|академ|бюджет
3412|147|Кузнецов|Арсений|Михайлович|2007-12-21|4886 300294|+79793174201|kuznecov.a69@edu.univ.ru|2024|учится|контракт
3413|147|Попов|Денис|Андреевич|2005-04-22|2046 717037|+79678856359|popov.d95@edu.univ.ru|2024|учится|контракт
3414|147|Попов|Максим|Сергеевич|2006-04-22|6693 923007|+79269561330|popov.m98@edu.univ.ru|2024|учится|бюджет
3415|147|Егорова|Мария|Алексеевна|2006-02-09|7252 445671|+79286297413|egorova.m31@edu.univ.ru|2024|учится|бюджет
3416|147|Новиков|Иван|Александрович|2006-10-13|5287 960805|+79010720606|novikov.i71@edu.univ.ru|2024|учится|бюджет
3417|147|Николаев|Артём|Алексеевич|2004-09-28|3616 107532|+79232920602|nikolaev.a33@edu.univ.ru|2024|учится|контракт
3418|147|Петрова|Полина|Андреевна|2007-02-18|8860 413151|+79179263962|petrova.p29@edu.univ.ru|2024|выпущен|бюджет
3419|147|Фёдорова|Екатерина|Михайловна|2004-03-25|5577 993987|+79201279855|fedorova.e23@edu.univ.ru|2024|учится|контракт
3420|147|Николаев|Артём|Артёмович|2007-10-28|3848 570923|+79119753381|nikolaev.a37@edu.univ.ru|2024|учится|бюджет
3421|147|Соколов|Роман|Романович|2005-07-23|1408 932732|+79343823880|sokolov.r95@edu.univ.ru|2024|академ|бюджет
3422|147|Смирнов|Никита|Алексеевич|2005-06-24|1681 861570|+79987068793|smirnov.n38@edu.univ.ru|2024|учится|бюджет
3423|147|Михайлов|Сергей|Иванович|2005-09-07|7382 874568|+79494553098|mihaylov.s77@edu.univ.ru|2024|отчислен|бюджет
3424|147|Никитин|Дмитрий|Иванович|2007-03-25|2114 441830|+79014239090|nikitin.d99@edu.univ.ru|2024|отчислен|контракт
3425|147|Васильев|Александр|Иванович|2007-04-18|7510 415020|+79229677981|vasilev.a20@edu.univ.ru|2024|учится|бюджет
3426|147|Никитин|Александр|Артёмович|2005-03-09|2499 585845|+79875636820|nikitin.a27@edu.univ.ru|2024|учится|контракт
3427|147|Макарова|София|Максимовна|2005-09-20|1046 475741|+79837541710|makarova.s90@edu.univ.ru|2024|учится|бюджет
3428|147|Морозов|Кирилл|Кириллович|2005-09-02|5027 297532|+79925363768|morozov.k61@edu.univ.ru|2024|выпущен|контракт
3429|147|Васильев|Денис|Кириллович|2004-08-24|1740 464060|+79494065051|vasilev.d53@edu.univ.ru|2024|учится|контракт
3430|147|Козлова|Дарья|Ильинична|2005-07-11|6267 903456|+79684858237|kozlova.d46@edu.univ.ru|2024|учится|бюджет
3431|147|Андреева|София|Артёмовна|2006-07-23|4982 611105|+79336485761|andreeva.s98@edu.univ.ru|2024|учится|контракт
3432|148|Кузнецова|Татьяна|Ивановна|2007-02-03|8816 608030|+79830214801|kuznecova.t48@edu.univ.ru|2024|учится|бюджет
3433|148|Семёнова|Мария|Дмитриевна|2005-08-07|9406 755443|+79004691631|semenova.m29@edu.univ.ru|2024|учится|контракт
3434|148|Алексеев|Егор|Александрович|2005-04-08|7845 983764|+79779878507|alekseev.e38@edu.univ.ru|2024|выпущен|контракт
3435|148|Кузнецова|Полина|Андреевна|2004-06-11|3986 533148|+79577387052|kuznecova.p92@edu.univ.ru|2024|учится|контракт
3436|148|Иванова|Мария|Романовна|2006-08-20|6280 663256|+79206294132|ivanova.m44@edu.univ.ru|2024|учится|бюджет
3437|148|Михайлов|Сергей|Сергеевич|2006-11-09|8590 722381|+79644401125|mihaylov.s65@edu.univ.ru|2024|учится|контракт
3438|148|Попова|Полина|Алексеевна|2006-04-12|4297 759824|+79214217784|popova.p60@edu.univ.ru|2024|выпущен|бюджет
3439|148|Лебедев|Кирилл|Андреевич|2005-06-20|6007 195267|+79901994292|lebedev.k74@edu.univ.ru|2024|учится|бюджет
3440|148|Смирнов|Алексей|Андреевич|2005-12-13|4472 590169|+79193877928|smirnov.a17@edu.univ.ru|2024|учится|бюджет
3441|148|Иванова|Ксения|Сергеевна|2007-02-20|5219 501990|+79075214384|ivanova.k73@edu.univ.ru|2024|учится|бюджет
3442|148|Андреев|Максим|Иванович|2007-11-19|6742 791393|+79986721966|andreev.m89@edu.univ.ru|2024|учится|бюджет
3443|148|Семёнова|Татьяна|Артёмовна|2007-02-18|2293 820405|+79833947943|semenova.t63@edu.univ.ru|2024|учится|бюджет
3444|148|Новиков|Артём|Ильич|2005-07-22|9088 869210|+79288639412|novikov.a24@edu.univ.ru|2024|академ|бюджет
3445|148|Фёдоров|Андрей|Романович|2006-11-09|7659 114617|+79113273988|fedorov.a30@edu.univ.ru|2024|учится|бюджет
3446|148|Козлова|Полина|Александровна|2007-01-14|1054 330983|+79344742097|kozlova.p73@edu.univ.ru|2024|учится|контракт
3447|148|Михайлов|Егор|Романович|2005-10-26|6973 735217|+79396490026|mihaylov.e35@edu.univ.ru|2024|учится|бюджет
3448|148|Павлов|Илья|Михайлович|2005-10-22|8798 395728|+79222692186|pavlov.i76@edu.univ.ru|2024|учится|бюджет
3449|148|Иванова|Марина|Ильинична|2004-01-27|6549 798493|+79488764920|ivanova.m87@edu.univ.ru|2024|учится|бюджет
3450|148|Макаров|Артём|Артёмович|2005-11-23|5018 694816|+79282173212|makarov.a86@edu.univ.ru|2024|учится|бюджет
3451|148|Попов|Кирилл|Сергеевич|2006-05-08|8813 698008|+79177644977|popov.k43@edu.univ.ru|2024|учится|бюджет
3452|148|Никитина|Ольга|Артёмовна|2005-11-07|2350 795370|+79811665907|nikitina.o41@edu.univ.ru|2024|учится|бюджет
3453|148|Морозов|Алексей|Романович|2007-11-03|1886 461110|+79651583359|morozov.a54@edu.univ.ru|2024|отчислен|контракт
3454|148|Смирнова|Мария|Михайловна|2005-01-05|9776 962779|+79089625593|smirnova.m79@edu.univ.ru|2024|учится|бюджет
3455|148|Алексеева|Анна|Артёмовна|2004-09-26|6896 775597|+79071504919|alekseeva.a16@edu.univ.ru|2024|учится|бюджет
3456|148|Егоров|Роман|Кириллович|2004-04-13|8134 405843|+79105745878|egorov.r54@edu.univ.ru|2024|учится|контракт
3457|148|Орлов|Егор|Кириллович|2005-02-18|6970 660416|+79757651978|orlov.e34@edu.univ.ru|2024|учится|контракт
3458|148|Павлова|Ольга|Ивановна|2005-11-18|7262 732552|+79077170158|pavlova.o44@edu.univ.ru|2024|учится|бюджет
3459|148|Андреев|Егор|Михайлович|2005-03-03|6461 499651|+79972802797|andreev.e15@edu.univ.ru|2024|учится|контракт
3460|148|Степанова|Полина|Ивановна|2004-10-22|3209 567754|+79201490297|stepanova.p91@edu.univ.ru|2024|учится|контракт
3461|148|Семёнов|Артём|Дмитриевич|2006-01-18|2350 702696|+79944166074|semenov.a70@edu.univ.ru|2024|учится|контракт
3462|148|Никитина|Виктория|Александровна|2006-01-21|1716 273770|+79075550861|nikitina.v91@edu.univ.ru|2024|учится|бюджет
3463|148|Павлова|Татьяна|Сергеевна|2007-11-02|1984 715373|+79805607047|pavlova.t87@edu.univ.ru|2024|академ|бюджет
3464|148|Попова|Марина|Кирилловна|2004-07-03|4911 562425|+79358052518|popova.m36@edu.univ.ru|2024|учится|бюджет
3465|148|Козлова|Алиса|Ивановна|2004-11-02|3482 199138|+79514513250|kozlova.a10@edu.univ.ru|2024|учится|бюджет
3466|148|Васильева|Ольга|Максимовна|2007-08-27|8537 127756|+79930151909|vasileva.o75@edu.univ.ru|2024|учится|бюджет
3467|148|Никитин|Михаил|Романович|2004-07-20|5359 598225|+79007959838|nikitin.m93@edu.univ.ru|2024|учится|контракт
3468|148|Павлов|Михаил|Сергеевич|2005-03-21|3559 687556|+79621773826|pavlov.m57@edu.univ.ru|2024|учится|бюджет
3469|148|Николаева|Полина|Дмитриевна|2005-06-10|2839 214862|+79162109298|nikolaeva.p39@edu.univ.ru|2024|отчислен|контракт
3470|148|Соколова|Наталья|Максимовна|2005-02-17|3840 660120|+79123572034|sokolova.n47@edu.univ.ru|2024|учится|бюджет
3471|148|Смирнова|Анна|Михайловна|2005-01-20|6801 802750|+79631903085|smirnova.a26@edu.univ.ru|2024|учится|контракт
3472|148|Иванова|Ольга|Александровна|2007-10-05|2891 630703|+79034682315|ivanova.o50@edu.univ.ru|2024|учится|бюджет
3473|148|Козлова|Марина|Михайловна|2005-03-17|8053 297490|+79434960272|kozlova.m80@edu.univ.ru|2024|учится|бюджет
3474|149|Иванова|Анна|Андреевна|2006-06-16|8514 311741|+79428927404|ivanova.a51@edu.univ.ru|2023|учится|контракт
3475|149|Степанов|Никита|Иванович|2003-09-02|7992 970674|+79290940704|stepanov.n69@edu.univ.ru|2023|академ|бюджет
3476|149|Лебедев|Александр|Дмитриевич|2003-11-24|5136 337307|+79462274428|lebedev.a68@edu.univ.ru|2023|учится|бюджет
3477|149|Андреева|Анна|Андреевна|2005-04-08|1583 988581|+79977581779|andreeva.a89@edu.univ.ru|2023|учится|контракт
3478|149|Андреева|София|Алексеевна|2003-03-25|3610 591778|+79259729456|andreeva.s80@edu.univ.ru|2023|учится|бюджет
3479|149|Андреева|Елизавета|Романовна|2006-07-01|8211 607821|+79629076486|andreeva.e99@edu.univ.ru|2023|учится|контракт
3480|149|Семёнов|Алексей|Дмитриевич|2003-04-22|3940 253170|+79165732114|semenov.a48@edu.univ.ru|2023|учится|контракт
3481|149|Лебедева|Елизавета|Ивановна|2003-02-23|1886 739871|+79213261166|lebedeva.e74@edu.univ.ru|2023|учится|бюджет
3482|149|Макаров|Кирилл|Кириллович|2005-06-23|6187 850810|+79945703654|makarov.k84@edu.univ.ru|2023|учится|бюджет
3483|149|Попов|Максим|Михайлович|2006-07-26|5536 880410|+79388711125|popov.m63@edu.univ.ru|2023|учится|бюджет
3484|149|Петров|Арсений|Романович|2006-08-27|8882 476534|+79439291957|petrov.a82@edu.univ.ru|2023|учится|бюджет
3485|149|Козлов|Александр|Романович|2006-01-04|9909 758245|+79506609265|kozlov.a27@edu.univ.ru|2023|учится|контракт
3486|149|Иванова|Мария|Кирилловна|2004-04-08|9718 750020|+79823772404|ivanova.m77@edu.univ.ru|2023|учится|контракт
3487|149|Алексеева|София|Михайловна|2004-08-15|5377 969770|+79881290963|alekseeva.s95@edu.univ.ru|2023|учится|контракт
3488|149|Лебедева|Елизавета|Дмитриевна|2004-05-10|3899 851985|+79307642087|lebedeva.e75@edu.univ.ru|2023|учится|бюджет
3489|149|Николаев|Алексей|Романович|2003-09-07|8036 814269|+79583203434|nikolaev.a39@edu.univ.ru|2023|учится|бюджет
3490|149|Лебедева|Дарья|Александровна|2005-12-04|9095 115422|+79178028231|lebedeva.d40@edu.univ.ru|2023|учится|бюджет
3491|149|Соколова|Виктория|Максимовна|2005-05-03|7101 746068|+79960387924|sokolova.v63@edu.univ.ru|2023|учится|бюджет
3492|149|Павлов|Алексей|Максимович|2005-07-22|1489 493408|+79396297538|pavlov.a18@edu.univ.ru|2023|учится|контракт
3493|149|Новикова|Анастасия|Артёмовна|2006-08-23|7105 297620|+79823995643|novikova.a15@edu.univ.ru|2023|учится|бюджет
3494|149|Новиков|Роман|Кириллович|2003-11-01|1970 595727|+79145135396|novikov.r96@edu.univ.ru|2023|учится|контракт
3495|149|Макаров|Дмитрий|Алексеевич|2003-06-06|7555 572028|+79956258759|makarov.d18@edu.univ.ru|2023|отчислен|бюджет
3496|149|Кузнецов|Матвей|Михайлович|2006-05-22|6360 910884|+79967583609|kuznecov.m69@edu.univ.ru|2023|учится|контракт
3497|149|Соколов|Сергей|Максимович|2004-06-14|8726 521599|+79392290990|sokolov.s55@edu.univ.ru|2023|выпущен|бюджет
3498|149|Алексеева|Екатерина|Дмитриевна|2005-06-16|7877 932535|+79244461717|alekseeva.e27@edu.univ.ru|2023|учится|бюджет
3499|149|Васильев|Алексей|Кириллович|2006-01-20|4132 146524|+79710020598|vasilev.a30@edu.univ.ru|2023|учится|контракт
3500|149|Соколова|Полина|Дмитриевна|2004-12-12|8627 870989|+79284471754|sokolova.p83@edu.univ.ru|2023|учится|бюджет
3501|149|Михайлова|Алиса|Кирилловна|2006-09-06|6441 423854|+79078034375|mihaylova.a95@edu.univ.ru|2023|учится|бюджет
3502|149|Лебедев|Егор|Ильич|2004-11-19|1450 865326|+79749552126|lebedev.e54@edu.univ.ru|2023|учится|контракт
3503|149|Семёнова|Анна|Романовна|2003-06-12|2008 722879|+79728346089|semenova.a43@edu.univ.ru|2023|отчислен|бюджет
3504|149|Васильев|Андрей|Михайлович|2006-11-06|1166 435657|+79863114876|vasilev.a31@edu.univ.ru|2023|отчислен|контракт
3505|150|Павлова|София|Ильинична|2005-03-04|3363 656049|+79411998953|pavlova.s31@edu.univ.ru|2023|учится|контракт
3506|150|Кузнецова|Юлия|Романовна|2006-09-28|6028 414984|+79262880741|kuznecova.y67@edu.univ.ru|2023|учится|бюджет
3507|150|Петров|Андрей|Дмитриевич|2005-05-08|7312 540163|+79319069201|petrov.a62@edu.univ.ru|2023|учится|контракт
3508|150|Степанова|Марина|Сергеевна|2005-08-03|8009 842483|+79483587905|stepanova.m42@edu.univ.ru|2023|отчислен|бюджет
3509|150|Новиков|Алексей|Максимович|2006-10-19|6756 294585|+79149621082|novikov.a49@edu.univ.ru|2023|учится|бюджет
3510|150|Петрова|Ольга|Ильинична|2005-09-01|2855 578893|+79392932541|petrova.o60@edu.univ.ru|2023|учится|контракт
3511|150|Петров|Илья|Артёмович|2005-07-13|9322 166885|+79865592446|petrov.i96@edu.univ.ru|2023|отчислен|бюджет
3512|150|Николаев|Егор|Кириллович|2004-03-01|5849 197201|+79035537723|nikolaev.e37@edu.univ.ru|2023|учится|бюджет
3513|150|Семёнова|Наталья|Михайловна|2004-08-14|6027 556145|+79438245278|semenova.n30@edu.univ.ru|2023|учится|бюджет
3514|150|Орлов|Илья|Александрович|2003-11-24|7816 228092|+79354706813|orlov.i48@edu.univ.ru|2023|учится|контракт
3515|150|Морозов|Алексей|Иванович|2005-08-18|5446 594512|+79646540536|morozov.a30@edu.univ.ru|2023|учится|контракт
3516|150|Степанов|Роман|Дмитриевич|2006-03-02|6777 845985|+79608615362|stepanov.r41@edu.univ.ru|2023|учится|бюджет
3517|150|Семёнов|Михаил|Ильич|2003-01-10|7824 878689|+79581225093|semenov.m48@edu.univ.ru|2023|отчислен|контракт
3518|150|Николаев|Алексей|Артёмович|2005-04-12|7741 835461|+79523430804|nikolaev.a47@edu.univ.ru|2023|учится|контракт
3519|150|Михайлов|Максим|Алексеевич|2004-08-03|6763 791807|+79638502503|mihaylov.m87@edu.univ.ru|2023|учится|бюджет
3520|150|Кузнецов|Максим|Романович|2005-07-09|7950 528689|+79243670658|kuznecov.m97@edu.univ.ru|2023|отчислен|бюджет
3521|150|Петрова|Анна|Кирилловна|2004-09-26|8262 108785|+79484309166|petrova.a35@edu.univ.ru|2023|учится|контракт
3522|150|Андреев|Иван|Александрович|2005-05-05|3720 605501|+79676574371|andreev.i92@edu.univ.ru|2023|учится|бюджет
3523|150|Никитина|Елизавета|Максимовна|2004-03-15|8794 555643|+79119057905|nikitina.e82@edu.univ.ru|2023|учится|контракт
3524|150|Иванов|Роман|Максимович|2006-08-15|4986 898482|+79685373289|ivanov.r30@edu.univ.ru|2023|учится|бюджет
3525|150|Николаева|Ольга|Артёмовна|2006-02-06|2961 562213|+79549944327|nikolaeva.o88@edu.univ.ru|2023|учится|бюджет
3526|150|Лебедева|Юлия|Алексеевна|2005-06-12|6197 517668|+79684784463|lebedeva.y36@edu.univ.ru|2023|отчислен|бюджет
3527|150|Семёнова|Ольга|Романовна|2003-05-26|4703 606512|+79764859787|semenova.o55@edu.univ.ru|2023|отчислен|бюджет
3528|150|Кузнецов|Алексей|Кириллович|2003-09-11|1310 482714|+79544986523|kuznecov.a80@edu.univ.ru|2023|учится|контракт
3529|150|Морозова|Марина|Кирилловна|2005-02-19|1783 432436|+79468004499|morozova.m38@edu.univ.ru|2023|академ|контракт
3530|150|Иванов|Роман|Александрович|2005-09-03|3056 763764|+79442830391|ivanov.r49@edu.univ.ru|2023|учится|бюджет
3531|150|Лебедева|Анна|Михайловна|2005-06-22|8360 938609|+79618566616|lebedeva.a39@edu.univ.ru|2023|отчислен|бюджет
3532|150|Лебедев|Арсений|Артёмович|2003-06-12|8314 868314|+79935212093|lebedev.a25@edu.univ.ru|2023|учится|контракт
3533|150|Андреева|София|Артёмовна|2005-02-01|1831 595807|+79564362339|andreeva.s10@edu.univ.ru|2023|учится|бюджет
3534|150|Петров|Александр|Михайлович|2005-09-22|2917 643437|+79720540941|petrov.a71@edu.univ.ru|2023|учится|бюджет
3535|150|Смирнова|Наталья|Сергеевна|2005-11-09|7179 380034|+79323171509|smirnova.n40@edu.univ.ru|2023|учится|бюджет
3536|150|Фёдоров|Кирилл|Дмитриевич|2006-03-12|3066 768274|+79487143515|fedorov.k41@edu.univ.ru|2023|академ|контракт
3537|150|Семёнова|Татьяна|Александровна|2004-12-22|5831 855534|+79269931698|semenova.t70@edu.univ.ru|2023|учится|контракт
3538|150|Волкова|Татьяна|Михайловна|2004-02-19|4684 881111|+79003776020|volkova.t76@edu.univ.ru|2023|учится|бюджет
3539|150|Попова|Марина|Дмитриевна|2005-11-03|2325 973313|+79461697855|popova.m62@edu.univ.ru|2023|учится|бюджет
3540|150|Васильева|Алиса|Артёмовна|2006-07-09|5707 622365|+79967349494|vasileva.a99@edu.univ.ru|2023|учится|бюджет
3541|150|Никитин|Иван|Ильич|2003-03-22|7915 684966|+79882455796|nikitin.i66@edu.univ.ru|2023|учится|бюджет
3542|150|Степанова|Алиса|Максимовна|2005-05-06|1218 146735|+79947049321|stepanova.a80@edu.univ.ru|2023|учится|контракт
3543|150|Алексеев|Алексей|Дмитриевич|2006-08-21|9131 654880|+79031623197|alekseev.a16@edu.univ.ru|2023|учится|контракт
3544|150|Макаров|Дмитрий|Романович|2006-08-23|8683 304601|+79726448455|makarov.d78@edu.univ.ru|2023|учится|контракт
3545|150|Орлов|Алексей|Максимович|2006-02-09|3951 229395|+79213403819|orlov.a95@edu.univ.ru|2023|учится|бюджет
3546|150|Петров|Илья|Дмитриевич|2005-05-03|9915 214859|+79863404228|petrov.i65@edu.univ.ru|2023|учится|контракт
3547|151|Морозова|Марина|Ивановна|2005-06-15|8744 753550|+79272936941|morozova.m97@edu.univ.ru|2023|учится|бюджет
3548|151|Волков|Иван|Дмитриевич|2005-02-05|8954 890894|+79169309484|volkov.i76@edu.univ.ru|2023|отчислен|бюджет
3549|151|Степанова|Ольга|Алексеевна|2006-04-28|3913 560998|+79087389418|stepanova.o79@edu.univ.ru|2023|учится|бюджет
3550|151|Морозов|Илья|Иванович|2006-10-01|2578 393689|+79942091123|morozov.i73@edu.univ.ru|2023|учится|контракт
3551|151|Семёнова|Юлия|Ильинична|2003-01-13|5359 756678|+79942568300|semenova.y74@edu.univ.ru|2023|учится|бюджет
3552|151|Иванов|Александр|Александрович|2005-11-22|1512 765743|+79880546917|ivanov.a36@edu.univ.ru|2023|учится|бюджет
3553|151|Михайлов|Илья|Михайлович|2003-05-20|8644 389144|+79880374066|mihaylov.i60@edu.univ.ru|2023|учится|контракт
3554|151|Новиков|Роман|Сергеевич|2005-01-25|2346 910177|+79613989924|novikov.r34@edu.univ.ru|2023|учится|контракт
3555|151|Петрова|Полина|Ильинична|2006-05-10|3914 960005|+79785436445|petrova.p30@edu.univ.ru|2023|учится|контракт
3556|151|Лебедев|Матвей|Романович|2003-08-23|1182 270303|+79583007473|lebedev.m68@edu.univ.ru|2023|учится|бюджет
3557|151|Егоров|Роман|Кириллович|2004-04-28|3344 566598|+79731416284|egorov.r94@edu.univ.ru|2023|учится|бюджет
3558|151|Попов|Денис|Андреевич|2006-08-08|5072 682918|+79710559209|popov.d13@edu.univ.ru|2023|учится|бюджет
3559|151|Макарова|Юлия|Андреевна|2003-11-06|3371 938485|+79773157890|makarova.y49@edu.univ.ru|2023|учится|контракт
3560|151|Кузнецова|Анна|Артёмовна|2006-07-12|4688 613865|+79794417130|kuznecova.a91@edu.univ.ru|2023|учится|бюджет
3561|151|Андреев|Иван|Иванович|2005-04-04|4546 614818|+79588156685|andreev.i26@edu.univ.ru|2023|учится|бюджет
3562|151|Орлова|Полина|Кирилловна|2003-09-01|8242 816692|+79126247484|orlova.p69@edu.univ.ru|2023|учится|контракт
3563|151|Андреев|Никита|Кириллович|2006-11-03|2737 879611|+79827608702|andreev.n65@edu.univ.ru|2023|учится|контракт
3564|151|Павлова|Екатерина|Ильинична|2003-06-01|7695 568805|+79533297995|pavlova.e39@edu.univ.ru|2023|учится|бюджет
3565|151|Козлова|Анастасия|Артёмовна|2003-10-11|8592 748113|+79195749356|kozlova.a43@edu.univ.ru|2023|учится|бюджет
3566|151|Козлова|Полина|Максимовна|2006-06-08|9075 194992|+79579672367|kozlova.p89@edu.univ.ru|2023|учится|контракт
3567|151|Николаева|Анна|Михайловна|2003-12-03|1532 655706|+79152101003|nikolaeva.a30@edu.univ.ru|2023|учится|бюджет
3568|151|Петрова|Наталья|Ильинична|2005-05-15|7197 517194|+79307635202|petrova.n82@edu.univ.ru|2023|учится|бюджет
3569|151|Морозова|Наталья|Александровна|2005-03-06|7512 255923|+79557573935|morozova.n13@edu.univ.ru|2023|учится|бюджет
3570|151|Кузнецова|Юлия|Артёмовна|2005-01-10|7445 754901|+79105356647|kuznecova.y50@edu.univ.ru|2023|учится|бюджет
3571|151|Волков|Роман|Алексеевич|2006-06-21|5718 960098|+79862326221|volkov.r42@edu.univ.ru|2023|учится|контракт
3572|151|Петрова|Виктория|Кирилловна|2003-02-18|6119 408551|+79739243448|petrova.v41@edu.univ.ru|2023|учится|контракт
3573|151|Козлов|Егор|Михайлович|2005-11-24|2746 312643|+79119271740|kozlov.e35@edu.univ.ru|2023|учится|бюджет
3574|151|Андреев|Денис|Романович|2006-06-15|3004 436441|+79515194955|andreev.d73@edu.univ.ru|2023|учится|бюджет
3575|151|Морозов|Андрей|Кириллович|2004-09-14|6558 601311|+79165572821|morozov.a37@edu.univ.ru|2023|учится|бюджет
3576|151|Егорова|Алиса|Ильинична|2005-06-23|7256 664756|+79853636470|egorova.a77@edu.univ.ru|2023|учится|бюджет
3577|151|Николаев|Егор|Сергеевич|2003-04-19|3878 872666|+79429295967|nikolaev.e91@edu.univ.ru|2023|отчислен|бюджет
3578|151|Фёдорова|Юлия|Михайловна|2006-11-22|9792 441055|+79695243254|fedorova.y17@edu.univ.ru|2023|учится|бюджет
3579|151|Иванова|Ксения|Сергеевна|2006-07-18|1708 293111|+79164675878|ivanova.k33@edu.univ.ru|2023|учится|контракт
3580|151|Алексеева|Екатерина|Алексеевна|2004-05-11|6451 758094|+79505076448|alekseeva.e12@edu.univ.ru|2023|учится|бюджет
3581|151|Смирнова|Марина|Дмитриевна|2005-08-10|4505 938895|+79841774981|smirnova.m36@edu.univ.ru|2023|учится|бюджет
3582|151|Андреева|Ольга|Александровна|2006-10-23|3689 136275|+79591547817|andreeva.o75@edu.univ.ru|2023|учится|контракт
3583|151|Козлова|София|Кирилловна|2005-04-01|7831 775547|+79681795682|kozlova.s99@edu.univ.ru|2023|учится|бюджет
3584|151|Волкова|Елизавета|Михайловна|2003-06-03|2534 331549|+79288369312|volkova.e22@edu.univ.ru|2023|учится|бюджет
3585|151|Алексеев|Никита|Андреевич|2006-01-05|9782 893235|+79236303173|alekseev.n88@edu.univ.ru|2023|учится|контракт
3586|152|Николаев|Алексей|Романович|2003-07-20|7738 841728|+79605302944|nikolaev.a81@edu.univ.ru|2022|учится|контракт
3587|152|Иванов|Кирилл|Артёмович|2002-10-01|3634 338140|+79523808356|ivanov.k84@edu.univ.ru|2022|учится|бюджет
3588|152|Кузнецова|Ольга|Романовна|2004-12-15|5022 607863|+79485969986|kuznecova.o55@edu.univ.ru|2022|учится|бюджет
3589|152|Николаева|Татьяна|Сергеевна|2003-11-27|8254 564826|+79299139127|nikolaeva.t59@edu.univ.ru|2022|учится|контракт
3590|152|Егоров|Дмитрий|Михайлович|2004-10-19|2142 259569|+79730107236|egorov.d55@edu.univ.ru|2022|учится|бюджет
3591|152|Семёнов|Арсений|Алексеевич|2004-07-26|7000 595963|+79605337296|semenov.a83@edu.univ.ru|2022|учится|бюджет
3592|152|Орлов|Иван|Александрович|2005-03-12|1480 414572|+79878047036|orlov.i50@edu.univ.ru|2022|отчислен|бюджет
3593|152|Смирнова|Ксения|Романовна|2003-09-23|3095 827404|+79022281610|smirnova.k87@edu.univ.ru|2022|академ|бюджет
3594|152|Смирнов|Артём|Михайлович|2005-05-08|1336 314583|+79746359474|smirnov.a92@edu.univ.ru|2022|учится|бюджет
3595|152|Семёнова|Марина|Ивановна|2004-06-13|5897 689556|+79445648903|semenova.m34@edu.univ.ru|2022|учится|бюджет
3596|152|Алексеева|Анастасия|Дмитриевна|2004-04-24|3950 635324|+79806956221|alekseeva.a58@edu.univ.ru|2022|учится|бюджет
3597|152|Егорова|Екатерина|Михайловна|2002-09-25|1406 451219|+79207026308|egorova.e84@edu.univ.ru|2022|учится|бюджет
3598|152|Михайлов|Илья|Артёмович|2003-01-23|5502 504364|+79597385953|mihaylov.i61@edu.univ.ru|2022|учится|бюджет
3599|152|Никитина|Татьяна|Артёмовна|2004-07-20|9859 801372|+79560266341|nikitina.t36@edu.univ.ru|2022|учится|контракт
3600|152|Николаев|Матвей|Александрович|2003-04-03|1944 922601|+79836028054|nikolaev.m47@edu.univ.ru|2022|учится|бюджет
3601|152|Козлова|Анастасия|Андреевна|2003-01-22|8449 727403|+79778130625|kozlova.a49@edu.univ.ru|2022|учится|бюджет
3602|152|Семёнов|Никита|Максимович|2003-12-18|3136 755264|+79219375268|semenov.n87@edu.univ.ru|2022|учится|бюджет
3603|152|Фёдоров|Денис|Романович|2003-02-05|3754 625678|+79803521479|fedorov.d17@edu.univ.ru|2022|учится|бюджет
3604|152|Лебедева|Ольга|Кирилловна|2005-09-21|8084 567817|+79365261728|lebedeva.o29@edu.univ.ru|2022|учится|контракт
3605|152|Попова|Татьяна|Андреевна|2003-12-09|4736 509530|+79889998594|popova.t49@edu.univ.ru|2022|учится|бюджет
3606|152|Никитина|Дарья|Михайловна|2003-07-04|9302 512690|+79780191901|nikitina.d65@edu.univ.ru|2022|выпущен|бюджет
3607|152|Морозова|Алиса|Александровна|2003-08-04|1312 454303|+79038385458|morozova.a79@edu.univ.ru|2022|учится|бюджет
3608|152|Иванова|Анастасия|Ивановна|2004-09-19|4338 580693|+79998188947|ivanova.a62@edu.univ.ru|2022|учится|контракт
3609|152|Андреева|Марина|Ильинична|2003-03-02|1730 587896|+79218942694|andreeva.m13@edu.univ.ru|2022|учится|бюджет
3610|152|Макаров|Сергей|Иванович|2002-11-09|7857 562969|+79848969066|makarov.s25@edu.univ.ru|2022|учится|бюджет
3611|152|Макаров|Михаил|Артёмович|2005-04-13|9716 162958|+79791657726|makarov.m97@edu.univ.ru|2022|учится|бюджет
3612|152|Андреева|Елизавета|Михайловна|2005-10-11|2530 156838|+79232287499|andreeva.e81@edu.univ.ru|2022|учится|бюджет
3613|152|Козлова|Алиса|Артёмовна|2005-01-15|2408 378867|+79780168045|kozlova.a73@edu.univ.ru|2022|учится|бюджет
3614|152|Васильева|Екатерина|Ильинична|2002-10-22|3768 185960|+79156681560|vasileva.e75@edu.univ.ru|2022|учится|бюджет
3615|152|Михайлов|Александр|Ильич|2002-02-17|8929 753557|+79411529709|mihaylov.a67@edu.univ.ru|2022|учится|контракт
3616|152|Морозова|Марина|Ильинична|2004-11-03|9433 226437|+79596956332|morozova.m76@edu.univ.ru|2022|учится|контракт
3617|152|Семёнова|София|Михайловна|2005-01-16|1215 210059|+79553776991|semenova.s93@edu.univ.ru|2022|академ|бюджет
3618|152|Васильев|Егор|Кириллович|2004-10-10|3376 580001|+79027974702|vasilev.e42@edu.univ.ru|2022|учится|контракт
3619|153|Новиков|Александр|Артёмович|2002-03-02|6476 996274|+79072372785|novikov.a81@edu.univ.ru|2022|учится|контракт
3620|153|Егоров|Кирилл|Алексеевич|2002-10-11|4896 546706|+79565905225|egorov.k88@edu.univ.ru|2022|учится|бюджет
3621|153|Макарова|Анна|Максимовна|2004-11-14|7081 340169|+79328494090|makarova.a95@edu.univ.ru|2022|учится|бюджет
3622|153|Николаева|Дарья|Александровна|2003-09-13|5258 409553|+79520616661|nikolaeva.d83@edu.univ.ru|2022|учится|бюджет
3623|153|Николаева|Полина|Сергеевна|2005-11-24|6513 466859|+79800034643|nikolaeva.p45@edu.univ.ru|2022|учится|бюджет
3624|153|Орлов|Денис|Дмитриевич|2002-12-12|4498 350246|+79962535330|orlov.d79@edu.univ.ru|2022|учится|контракт
3625|153|Фёдорова|Анна|Михайловна|2002-01-28|8807 117552|+79590749513|fedorova.a68@edu.univ.ru|2022|учится|бюджет
3626|153|Степанова|Екатерина|Максимовна|2003-12-12|1553 399295|+79714236493|stepanova.e38@edu.univ.ru|2022|учится|бюджет
3627|153|Соколова|Анна|Алексеевна|2002-02-16|7556 312081|+79818669642|sokolova.a22@edu.univ.ru|2022|учится|бюджет
3628|153|Андреев|Матвей|Романович|2004-02-14|6727 132900|+79280981257|andreev.m50@edu.univ.ru|2022|учится|бюджет
3629|153|Волкова|Марина|Михайловна|2002-01-14|4748 194414|+79060593812|volkova.m70@edu.univ.ru|2022|учится|бюджет
3630|153|Николаева|Екатерина|Михайловна|2004-01-01|8265 582111|+79146845575|nikolaeva.e61@edu.univ.ru|2022|академ|бюджет
3631|153|Алексеева|Анна|Максимовна|2002-03-22|8648 313009|+79235614125|alekseeva.a53@edu.univ.ru|2022|учится|контракт
3632|153|Соколов|Михаил|Михайлович|2004-08-04|5576 157006|+79826016072|sokolov.m35@edu.univ.ru|2022|учится|контракт
3633|153|Попов|Дмитрий|Артёмович|2004-06-22|9504 122656|+79599154324|popov.d56@edu.univ.ru|2022|учится|бюджет
3634|153|Козлова|Виктория|Дмитриевна|2004-06-13|4915 693689|+79280168881|kozlova.v83@edu.univ.ru|2022|учится|контракт
3635|153|Макаров|Артём|Андреевич|2003-11-08|8764 665469|+79584590264|makarov.a79@edu.univ.ru|2022|учится|бюджет
3636|153|Никитин|Егор|Алексеевич|2003-01-11|9616 451911|+79352545463|nikitin.e82@edu.univ.ru|2022|учится|бюджет
3637|153|Алексеева|Наталья|Алексеевна|2004-05-17|5122 288872|+79703447771|alekseeva.n45@edu.univ.ru|2022|учится|бюджет
3638|153|Морозова|Марина|Алексеевна|2005-11-08|3772 838762|+79448672491|morozova.m49@edu.univ.ru|2022|учится|бюджет
3639|153|Павлова|Алиса|Дмитриевна|2002-06-07|9341 261009|+79424017042|pavlova.a47@edu.univ.ru|2022|учится|бюджет
3640|153|Иванова|Мария|Ильинична|2002-01-03|6226 583163|+79465424253|ivanova.m93@edu.univ.ru|2022|отчислен|бюджет
3641|153|Соколов|Роман|Александрович|2004-04-26|8466 231207|+79698783353|sokolov.r29@edu.univ.ru|2022|учится|бюджет
3642|153|Орлов|Михаил|Иванович|2004-05-26|2313 632789|+79668855343|orlov.m11@edu.univ.ru|2022|отчислен|бюджет
3643|153|Андреева|Наталья|Андреевна|2003-08-22|4145 291702|+79628154895|andreeva.n13@edu.univ.ru|2022|учится|бюджет
3644|153|Семёнова|Елизавета|Михайловна|2004-07-10|2195 494356|+79181415931|semenova.e89@edu.univ.ru|2022|академ|бюджет
3645|153|Никитина|Алиса|Сергеевна|2002-02-11|8351 284110|+79246905043|nikitina.a36@edu.univ.ru|2022|учится|бюджет
3646|153|Кузнецова|Алиса|Александровна|2003-08-13|4854 192175|+79367014648|kuznecova.a75@edu.univ.ru|2022|учится|бюджет
3647|153|Орлов|Алексей|Максимович|2003-07-11|1636 361667|+79785845256|orlov.a71@edu.univ.ru|2022|учится|бюджет
3648|153|Морозов|Арсений|Андреевич|2003-07-21|7864 104718|+79164755204|morozov.a80@edu.univ.ru|2022|учится|бюджет
3649|153|Кузнецова|Алиса|Алексеевна|2003-12-17|3012 866898|+79605968389|kuznecova.a15@edu.univ.ru|2022|учится|бюджет
3650|153|Андреева|Марина|Сергеевна|2004-08-08|9353 688599|+79055424713|andreeva.m28@edu.univ.ru|2022|учится|бюджет
3651|154|Андреев|Егор|Ильич|2003-03-19|4043 995441|+79231466825|andreev.e33@edu.univ.ru|2022|учится|бюджет
3652|154|Козлов|Андрей|Максимович|2002-12-26|3007 236459|+79672377090|kozlov.a40@edu.univ.ru|2022|учится|контракт
3653|154|Степанова|Алиса|Ильинична|2002-11-02|1018 236539|+79501992908|stepanova.a52@edu.univ.ru|2022|учится|бюджет
3654|154|Макарова|Алиса|Ильинична|2002-03-12|2852 937080|+79461391700|makarova.a16@edu.univ.ru|2022|учится|бюджет
3655|154|Никитин|Кирилл|Иванович|2002-07-10|9005 967434|+79389586339|nikitin.k85@edu.univ.ru|2022|отчислен|бюджет
3656|154|Фёдорова|Наталья|Артёмовна|2003-09-11|4841 278189|+79575519001|fedorova.n24@edu.univ.ru|2022|учится|бюджет
3657|154|Соколова|Алиса|Романовна|2003-03-18|5297 682637|+79392100559|sokolova.a38@edu.univ.ru|2022|учится|бюджет
3658|154|Михайлова|Мария|Андреевна|2005-10-24|9084 217098|+79209536499|mihaylova.m21@edu.univ.ru|2022|учится|контракт
3659|154|Попова|Мария|Дмитриевна|2005-08-19|5253 146464|+79263516012|popova.m91@edu.univ.ru|2022|учится|бюджет
3660|154|Никитина|Елизавета|Михайловна|2003-06-02|7856 546426|+79040081040|nikitina.e59@edu.univ.ru|2022|учится|бюджет
3661|154|Макаров|Денис|Артёмович|2004-04-28|1529 599503|+79626197804|makarov.d25@edu.univ.ru|2022|учится|бюджет
3662|154|Морозова|Юлия|Александровна|2003-10-17|5125 357425|+79565726058|morozova.y49@edu.univ.ru|2022|учится|бюджет
3663|154|Петров|Андрей|Артёмович|2005-01-19|1777 236315|+79349345639|petrov.a30@edu.univ.ru|2022|учится|бюджет
3664|154|Орлов|Денис|Дмитриевич|2004-10-25|7906 216542|+79018436954|orlov.d83@edu.univ.ru|2022|учится|контракт
3665|154|Лебедев|Кирилл|Иванович|2003-04-12|8863 859181|+79746205839|lebedev.k79@edu.univ.ru|2022|учится|бюджет
3666|154|Орлов|Кирилл|Иванович|2005-12-16|3437 426955|+79304272911|orlov.k45@edu.univ.ru|2022|учится|контракт
3667|154|Николаева|София|Дмитриевна|2003-04-13|2385 860934|+79871410573|nikolaeva.s28@edu.univ.ru|2022|учится|контракт
3668|154|Семёнова|Виктория|Кирилловна|2005-11-26|9484 390643|+79330055477|semenova.v34@edu.univ.ru|2022|учится|бюджет
3669|154|Павлов|Андрей|Романович|2002-07-28|1386 825794|+79073216178|pavlov.a73@edu.univ.ru|2022|академ|контракт
3670|154|Степанов|Максим|Ильич|2004-04-19|2538 649151|+79308938858|stepanov.m20@edu.univ.ru|2022|учится|бюджет
3671|154|Соколов|Артём|Романович|2004-06-11|9696 437808|+79732028165|sokolov.a98@edu.univ.ru|2022|учится|контракт
3672|154|Петров|Андрей|Михайлович|2005-02-06|6689 717875|+79066320609|petrov.a23@edu.univ.ru|2022|учится|контракт
3673|154|Фёдорова|Екатерина|Михайловна|2005-03-19|7612 710771|+79841393388|fedorova.e69@edu.univ.ru|2022|учится|бюджет
3674|154|Иванова|Полина|Романовна|2005-11-18|4428 906853|+79667351452|ivanova.p67@edu.univ.ru|2022|учится|бюджет
3675|154|Михайлова|Дарья|Романовна|2005-05-09|9455 633498|+79748560044|mihaylova.d88@edu.univ.ru|2022|учится|бюджет
3676|154|Михайлов|Максим|Артёмович|2004-05-21|8548 939574|+79331030678|mihaylov.m18@edu.univ.ru|2022|учится|контракт
3677|154|Семёнова|Анастасия|Ильинична|2005-04-15|7083 412590|+79978392656|semenova.a38@edu.univ.ru|2022|отчислен|бюджет
3678|154|Фёдоров|Андрей|Алексеевич|2003-07-24|3536 457257|+79111647105|fedorov.a71@edu.univ.ru|2022|учится|контракт
3679|154|Морозова|Марина|Максимовна|2005-01-28|1382 524961|+79491836288|morozova.m49@edu.univ.ru|2022|учится|контракт
3680|154|Егоров|Андрей|Максимович|2005-06-13|9076 885772|+79710990842|egorov.a48@edu.univ.ru|2022|учится|контракт
3681|154|Фёдорова|Дарья|Александровна|2005-01-08|1287 826108|+79772735270|fedorova.d99@edu.univ.ru|2022|учится|бюджет
3682|154|Кузнецов|Александр|Максимович|2005-03-26|4315 273422|+79918062661|kuznecov.a90@edu.univ.ru|2022|учится|бюджет
3683|154|Кузнецова|Татьяна|Максимовна|2002-09-28|5350 657278|+79318643936|kuznecova.t59@edu.univ.ru|2022|учится|бюджет
3684|154|Козлов|Егор|Кириллович|2005-11-01|4154 879696|+79850428674|kozlov.e22@edu.univ.ru|2022|выпущен|бюджет
3685|154|Попова|Мария|Алексеевна|2003-06-15|3576 722398|+79096392587|popova.m37@edu.univ.ru|2022|учится|бюджет
3686|154|Морозова|Дарья|Ивановна|2003-09-09|3694 477074|+79723374178|morozova.d60@edu.univ.ru|2022|учится|контракт
3687|154|Смирнов|Максим|Ильич|2004-08-19|8787 265076|+79875796228|smirnov.m64@edu.univ.ru|2022|учится|контракт
3688|154|Васильев|Егор|Дмитриевич|2002-05-02|3077 401869|+79847805087|vasilev.e90@edu.univ.ru|2022|учится|контракт
3689|154|Фёдоров|Андрей|Сергеевич|2004-10-01|8363 692342|+79399839835|fedorov.a63@edu.univ.ru|2022|учится|бюджет
3690|155|Андреев|Артём|Михайлович|2004-12-19|5267 220389|+79786326094|andreev.a14@edu.univ.ru|2022|учится|бюджет
3691|155|Смирнова|Полина|Андреевна|2002-10-25|9449 924560|+79042482486|smirnova.p83@edu.univ.ru|2022|учится|бюджет
3692|155|Алексеева|София|Сергеевна|2004-01-07|4203 121020|+79295225791|alekseeva.s91@edu.univ.ru|2022|учится|контракт
3693|155|Смирнов|Максим|Алексеевич|2002-05-20|2118 351221|+79938531026|smirnov.m37@edu.univ.ru|2022|учится|бюджет
3694|155|Иванова|Мария|Кирилловна|2004-03-09|9382 375409|+79220177687|ivanova.m97@edu.univ.ru|2022|учится|бюджет
3695|155|Андреева|Наталья|Романовна|2003-07-22|1025 664133|+79194805812|andreeva.n63@edu.univ.ru|2022|учится|контракт
3696|155|Лебедев|Арсений|Сергеевич|2002-06-09|6905 677624|+79592044870|lebedev.a55@edu.univ.ru|2022|отчислен|контракт
3697|155|Иванова|Елизавета|Ивановна|2005-02-11|8111 858639|+79541550723|ivanova.e65@edu.univ.ru|2022|учится|бюджет
3698|155|Новикова|Ольга|Сергеевна|2003-10-22|1943 361522|+79226962525|novikova.o95@edu.univ.ru|2022|учится|бюджет
3699|155|Иванов|Александр|Алексеевич|2004-12-19|2523 487921|+79275583735|ivanov.a89@edu.univ.ru|2022|учится|бюджет
3700|155|Лебедев|Арсений|Ильич|2003-10-18|5245 334661|+79111554912|lebedev.a43@edu.univ.ru|2022|учится|контракт
3701|155|Иванова|София|Александровна|2002-12-08|8447 813595|+79029233800|ivanova.s86@edu.univ.ru|2022|учится|бюджет
3702|155|Козлова|Мария|Алексеевна|2004-12-27|9054 686566|+79416012902|kozlova.m27@edu.univ.ru|2022|учится|контракт
3703|155|Алексеев|Илья|Дмитриевич|2004-10-23|6351 908107|+79307259269|alekseev.i36@edu.univ.ru|2022|учится|контракт
3704|155|Семёнов|Илья|Артёмович|2005-06-10|5569 412337|+79174805284|semenov.i88@edu.univ.ru|2022|учится|бюджет
3705|155|Попов|Арсений|Романович|2002-04-12|3617 602159|+79739574873|popov.a62@edu.univ.ru|2022|учится|контракт
3706|155|Козлова|Юлия|Максимовна|2003-06-28|7418 721095|+79730358048|kozlova.y95@edu.univ.ru|2022|учится|бюджет
3707|155|Иванова|Алиса|Ивановна|2002-09-20|7075 209927|+79501104249|ivanova.a52@edu.univ.ru|2022|учится|контракт
3708|155|Лебедева|Анна|Алексеевна|2003-08-09|8059 324829|+79816812003|lebedeva.a28@edu.univ.ru|2022|академ|бюджет
3709|155|Попова|Мария|Сергеевна|2003-11-15|4108 741277|+79090952318|popova.m54@edu.univ.ru|2022|учится|бюджет
3710|155|Степанова|Полина|Максимовна|2003-06-17|1298 327981|+79528227767|stepanova.p68@edu.univ.ru|2022|академ|бюджет
3711|155|Иванова|Алиса|Александровна|2004-01-11|3118 520555|+79780488504|ivanova.a58@edu.univ.ru|2022|учится|бюджет
3712|155|Степанов|Роман|Андреевич|2005-05-21|7651 923115|+79978262481|stepanov.r15@edu.univ.ru|2022|учится|бюджет
3713|155|Иванов|Никита|Ильич|2005-12-25|6930 359677|+79028336930|ivanov.n69@edu.univ.ru|2022|учится|контракт
3714|155|Петрова|Полина|Кирилловна|2002-06-24|7248 459735|+79836668551|petrova.p34@edu.univ.ru|2022|учится|контракт
3715|155|Степанова|Ольга|Романовна|2003-02-07|8220 644269|+79640169028|stepanova.o12@edu.univ.ru|2022|отчислен|контракт
3716|155|Новиков|Арсений|Ильич|2002-05-12|9091 453820|+79341308868|novikov.a80@edu.univ.ru|2022|учится|контракт
3717|155|Орлов|Александр|Алексеевич|2002-04-11|4045 494361|+79303357604|orlov.a44@edu.univ.ru|2022|учится|бюджет
3718|155|Орлова|Ксения|Алексеевна|2004-07-28|7490 996659|+79851208435|orlova.k67@edu.univ.ru|2022|учится|бюджет
3719|155|Михайлова|Марина|Артёмовна|2004-11-25|7042 521523|+79284454377|mihaylova.m95@edu.univ.ru|2022|учится|контракт
3720|155|Васильев|Михаил|Иванович|2002-11-02|1176 938384|+79383953650|vasilev.m53@edu.univ.ru|2022|академ|бюджет
3721|155|Андреева|Елизавета|Ильинична|2005-10-17|1990 561993|+79789971881|andreeva.e35@edu.univ.ru|2022|учится|контракт
3722|155|Кузнецов|Александр|Алексеевич|2002-08-19|4911 787775|+79409604129|kuznecov.a43@edu.univ.ru|2022|отчислен|бюджет
3723|155|Андреева|Наталья|Максимовна|2003-05-19|1064 587248|+79095461840|andreeva.n35@edu.univ.ru|2022|учится|бюджет
3724|155|Андреев|Илья|Александрович|2002-08-26|2675 458899|+79913868913|andreev.i95@edu.univ.ru|2022|учится|бюджет
3725|155|Алексеев|Арсений|Дмитриевич|2003-05-26|5072 256765|+79703473727|alekseev.a95@edu.univ.ru|2022|учится|бюджет
3726|155|Попов|Иван|Алексеевич|2004-10-27|2888 326092|+79372366001|popov.i36@edu.univ.ru|2022|учится|контракт
3727|156|Кузнецов|Денис|Иванович|2003-01-12|5148 359055|+79672941294|kuznecov.d42@edu.univ.ru|2022|учится|контракт
3728|156|Николаев|Кирилл|Иванович|2002-07-06|6075 819187|+79658489171|nikolaev.k69@edu.univ.ru|2022|учится|контракт
3729|156|Фёдорова|Татьяна|Дмитриевна|2004-03-12|3564 204583|+79477159640|fedorova.t64@edu.univ.ru|2022|учится|бюджет
3730|156|Фёдорова|Екатерина|Кирилловна|2003-01-23|7689 513298|+79604973263|fedorova.e74@edu.univ.ru|2022|учится|контракт
3731|156|Волков|Алексей|Ильич|2003-10-12|8266 902496|+79776832375|volkov.a14@edu.univ.ru|2022|учится|контракт
3732|156|Соколов|Арсений|Александрович|2002-06-07|8771 374655|+79397435992|sokolov.a80@edu.univ.ru|2022|учится|контракт
3733|156|Павлова|Анна|Ильинична|2004-12-27|9835 648258|+79609171624|pavlova.a37@edu.univ.ru|2022|учится|контракт
3734|156|Егорова|Екатерина|Сергеевна|2005-08-17|4897 463815|+79163448765|egorova.e26@edu.univ.ru|2022|академ|бюджет
3735|156|Макаров|Арсений|Иванович|2003-05-23|4655 718987|+79165006169|makarov.a81@edu.univ.ru|2022|учится|бюджет
3736|156|Орлова|Анна|Алексеевна|2005-09-05|5402 169334|+79494814579|orlova.a11@edu.univ.ru|2022|учится|контракт
3737|156|Козлов|Егор|Иванович|2005-08-24|1361 844680|+79180730265|kozlov.e21@edu.univ.ru|2022|учится|контракт
3738|156|Алексеев|Илья|Артёмович|2005-04-24|6658 974151|+79393563009|alekseev.i14@edu.univ.ru|2022|учится|бюджет
3739|156|Новикова|Мария|Сергеевна|2002-08-11|3979 631052|+79698160428|novikova.m22@edu.univ.ru|2022|учится|бюджет
3740|156|Николаев|Никита|Михайлович|2004-03-23|5968 880589|+79459235424|nikolaev.n41@edu.univ.ru|2022|учится|бюджет
3741|156|Никитина|Екатерина|Александровна|2004-10-24|7219 559597|+79137461170|nikitina.e88@edu.univ.ru|2022|учится|бюджет
3742|156|Орлова|Алиса|Артёмовна|2004-03-24|3750 237253|+79515528839|orlova.a78@edu.univ.ru|2022|учится|контракт
3743|156|Макарова|Анастасия|Михайловна|2002-01-27|4503 560494|+79157094238|makarova.a22@edu.univ.ru|2022|учится|бюджет
3744|156|Соколов|Арсений|Алексеевич|2004-05-22|8634 870065|+79849050509|sokolov.a24@edu.univ.ru|2022|учится|контракт
3745|156|Смирнов|Андрей|Ильич|2002-03-08|4209 653084|+79069136532|smirnov.a57@edu.univ.ru|2022|учится|бюджет
3746|156|Павлов|Денис|Михайлович|2003-05-21|5725 667957|+79953290136|pavlov.d26@edu.univ.ru|2022|учится|контракт
3747|156|Фёдоров|Егор|Романович|2002-01-12|2350 109198|+79347139593|fedorov.e23@edu.univ.ru|2022|учится|бюджет
3748|156|Андреев|Дмитрий|Алексеевич|2004-06-02|4070 920749|+79849720305|andreev.d68@edu.univ.ru|2022|учится|контракт
3749|156|Смирнов|Никита|Иванович|2002-07-01|2568 144721|+79795543161|smirnov.n72@edu.univ.ru|2022|учится|бюджет
3750|156|Николаев|Арсений|Михайлович|2004-08-07|1897 868031|+79511100749|nikolaev.a95@edu.univ.ru|2022|учится|бюджет
3751|156|Степанова|Елизавета|Алексеевна|2003-05-28|8969 671083|+79169545232|stepanova.e48@edu.univ.ru|2022|отчислен|бюджет
3752|156|Алексеева|Анастасия|Романовна|2003-05-26|5150 711353|+79340303526|alekseeva.a52@edu.univ.ru|2022|учится|бюджет
3753|156|Макаров|Илья|Ильич|2003-02-09|1216 276071|+79589180541|makarov.i33@edu.univ.ru|2022|учится|контракт
3754|156|Николаева|Анастасия|Андреевна|2002-03-26|2470 107960|+79196899518|nikolaeva.a20@edu.univ.ru|2022|отчислен|бюджет
3755|156|Фёдорова|Дарья|Кирилловна|2005-12-05|1157 980273|+79398009156|fedorova.d50@edu.univ.ru|2022|учится|бюджет
3756|156|Орлов|Артём|Иванович|2002-01-11|6406 979994|+79257298128|orlov.a74@edu.univ.ru|2022|учится|бюджет
3757|156|Николаев|Артём|Дмитриевич|2003-01-27|1367 611576|+79894633238|nikolaev.a90@edu.univ.ru|2022|учится|контракт
3758|156|Орлов|Михаил|Максимович|2003-07-26|9907 285281|+79024144969|orlov.m49@edu.univ.ru|2022|учится|бюджет
3759|156|Васильева|Дарья|Романовна|2003-11-08|3915 238396|+79786584444|vasileva.d94@edu.univ.ru|2022|учится|контракт
3760|156|Егорова|Елизавета|Романовна|2004-08-06|5622 617354|+79726479928|egorova.e82@edu.univ.ru|2022|учится|бюджет
3761|157|Андреева|Анна|Ильинична|2004-04-16|9481 630781|+79693821235|andreeva.a59@edu.univ.ru|2022|учится|контракт
3762|157|Смирнова|Алиса|Михайловна|2005-03-26|8084 608170|+79216652356|smirnova.a46@edu.univ.ru|2022|отчислен|контракт
3763|157|Николаева|Полина|Михайловна|2002-01-23|3266 938118|+79979449598|nikolaeva.p25@edu.univ.ru|2022|учится|бюджет
3764|157|Никитин|Дмитрий|Кириллович|2005-03-04|5884 549959|+79816796439|nikitin.d67@edu.univ.ru|2022|учится|контракт
3765|157|Алексеева|Дарья|Максимовна|2005-01-23|3517 768108|+79200635412|alekseeva.d64@edu.univ.ru|2022|учится|бюджет
3766|157|Макарова|Наталья|Дмитриевна|2002-10-26|9491 235482|+79490207270|makarova.n63@edu.univ.ru|2022|учится|бюджет
3767|157|Петрова|Татьяна|Романовна|2004-11-26|5306 822588|+79904944046|petrova.t33@edu.univ.ru|2022|учится|бюджет
3768|157|Волкова|Алиса|Алексеевна|2003-08-22|4339 595025|+79788433837|volkova.a23@edu.univ.ru|2022|учится|бюджет
3769|157|Соколов|Иван|Дмитриевич|2004-05-20|3832 717809|+79922154620|sokolov.i72@edu.univ.ru|2022|учится|бюджет
3770|157|Соколова|Дарья|Алексеевна|2003-10-28|9387 116540|+79467192438|sokolova.d59@edu.univ.ru|2022|академ|контракт
3771|157|Степанова|София|Артёмовна|2003-08-05|9639 887400|+79332233557|stepanova.s31@edu.univ.ru|2022|учится|бюджет
3772|157|Лебедева|Алиса|Дмитриевна|2002-06-18|7810 491533|+79054996780|lebedeva.a96@edu.univ.ru|2022|учится|бюджет
3773|157|Иванов|Роман|Иванович|2004-05-12|9903 248053|+79506520939|ivanov.r74@edu.univ.ru|2022|учится|контракт
3774|157|Васильева|Наталья|Михайловна|2004-08-02|4865 532327|+79333783314|vasileva.n65@edu.univ.ru|2022|учится|бюджет
3775|157|Макаров|Михаил|Алексеевич|2004-09-02|9567 694444|+79072538822|makarov.m67@edu.univ.ru|2022|учится|бюджет
3776|157|Морозова|Елизавета|Сергеевна|2005-09-19|5089 459616|+79206903626|morozova.e94@edu.univ.ru|2022|отчислен|бюджет
3777|157|Морозов|Александр|Романович|2003-05-10|4514 807604|+79892977649|morozov.a93@edu.univ.ru|2022|учится|бюджет
3778|157|Лебедева|Анна|Ивановна|2003-09-28|8509 121453|+79202665353|lebedeva.a18@edu.univ.ru|2022|учится|бюджет
3779|157|Фёдорова|Алиса|Максимовна|2003-12-10|1963 436786|+79440478866|fedorova.a91@edu.univ.ru|2022|отчислен|бюджет
3780|157|Никитина|Полина|Максимовна|2004-11-02|6239 602452|+79367698163|nikitina.p37@edu.univ.ru|2022|учится|бюджет
3781|157|Лебедева|Екатерина|Андреевна|2002-02-12|7949 344478|+79399885458|lebedeva.e86@edu.univ.ru|2022|учится|контракт
3782|157|Козлов|Роман|Романович|2003-10-04|4029 434664|+79068360787|kozlov.r14@edu.univ.ru|2022|отчислен|бюджет
3783|157|Степанов|Арсений|Максимович|2005-04-28|1068 773336|+79959355702|stepanov.a75@edu.univ.ru|2022|учится|бюджет
3784|157|Семёнов|Михаил|Ильич|2002-05-27|7640 306576|+79022312718|semenov.m74@edu.univ.ru|2022|учится|контракт
3785|157|Семёнов|Иван|Алексеевич|2005-03-03|8485 282719|+79878680597|semenov.i70@edu.univ.ru|2022|отчислен|контракт
3786|157|Никитина|Анна|Михайловна|2005-04-14|1525 909502|+79422175721|nikitina.a69@edu.univ.ru|2022|учится|контракт
3787|157|Лебедев|Александр|Артёмович|2004-11-13|8680 324137|+79120926105|lebedev.a86@edu.univ.ru|2022|учится|контракт
3788|157|Михайлов|Роман|Иванович|2004-04-13|6810 481572|+79490587016|mihaylov.r79@edu.univ.ru|2022|учится|бюджет
3789|157|Лебедев|Арсений|Сергеевич|2005-07-15|1720 585243|+79138167761|lebedev.a37@edu.univ.ru|2022|учится|контракт
3790|157|Макарова|Виктория|Ивановна|2004-08-18|9392 284435|+79017325821|makarova.v97@edu.univ.ru|2022|учится|контракт
3791|157|Егоров|Кирилл|Ильич|2004-02-16|5688 888868|+79853194880|egorov.k71@edu.univ.ru|2022|учится|бюджет
3792|157|Иванова|Ксения|Андреевна|2002-12-06|3968 921740|+79768121000|ivanova.k34@edu.univ.ru|2022|учится|бюджет
3793|157|Иванов|Дмитрий|Михайлович|2005-08-01|8982 751184|+79232918066|ivanov.d67@edu.univ.ru|2022|учится|контракт
3794|157|Алексеев|Александр|Артёмович|2004-05-07|2361 977358|+79936432298|alekseev.a74@edu.univ.ru|2022|учится|контракт
3795|157|Новикова|Елизавета|Артёмовна|2005-01-11|1654 394890|+79796992096|novikova.e34@edu.univ.ru|2022|учится|контракт
3796|157|Петров|Андрей|Кириллович|2003-03-01|5381 345228|+79884061166|petrov.a76@edu.univ.ru|2022|учится|контракт
3797|157|Егоров|Александр|Дмитриевич|2002-08-08|6021 817468|+79445937790|egorov.a74@edu.univ.ru|2022|учится|контракт
3798|157|Андреев|Сергей|Артёмович|2003-11-11|4356 592545|+79552766534|andreev.s49@edu.univ.ru|2022|отчислен|бюджет
3799|161|Лебедева|Анастасия|Кирилловна|2007-12-22|6120 717745|+79018349188|lebedeva.a82@edu.univ.ru|2025|учится|бюджет
3800|161|Андреев|Александр|Дмитриевич|2008-05-10|4934 345577|+79218268018|andreev.a69@edu.univ.ru|2025|учится|бюджет
3801|161|Николаева|Екатерина|Максимовна|2006-09-04|3702 437420|+79819978350|nikolaeva.e12@edu.univ.ru|2025|учится|контракт
3802|161|Павлов|Андрей|Михайлович|2007-05-12|8254 213447|+79104590121|pavlov.a65@edu.univ.ru|2025|отчислен|контракт
3803|161|Смирнова|Анастасия|Артёмовна|2007-08-15|6393 667468|+79485267311|smirnova.a83@edu.univ.ru|2025|учится|бюджет
3804|161|Никитин|Алексей|Александрович|2007-02-13|7351 302344|+79441491208|nikitin.a15@edu.univ.ru|2025|отчислен|бюджет
3805|161|Петров|Михаил|Максимович|2006-11-22|8337 110869|+79522518088|petrov.m45@edu.univ.ru|2025|академ|бюджет
3806|161|Морозова|Юлия|Ильинична|2005-04-13|1332 777745|+79097316736|morozova.y78@edu.univ.ru|2025|учится|бюджет
3807|161|Макаров|Иван|Александрович|2008-06-07|5154 875821|+79287940002|makarov.i27@edu.univ.ru|2025|учится|бюджет
3808|161|Петрова|София|Дмитриевна|2006-07-24|5285 418182|+79584653107|petrova.s30@edu.univ.ru|2025|учится|контракт
3809|161|Морозова|Анастасия|Максимовна|2008-09-20|6317 826100|+79645985226|morozova.a37@edu.univ.ru|2025|учится|контракт
3810|161|Морозов|Арсений|Кириллович|2008-09-07|7921 728142|+79602359158|morozov.a70@edu.univ.ru|2025|учится|контракт
3811|161|Волков|Дмитрий|Максимович|2008-08-20|8175 450190|+79672050763|volkov.d41@edu.univ.ru|2025|учится|бюджет
3812|161|Степанова|София|Максимовна|2006-10-08|6227 128124|+79162710180|stepanova.s32@edu.univ.ru|2025|отчислен|бюджет
3813|161|Алексеева|Елизавета|Ивановна|2006-03-08|5331 595730|+79964674163|alekseeva.e21@edu.univ.ru|2025|отчислен|контракт
3814|161|Макарова|Юлия|Ивановна|2005-02-08|2901 456363|+79997799578|makarova.y12@edu.univ.ru|2025|учится|бюджет
3815|161|Иванова|Екатерина|Ильинична|2005-03-14|8537 726501|+79559732722|ivanova.e46@edu.univ.ru|2025|учится|бюджет
3816|161|Козлова|Наталья|Максимовна|2006-11-16|7605 631913|+79257569642|kozlova.n98@edu.univ.ru|2025|учится|бюджет
3817|161|Лебедева|София|Максимовна|2006-07-04|9621 865321|+79719774749|lebedeva.s98@edu.univ.ru|2025|учится|контракт
3818|161|Козлова|Юлия|Андреевна|2007-11-14|3974 218774|+79636205914|kozlova.y38@edu.univ.ru|2025|учится|контракт
3819|161|Семёнова|Полина|Артёмовна|2005-07-20|2887 577122|+79189609471|semenova.p29@edu.univ.ru|2025|учится|бюджет
3820|161|Волков|Дмитрий|Кириллович|2008-07-05|2010 940923|+79476795975|volkov.d32@edu.univ.ru|2025|учится|контракт
3821|161|Козлов|Матвей|Сергеевич|2007-07-26|2036 604063|+79370338336|kozlov.m28@edu.univ.ru|2025|учится|контракт
3822|161|Егорова|Елизавета|Сергеевна|2007-02-01|8422 424505|+79411548466|egorova.e85@edu.univ.ru|2025|учится|бюджет
3823|161|Орлов|Иван|Алексеевич|2005-07-02|7950 658446|+79044196590|orlov.i64@edu.univ.ru|2025|учится|контракт
3824|161|Попова|Юлия|Андреевна|2006-04-17|1842 377134|+79898328352|popova.y80@edu.univ.ru|2025|отчислен|бюджет
3825|161|Орлов|Денис|Максимович|2006-02-28|1972 873735|+79479174135|orlov.d10@edu.univ.ru|2025|учится|бюджет
3826|161|Новикова|Екатерина|Максимовна|2008-02-04|9732 104056|+79038550460|novikova.e59@edu.univ.ru|2025|учится|бюджет
3827|161|Смирнова|Наталья|Сергеевна|2008-02-12|2849 625865|+79183743769|smirnova.n87@edu.univ.ru|2025|учится|бюджет
3828|161|Смирнова|Екатерина|Александровна|2007-08-12|2004 854510|+79581185320|smirnova.e79@edu.univ.ru|2025|академ|бюджет
3829|161|Михайлов|Роман|Иванович|2006-07-27|6950 761038|+79803332930|mihaylov.r93@edu.univ.ru|2025|учится|бюджет
3830|161|Новиков|Иван|Дмитриевич|2007-06-05|6671 539394|+79381140001|novikov.i91@edu.univ.ru|2025|учится|бюджет
3831|161|Волков|Роман|Романович|2005-05-10|1003 356297|+79738997107|volkov.r34@edu.univ.ru|2025|учится|контракт
3832|161|Попов|Кирилл|Кириллович|2008-08-04|4118 601958|+79132102861|popov.k75@edu.univ.ru|2025|учится|бюджет
3833|161|Макаров|Максим|Сергеевич|2008-01-19|4837 797362|+79054456610|makarov.m93@edu.univ.ru|2025|учится|бюджет
3834|161|Васильева|Татьяна|Александровна|2008-02-02|5036 474493|+79772298141|vasileva.t88@edu.univ.ru|2025|учится|контракт
3835|161|Васильев|Кирилл|Романович|2008-09-08|2995 304048|+79613270825|vasilev.k56@edu.univ.ru|2025|учится|контракт
3836|162|Попов|Максим|Андреевич|2008-01-15|5819 614631|+79017163961|popov.m80@edu.univ.ru|2025|академ|бюджет
3837|162|Степанов|Никита|Ильич|2006-09-15|7153 152918|+79290971470|stepanov.n91@edu.univ.ru|2025|учится|контракт
3838|162|Андреев|Андрей|Иванович|2006-10-12|6812 864899|+79019893610|andreev.a45@edu.univ.ru|2025|академ|контракт
3839|162|Семёнова|Марина|Алексеевна|2007-09-20|2999 573735|+79998254840|semenova.m74@edu.univ.ru|2025|учится|контракт
3840|162|Волкова|Полина|Дмитриевна|2007-04-10|5538 233135|+79336100677|volkova.p35@edu.univ.ru|2025|учится|контракт
3841|162|Козлова|Виктория|Михайловна|2008-04-18|2036 623594|+79110609670|kozlova.v33@edu.univ.ru|2025|академ|бюджет
3842|162|Лебедева|Ольга|Романовна|2005-05-06|7839 500285|+79325790268|lebedeva.o69@edu.univ.ru|2025|академ|контракт
3843|162|Попова|Юлия|Романовна|2006-11-03|8038 143967|+79182809154|popova.y22@edu.univ.ru|2025|учится|бюджет
3844|162|Кузнецов|Илья|Максимович|2007-02-23|7417 443872|+79196862728|kuznecov.i34@edu.univ.ru|2025|учится|бюджет
3845|162|Михайлова|Ксения|Дмитриевна|2006-02-24|2346 643857|+79152856034|mihaylova.k66@edu.univ.ru|2025|учится|бюджет
3846|162|Николаев|Алексей|Романович|2008-03-28|1169 299540|+79648696869|nikolaev.a59@edu.univ.ru|2025|учится|бюджет
3847|162|Смирнов|Сергей|Артёмович|2008-08-05|4433 573431|+79617727167|smirnov.s90@edu.univ.ru|2025|учится|бюджет
3848|162|Козлов|Арсений|Дмитриевич|2006-07-05|5463 389640|+79243708146|kozlov.a61@edu.univ.ru|2025|учится|контракт
3849|162|Морозова|Екатерина|Ильинична|2006-10-28|4563 782098|+79136355641|morozova.e14@edu.univ.ru|2025|учится|бюджет
3850|162|Никитина|Марина|Ивановна|2007-01-18|8356 544828|+79970750313|nikitina.m29@edu.univ.ru|2025|учится|контракт
3851|162|Волкова|Екатерина|Михайловна|2005-11-24|6689 163576|+79279187590|volkova.e45@edu.univ.ru|2025|учится|бюджет
3852|162|Васильева|Анастасия|Алексеевна|2007-06-10|6541 564258|+79423412485|vasileva.a34@edu.univ.ru|2025|учится|бюджет
3853|162|Иванова|Анастасия|Романовна|2007-03-22|4536 773199|+79376493300|ivanova.a34@edu.univ.ru|2025|учится|бюджет
3854|162|Смирнов|Роман|Александрович|2006-09-11|6558 494722|+79428788720|smirnov.r52@edu.univ.ru|2025|учится|бюджет
3855|162|Попов|Александр|Романович|2007-05-21|3579 468551|+79965735429|popov.a32@edu.univ.ru|2025|учится|контракт
3856|162|Алексеева|Ольга|Ивановна|2008-12-25|8321 512606|+79423211311|alekseeva.o69@edu.univ.ru|2025|академ|контракт
3857|162|Морозова|Елизавета|Артёмовна|2007-03-09|3010 179245|+79669145664|morozova.e40@edu.univ.ru|2025|учится|бюджет
3858|162|Андреева|Виктория|Ивановна|2008-08-14|9084 443339|+79770962518|andreeva.v51@edu.univ.ru|2025|учится|контракт
3859|162|Андреева|Юлия|Кирилловна|2007-08-03|5667 506533|+79924074003|andreeva.y93@edu.univ.ru|2025|учится|бюджет
3860|162|Лебедев|Егор|Романович|2007-01-03|5128 436452|+79462354575|lebedev.e51@edu.univ.ru|2025|отчислен|бюджет
3861|162|Андреева|Татьяна|Сергеевна|2007-09-25|3189 541973|+79892322898|andreeva.t96@edu.univ.ru|2025|учится|бюджет
3862|162|Николаев|Максим|Романович|2007-03-28|3293 319949|+79756605899|nikolaev.m33@edu.univ.ru|2025|учится|контракт
3863|162|Николаева|Анастасия|Ивановна|2007-12-14|7703 273274|+79869843498|nikolaeva.a92@edu.univ.ru|2025|академ|контракт
3864|162|Фёдорова|Екатерина|Романовна|2006-09-13|7491 706428|+79423850796|fedorova.e96@edu.univ.ru|2025|учится|бюджет
3865|162|Семёнова|Татьяна|Максимовна|2005-10-04|4345 249672|+79567790825|semenova.t82@edu.univ.ru|2025|учится|бюджет
3866|162|Смирнов|Алексей|Иванович|2006-06-08|1846 972247|+79240714537|smirnov.a14@edu.univ.ru|2025|учится|бюджет
3867|162|Новиков|Кирилл|Артёмович|2006-05-26|5576 934464|+79740468424|novikov.k39@edu.univ.ru|2025|учится|бюджет
3868|162|Орлов|Сергей|Романович|2005-06-16|6483 832286|+79895454541|orlov.s64@edu.univ.ru|2025|учится|контракт
3869|163|Степанова|Анастасия|Кирилловна|2006-07-20|7014 432241|+79142837305|stepanova.a70@edu.univ.ru|2025|учится|контракт
3870|163|Алексеева|Марина|Алексеевна|2007-01-24|4245 470232|+79795099464|alekseeva.m75@edu.univ.ru|2025|учится|бюджет
3871|163|Новикова|Татьяна|Дмитриевна|2006-02-11|2755 230618|+79213668098|novikova.t59@edu.univ.ru|2025|учится|контракт
3872|163|Алексеева|Татьяна|Александровна|2006-01-12|6372 425747|+79351686187|alekseeva.t38@edu.univ.ru|2025|учится|бюджет
3873|163|Степанова|Анастасия|Романовна|2006-09-18|2430 912926|+79226147631|stepanova.a78@edu.univ.ru|2025|отчислен|контракт
3874|163|Иванов|Кирилл|Дмитриевич|2005-10-17|5977 872634|+79507643619|ivanov.k26@edu.univ.ru|2025|учится|бюджет
3875|163|Козлова|Юлия|Андреевна|2007-06-24|5089 680571|+79339433658|kozlova.y35@edu.univ.ru|2025|академ|бюджет
3876|163|Иванова|Алиса|Артёмовна|2006-05-05|5728 185490|+79230073640|ivanova.a77@edu.univ.ru|2025|учится|бюджет
3877|163|Макаров|Александр|Алексеевич|2005-06-25|8033 542003|+79231688280|makarov.a20@edu.univ.ru|2025|учится|бюджет
3878|163|Иванов|Андрей|Алексеевич|2006-12-24|9388 989849|+79184215927|ivanov.a15@edu.univ.ru|2025|учится|контракт
3879|163|Андреева|Марина|Михайловна|2008-06-21|3303 388888|+79321726451|andreeva.m88@edu.univ.ru|2025|учится|бюджет
3880|163|Козлов|Матвей|Алексеевич|2006-10-23|4957 385343|+79926344046|kozlov.m62@edu.univ.ru|2025|учится|бюджет
3881|163|Степанов|Иван|Дмитриевич|2006-09-11|6497 236242|+79844090042|stepanov.i77@edu.univ.ru|2025|учится|бюджет
3882|163|Козлова|Елизавета|Ильинична|2006-08-19|4942 116467|+79459319485|kozlova.e41@edu.univ.ru|2025|учится|бюджет
3883|163|Васильева|Елизавета|Кирилловна|2007-11-23|4282 433672|+79112754584|vasileva.e65@edu.univ.ru|2025|учится|контракт
3884|163|Николаева|Виктория|Михайловна|2006-08-01|6953 866190|+79520395501|nikolaeva.v42@edu.univ.ru|2025|отчислен|контракт
3885|163|Кузнецов|Артём|Кириллович|2007-09-16|4048 786397|+79097590260|kuznecov.a39@edu.univ.ru|2025|отчислен|контракт
3886|163|Павлова|Ольга|Ильинична|2008-07-05|4538 571402|+79782686359|pavlova.o19@edu.univ.ru|2025|учится|бюджет
3887|163|Егоров|Егор|Андреевич|2008-03-07|6003 885840|+79432743749|egorov.e43@edu.univ.ru|2025|учится|бюджет
3888|163|Иванова|Екатерина|Максимовна|2008-05-11|6368 441526|+79204161267|ivanova.e40@edu.univ.ru|2025|учится|бюджет
3889|163|Новиков|Егор|Иванович|2006-01-07|1407 714690|+79005947602|novikov.e11@edu.univ.ru|2025|учится|контракт
3890|163|Попова|Екатерина|Кирилловна|2005-01-24|4008 404856|+79051535151|popova.e12@edu.univ.ru|2025|учится|контракт
3891|163|Попова|Виктория|Алексеевна|2007-02-23|5889 849653|+79082387659|popova.v71@edu.univ.ru|2025|учится|бюджет
3892|163|Николаева|Марина|Михайловна|2005-02-08|8130 301259|+79134658335|nikolaeva.m72@edu.univ.ru|2025|учится|контракт
3893|163|Алексеев|Михаил|Сергеевич|2008-03-24|9050 964365|+79492770112|alekseev.m68@edu.univ.ru|2025|выпущен|бюджет
3894|163|Волков|Арсений|Дмитриевич|2005-08-12|9561 913566|+79784201950|volkov.a10@edu.univ.ru|2025|учится|контракт
3895|163|Попов|Алексей|Максимович|2006-04-14|7853 235156|+79888356918|popov.a86@edu.univ.ru|2025|учится|бюджет
3896|163|Козлова|Ксения|Александровна|2007-11-14|4562 779548|+79293419112|kozlova.k47@edu.univ.ru|2025|учится|бюджет
3897|163|Андреев|Роман|Дмитриевич|2005-09-23|5527 104408|+79314030210|andreev.r46@edu.univ.ru|2025|учится|бюджет
3898|163|Козлова|Наталья|Кирилловна|2008-08-20|2849 994046|+79498281185|kozlova.n10@edu.univ.ru|2025|учится|контракт
3899|163|Николаева|Анна|Алексеевна|2007-02-18|9808 328513|+79667487466|nikolaeva.a35@edu.univ.ru|2025|учится|бюджет
3900|163|Волков|Максим|Максимович|2005-02-20|5842 721582|+79756809356|volkov.m11@edu.univ.ru|2025|учится|контракт
3901|163|Андреева|София|Сергеевна|2007-09-14|5505 172077|+79343883989|andreeva.s42@edu.univ.ru|2025|учится|контракт
3902|163|Морозов|Александр|Дмитриевич|2006-05-25|1092 233612|+79186042901|morozov.a54@edu.univ.ru|2025|учится|бюджет
3903|163|Семёнов|Егор|Кириллович|2008-04-27|9842 445134|+79971884067|semenov.e91@edu.univ.ru|2025|учится|контракт
3904|163|Лебедева|Анна|Алексеевна|2006-12-05|2164 150450|+79031195972|lebedeva.a47@edu.univ.ru|2025|отчислен|контракт
3905|167|Лебедева|Мария|Ивановна|2006-05-09|8223 565507|+79877203986|lebedeva.m15@edu.univ.ru|2024|учится|бюджет
3906|167|Егорова|Марина|Романовна|2007-02-07|9620 747683|+79693014707|egorova.m28@edu.univ.ru|2024|учится|контракт
3907|167|Алексеева|Юлия|Романовна|2007-11-21|3257 272631|+79761446374|alekseeva.y64@edu.univ.ru|2024|учится|бюджет
3908|167|Михайлов|Михаил|Андреевич|2007-06-01|7646 269439|+79249297907|mihaylov.m82@edu.univ.ru|2024|учится|бюджет
3909|167|Макаров|Матвей|Артёмович|2004-07-12|8640 379934|+79407399376|makarov.m67@edu.univ.ru|2024|учится|бюджет
3910|167|Иванов|Андрей|Сергеевич|2004-12-05|6890 862040|+79433741081|ivanov.a46@edu.univ.ru|2024|учится|бюджет
3911|167|Соколова|Екатерина|Андреевна|2007-12-15|4460 515769|+79111883589|sokolova.e95@edu.univ.ru|2024|учится|бюджет
3912|167|Никитин|Дмитрий|Дмитриевич|2005-06-19|4873 644499|+79321401374|nikitin.d39@edu.univ.ru|2024|отчислен|контракт
3913|167|Андреева|Елизавета|Романовна|2006-04-09|7737 868159|+79952780301|andreeva.e68@edu.univ.ru|2024|учится|контракт
3914|167|Соколова|Анна|Андреевна|2004-03-22|1536 546334|+79733615671|sokolova.a51@edu.univ.ru|2024|учится|бюджет
3915|167|Петрова|Дарья|Кирилловна|2006-05-21|9248 838256|+79036768296|petrova.d36@edu.univ.ru|2024|учится|контракт
3916|167|Павлова|Анастасия|Андреевна|2005-12-26|4886 706675|+79967042083|pavlova.a39@edu.univ.ru|2024|учится|бюджет
3917|167|Егоров|Алексей|Александрович|2005-05-08|3819 136082|+79993500553|egorov.a78@edu.univ.ru|2024|отчислен|бюджет
3918|167|Смирнов|Михаил|Александрович|2007-06-24|4586 670507|+79768729229|smirnov.m95@edu.univ.ru|2024|отчислен|бюджет
3919|167|Кузнецова|Марина|Ильинична|2005-11-25|3674 253224|+79110422618|kuznecova.m43@edu.univ.ru|2024|учится|бюджет
3920|167|Иванова|Юлия|Ивановна|2004-04-14|8292 555580|+79957389084|ivanova.y76@edu.univ.ru|2024|учится|бюджет
3921|167|Никитина|Анна|Ильинична|2004-06-11|9773 145061|+79505206480|nikitina.a72@edu.univ.ru|2024|академ|контракт
3922|167|Макарова|Дарья|Артёмовна|2005-03-22|8611 655454|+79094355543|makarova.d58@edu.univ.ru|2024|отчислен|бюджет
3923|167|Павлов|Михаил|Сергеевич|2007-12-17|3924 878462|+79335730460|pavlov.m12@edu.univ.ru|2024|учится|бюджет
3924|167|Козлов|Максим|Александрович|2004-10-01|6761 688594|+79634137667|kozlov.m55@edu.univ.ru|2024|учится|бюджет
3925|167|Козлова|Ольга|Ильинична|2006-05-03|7554 381340|+79280814238|kozlova.o71@edu.univ.ru|2024|учится|контракт
3926|167|Смирнова|Алиса|Михайловна|2005-05-26|1614 507973|+79393670425|smirnova.a83@edu.univ.ru|2024|учится|контракт
3927|167|Андреева|Анастасия|Алексеевна|2004-11-28|7062 596125|+79917238685|andreeva.a68@edu.univ.ru|2024|учится|бюджет
3928|167|Волков|Никита|Романович|2005-04-05|1191 656694|+79450542704|volkov.n33@edu.univ.ru|2024|учится|бюджет
3929|167|Николаева|Анна|Кирилловна|2004-04-11|2039 421715|+79321096346|nikolaeva.a86@edu.univ.ru|2024|учится|контракт
3930|167|Козлова|Елизавета|Кирилловна|2005-06-07|3731 143883|+79817345977|kozlova.e13@edu.univ.ru|2024|учится|контракт
3931|167|Николаева|Алиса|Кирилловна|2004-09-03|4980 372907|+79777136963|nikolaeva.a71@edu.univ.ru|2024|учится|бюджет
3932|167|Новикова|Татьяна|Романовна|2005-08-11|8595 512651|+79344530051|novikova.t50@edu.univ.ru|2024|учится|бюджет
3933|167|Михайлов|Дмитрий|Ильич|2004-08-15|4099 110477|+79686901167|mihaylov.d17@edu.univ.ru|2024|отчислен|бюджет
3934|167|Кузнецова|Ксения|Михайловна|2007-02-21|3658 998794|+79783616989|kuznecova.k99@edu.univ.ru|2024|учится|бюджет
3935|168|Фёдорова|Дарья|Кирилловна|2007-02-01|4507 590339|+79920375924|fedorova.d97@edu.univ.ru|2025|учится|бюджет
3936|168|Смирнова|Виктория|Александровна|2007-11-26|9107 200607|+79139430862|smirnova.v47@edu.univ.ru|2025|учится|бюджет
3937|168|Кузнецов|Александр|Андреевич|2007-12-07|2272 883951|+79458686643|kuznecov.a75@edu.univ.ru|2025|учится|бюджет
3938|168|Лебедев|Матвей|Андреевич|2008-09-09|6865 445607|+79037926765|lebedev.m83@edu.univ.ru|2025|учится|бюджет
3939|168|Волков|Андрей|Артёмович|2006-05-28|7335 761968|+79986699975|volkov.a85@edu.univ.ru|2025|учится|бюджет
3940|168|Волков|Илья|Кириллович|2006-09-03|3157 667932|+79654196635|volkov.i19@edu.univ.ru|2025|выпущен|контракт
3941|168|Макарова|Полина|Дмитриевна|2008-04-20|8622 415123|+79433530840|makarova.p42@edu.univ.ru|2025|учится|бюджет
3942|168|Павлов|Александр|Максимович|2007-02-20|9087 206215|+79479270896|pavlov.a63@edu.univ.ru|2025|учится|бюджет
3943|168|Алексеев|Денис|Андреевич|2005-06-28|4409 761516|+79400250619|alekseev.d26@edu.univ.ru|2025|учится|бюджет
3944|168|Павлова|Юлия|Ивановна|2008-10-03|6179 571195|+79908089135|pavlova.y92@edu.univ.ru|2025|учится|бюджет
3945|168|Семёнов|Дмитрий|Иванович|2005-10-12|4570 684505|+79390693337|semenov.d66@edu.univ.ru|2025|учится|бюджет
3946|168|Козлова|Юлия|Сергеевна|2008-12-02|4545 991661|+79226436881|kozlova.y16@edu.univ.ru|2025|учится|контракт
3947|168|Алексеев|Денис|Кириллович|2005-09-13|9068 529936|+79043386857|alekseev.d29@edu.univ.ru|2025|учится|бюджет
3948|168|Козлов|Иван|Кириллович|2008-01-06|2993 533532|+79553274245|kozlov.i10@edu.univ.ru|2025|учится|бюджет
3949|168|Кузнецова|Юлия|Ильинична|2005-04-08|4753 904327|+79628098070|kuznecova.y26@edu.univ.ru|2025|отчислен|бюджет
3950|168|Кузнецов|Дмитрий|Дмитриевич|2008-01-08|1262 940833|+79837860467|kuznecov.d50@edu.univ.ru|2025|академ|бюджет
3951|168|Орлов|Андрей|Михайлович|2007-09-08|9840 226643|+79672392255|orlov.a20@edu.univ.ru|2025|учится|бюджет
3952|168|Смирнов|Сергей|Александрович|2008-03-25|5114 709841|+79321333961|smirnov.s96@edu.univ.ru|2025|учится|бюджет
3953|168|Николаева|Елизавета|Ильинична|2008-04-23|4674 770158|+79018107782|nikolaeva.e14@edu.univ.ru|2025|учится|бюджет
3954|168|Соколов|Дмитрий|Сергеевич|2007-04-14|3583 344721|+79038359141|sokolov.d59@edu.univ.ru|2025|выпущен|бюджет
3955|168|Васильев|Андрей|Александрович|2008-04-15|8332 336619|+79954279182|vasilev.a12@edu.univ.ru|2025|учится|бюджет
3956|168|Егорова|Анна|Романовна|2008-12-26|5835 762537|+79767146158|egorova.a14@edu.univ.ru|2025|учится|бюджет
3957|168|Васильева|Екатерина|Александровна|2007-04-23|3219 937215|+79088503963|vasileva.e32@edu.univ.ru|2025|учится|бюджет
3958|168|Попов|Александр|Ильич|2008-08-15|6004 533972|+79839436637|popov.a93@edu.univ.ru|2025|учится|бюджет
3959|168|Орлова|Виктория|Ивановна|2008-06-23|8339 426249|+79645271106|orlova.v31@edu.univ.ru|2025|учится|бюджет
3960|168|Фёдоров|Денис|Александрович|2007-04-27|4495 360585|+79359845828|fedorov.d73@edu.univ.ru|2025|учится|бюджет
3961|168|Семёнова|Екатерина|Алексеевна|2006-09-21|8703 530689|+79363796256|semenova.e66@edu.univ.ru|2025|учится|бюджет
3962|168|Козлова|Мария|Ивановна|2008-09-16|5140 642390|+79316186228|kozlova.m10@edu.univ.ru|2025|отчислен|бюджет
3963|168|Фёдорова|Анастасия|Кирилловна|2008-12-10|4575 533341|+79225562525|fedorova.a10@edu.univ.ru|2025|учится|бюджет
3964|168|Новиков|Денис|Максимович|2005-03-26|6268 573898|+79537178273|novikov.d65@edu.univ.ru|2025|учится|бюджет
3965|168|Попова|София|Сергеевна|2008-10-15|9158 538547|+79658701663|popova.s41@edu.univ.ru|2025|учится|бюджет
3966|168|Морозов|Денис|Дмитриевич|2005-02-06|6876 385714|+79563134198|morozov.d10@edu.univ.ru|2025|учится|бюджет
3967|168|Морозова|Анастасия|Артёмовна|2005-03-03|7287 949461|+79673458424|morozova.a65@edu.univ.ru|2025|учится|контракт
3968|169|Морозов|Михаил|Ильич|2006-02-01|5530 854648|+79296305713|morozov.m89@edu.univ.ru|2025|учится|контракт
3969|169|Павлов|Илья|Максимович|2008-03-01|7873 709684|+79344047490|pavlov.i15@edu.univ.ru|2025|учится|контракт
3970|169|Петрова|Марина|Кирилловна|2005-01-14|4828 293238|+79735582273|petrova.m35@edu.univ.ru|2025|учится|контракт
3971|169|Алексеев|Михаил|Дмитриевич|2007-10-12|8543 638367|+79469542851|alekseev.m96@edu.univ.ru|2025|учится|бюджет
3972|169|Новикова|Марина|Александровна|2008-10-11|3703 953813|+79708177964|novikova.m22@edu.univ.ru|2025|учится|контракт
3973|169|Волков|Кирилл|Романович|2008-02-20|5202 926280|+79838864464|volkov.k10@edu.univ.ru|2025|учится|бюджет
3974|169|Алексеев|Михаил|Иванович|2006-07-02|6019 752165|+79701618007|alekseev.m41@edu.univ.ru|2025|учится|контракт
3975|169|Смирнова|Юлия|Ильинична|2006-07-09|3716 283574|+79592927501|smirnova.y91@edu.univ.ru|2025|учится|контракт
3976|169|Андреев|Михаил|Сергеевич|2006-07-13|8214 893075|+79042034848|andreev.m68@edu.univ.ru|2025|учится|бюджет
3977|169|Алексеев|Кирилл|Алексеевич|2008-03-24|3268 984258|+79359781166|alekseev.k26@edu.univ.ru|2025|учится|бюджет
3978|169|Петров|Александр|Михайлович|2005-11-27|7979 811394|+79137762549|petrov.a88@edu.univ.ru|2025|отчислен|бюджет
3979|169|Лебедева|Анастасия|Артёмовна|2008-08-25|3723 581456|+79394442181|lebedeva.a26@edu.univ.ru|2025|учится|бюджет
3980|169|Волков|Арсений|Сергеевич|2007-07-03|3339 845435|+79894831858|volkov.a58@edu.univ.ru|2025|учится|контракт
3981|169|Николаев|Максим|Иванович|2005-08-21|5528 433284|+79579723724|nikolaev.m50@edu.univ.ru|2025|учится|контракт
3982|169|Васильев|Андрей|Сергеевич|2008-05-10|3428 484640|+79334810685|vasilev.a14@edu.univ.ru|2025|учится|бюджет
3983|169|Семёнова|Ольга|Ильинична|2007-08-06|5147 159313|+79706783419|semenova.o26@edu.univ.ru|2025|учится|бюджет
3984|169|Орлов|Арсений|Михайлович|2008-10-25|6685 725205|+79003374335|orlov.a28@edu.univ.ru|2025|учится|бюджет
3985|169|Соколова|Мария|Ильинична|2005-06-01|9209 655855|+79237386385|sokolova.m66@edu.univ.ru|2025|учится|бюджет
3986|169|Соколов|Иван|Максимович|2006-05-05|9723 593832|+79800086561|sokolov.i25@edu.univ.ru|2025|учится|бюджет
3987|169|Козлов|Кирилл|Михайлович|2006-07-18|9047 950956|+79324706978|kozlov.k79@edu.univ.ru|2025|учится|бюджет
3988|169|Николаева|Татьяна|Дмитриевна|2007-11-14|4609 728315|+79680799171|nikolaeva.t50@edu.univ.ru|2025|учится|бюджет
3989|169|Николаева|Екатерина|Алексеевна|2005-12-22|4055 477082|+79286627959|nikolaeva.e96@edu.univ.ru|2025|учится|бюджет
3990|169|Волкова|Ксения|Андреевна|2005-11-24|3925 181958|+79222797530|volkova.k44@edu.univ.ru|2025|учится|контракт
3991|169|Михайлов|Алексей|Артёмович|2005-07-25|5684 468982|+79607777187|mihaylov.a48@edu.univ.ru|2025|учится|контракт
3992|169|Волков|Никита|Андреевич|2007-02-24|6052 494266|+79055872239|volkov.n95@edu.univ.ru|2025|учится|бюджет
3993|169|Николаева|Анастасия|Михайловна|2006-03-28|9462 163525|+79573623844|nikolaeva.a11@edu.univ.ru|2025|учится|бюджет
3994|169|Фёдоров|Михаил|Михайлович|2006-11-18|6052 351158|+79541610446|fedorov.m65@edu.univ.ru|2025|учится|контракт
3995|169|Никитина|Виктория|Максимовна|2006-01-26|8183 473246|+79168016477|nikitina.v11@edu.univ.ru|2025|учится|бюджет
3996|169|Орлова|Алиса|Артёмовна|2006-11-28|3319 840467|+79627114624|orlova.a43@edu.univ.ru|2025|учится|контракт
3997|169|Николаева|Юлия|Александровна|2007-07-07|4497 513158|+79498772608|nikolaeva.y12@edu.univ.ru|2025|учится|бюджет
3998|169|Соколов|Максим|Сергеевич|2007-04-15|9342 676606|+79568056859|sokolov.m21@edu.univ.ru|2025|учится|контракт
3999|169|Васильев|Матвей|Александрович|2005-07-26|8639 875258|+79072536463|vasilev.m80@edu.univ.ru|2025|учится|бюджет
4000|169|Кузнецов|Роман|Михайлович|2006-10-16|8656 282879|+79691520218|kuznecov.r87@edu.univ.ru|2025|учится|бюджет
4001|169|Попова|София|Ивановна|2007-06-21|4232 136645|+79224663821|popova.s42@edu.univ.ru|2025|учится|бюджет
4002|170|Иванов|Кирилл|Андреевич|2008-10-01|8745 131530|+79621687250|ivanov.k54@edu.univ.ru|2025|учится|бюджет
4003|170|Смирнова|Анна|Андреевна|2007-12-23|7789 383758|+79131153517|smirnova.a58@edu.univ.ru|2025|учится|контракт
4004|170|Козлов|Никита|Алексеевич|2006-08-06|5920 327754|+79499697596|kozlov.n95@edu.univ.ru|2025|отчислен|контракт
4005|170|Соколов|Арсений|Сергеевич|2005-05-15|4838 707832|+79034446701|sokolov.a49@edu.univ.ru|2025|учится|бюджет
4006|170|Павлова|Екатерина|Максимовна|2006-02-16|7835 643092|+79915237313|pavlova.e70@edu.univ.ru|2025|академ|бюджет
4007|170|Новиков|Роман|Александрович|2008-06-12|7658 226516|+79532375567|novikov.r16@edu.univ.ru|2025|учится|контракт
4008|170|Соколова|Татьяна|Михайловна|2006-04-15|3886 276481|+79591197579|sokolova.t41@edu.univ.ru|2025|учится|бюджет
4009|170|Павлов|Александр|Максимович|2006-10-18|2296 292485|+79863993916|pavlov.a53@edu.univ.ru|2025|учится|бюджет
4010|170|Соколова|Ольга|Дмитриевна|2007-09-24|7732 318330|+79106550296|sokolova.o53@edu.univ.ru|2025|учится|бюджет
4011|170|Козлов|Роман|Ильич|2007-06-12|9737 185590|+79963564844|kozlov.r72@edu.univ.ru|2025|учится|контракт
4012|170|Козлов|Матвей|Романович|2006-09-05|6286 374974|+79654930192|kozlov.m14@edu.univ.ru|2025|учится|бюджет
4013|170|Семёнов|Матвей|Андреевич|2008-04-14|1320 180173|+79417828806|semenov.m65@edu.univ.ru|2025|учится|бюджет
4014|170|Макаров|Илья|Кириллович|2008-11-23|2151 937185|+79367856203|makarov.i63@edu.univ.ru|2025|учится|бюджет
4015|170|Николаева|Марина|Андреевна|2008-06-14|9209 946462|+79008062868|nikolaeva.m47@edu.univ.ru|2025|учится|контракт
4016|170|Лебедева|Полина|Дмитриевна|2008-01-21|8954 744096|+79105175554|lebedeva.p35@edu.univ.ru|2025|отчислен|бюджет
4017|170|Николаева|Дарья|Алексеевна|2006-02-18|6187 665086|+79025595381|nikolaeva.d41@edu.univ.ru|2025|учится|контракт
4018|170|Петрова|Екатерина|Кирилловна|2005-09-15|2930 514620|+79088230389|petrova.e71@edu.univ.ru|2025|учится|бюджет
4019|170|Попов|Дмитрий|Иванович|2006-02-12|3693 408731|+79025016330|popov.d36@edu.univ.ru|2025|учится|контракт
4020|170|Михайлова|Виктория|Александровна|2007-03-13|2043 491253|+79342650738|mihaylova.v99@edu.univ.ru|2025|учится|контракт
4021|170|Павлова|Наталья|Александровна|2005-08-06|3917 489815|+79473913882|pavlova.n88@edu.univ.ru|2025|отчислен|бюджет
4022|170|Павлов|Илья|Сергеевич|2007-07-24|2529 148219|+79926816232|pavlov.i39@edu.univ.ru|2025|учится|бюджет
4023|170|Орлова|Анастасия|Андреевна|2005-04-19|9716 752590|+79949835002|orlova.a94@edu.univ.ru|2025|учится|бюджет
4024|170|Васильева|Ольга|Максимовна|2008-06-26|4881 612896|+79954940621|vasileva.o74@edu.univ.ru|2025|учится|контракт
4025|170|Лебедева|Наталья|Александровна|2007-10-22|1658 230342|+79490642459|lebedeva.n79@edu.univ.ru|2025|учится|контракт
4026|170|Орлова|Татьяна|Артёмовна|2008-08-02|5959 319175|+79885818336|orlova.t83@edu.univ.ru|2025|отчислен|бюджет
4027|170|Никитин|Александр|Иванович|2007-04-22|7612 416262|+79302391858|nikitin.a70@edu.univ.ru|2025|учится|бюджет
4028|170|Павлов|Матвей|Иванович|2008-05-11|8834 825243|+79651551975|pavlov.m33@edu.univ.ru|2025|учится|бюджет
4029|170|Кузнецова|Елизавета|Андреевна|2006-05-23|8526 829578|+79183087037|kuznecova.e27@edu.univ.ru|2025|учится|контракт
4030|170|Лебедев|Егор|Дмитриевич|2005-06-13|8748 191629|+79829925825|lebedev.e59@edu.univ.ru|2025|учится|бюджет
4031|170|Макарова|Мария|Дмитриевна|2007-01-28|6650 235189|+79351108250|makarova.m36@edu.univ.ru|2025|учится|бюджет
4032|170|Степанова|Елизавета|Максимовна|2005-03-26|6897 530120|+79280711448|stepanova.e77@edu.univ.ru|2025|учится|бюджет
4033|170|Кузнецов|Егор|Максимович|2007-06-14|4294 128855|+79318265714|kuznecov.e71@edu.univ.ru|2025|отчислен|бюджет
4034|170|Орлова|Ольга|Дмитриевна|2008-02-08|6852 999185|+79124571944|orlova.o53@edu.univ.ru|2025|отчислен|бюджет
4035|170|Алексеева|Ольга|Сергеевна|2006-11-05|9106 468659|+79629588211|alekseeva.o52@edu.univ.ru|2025|учится|бюджет
4036|170|Иванова|Юлия|Артёмовна|2005-12-20|7334 374375|+79339125346|ivanova.y70@edu.univ.ru|2025|учится|контракт
4037|170|Николаев|Иван|Дмитриевич|2008-12-25|7165 168563|+79630523668|nikolaev.i80@edu.univ.ru|2025|учится|контракт
4038|170|Андреева|Марина|Дмитриевна|2008-05-11|1614 334728|+79513178650|andreeva.m34@edu.univ.ru|2025|учится|контракт
4039|170|Семёнов|Алексей|Артёмович|2007-06-12|1692 533158|+79996641553|semenov.a50@edu.univ.ru|2025|отчислен|бюджет
4040|170|Степанов|Алексей|Александрович|2008-02-27|3981 585177|+79661358223|stepanov.a25@edu.univ.ru|2025|учится|контракт
4041|170|Кузнецов|Матвей|Ильич|2008-01-15|4495 600405|+79395021077|kuznecov.m96@edu.univ.ru|2025|отчислен|бюджет
4042|171|Морозов|Егор|Михайлович|2005-05-08|7084 607894|+79172331439|morozov.e89@edu.univ.ru|2025|академ|бюджет
4043|171|Смирнова|Юлия|Артёмовна|2007-03-18|7331 218524|+79520587390|smirnova.y52@edu.univ.ru|2025|учится|бюджет
4044|171|Кузнецов|Илья|Андреевич|2006-09-14|4352 904425|+79250158111|kuznecov.i73@edu.univ.ru|2025|учится|контракт
4045|171|Семёнова|Юлия|Максимовна|2005-08-10|3738 826650|+79820167360|semenova.y16@edu.univ.ru|2025|академ|бюджет
4046|171|Петрова|Ольга|Андреевна|2008-02-17|5141 502918|+79043768486|petrova.o98@edu.univ.ru|2025|учится|контракт
4047|171|Иванов|Кирилл|Дмитриевич|2006-07-18|2123 713194|+79107274301|ivanov.k83@edu.univ.ru|2025|учится|бюджет
4048|171|Андреев|Михаил|Ильич|2008-11-28|4301 392195|+79839763732|andreev.m19@edu.univ.ru|2025|учится|бюджет
4049|171|Егорова|Анастасия|Дмитриевна|2008-08-21|3160 194159|+79425126044|egorova.a67@edu.univ.ru|2025|учится|контракт
4050|171|Иванов|Денис|Александрович|2006-08-27|7721 399861|+79649739908|ivanov.d26@edu.univ.ru|2025|учится|контракт
4051|171|Морозов|Михаил|Сергеевич|2005-01-22|9775 376315|+79822465957|morozov.m21@edu.univ.ru|2025|учится|бюджет
4052|171|Лебедева|Полина|Дмитриевна|2008-06-20|2495 162477|+79604698984|lebedeva.p10@edu.univ.ru|2025|учится|бюджет
4053|171|Смирнова|Полина|Дмитриевна|2007-02-21|4362 574029|+79078220714|smirnova.p82@edu.univ.ru|2025|учится|бюджет
4054|171|Павлов|Александр|Ильич|2005-04-15|3992 390867|+79863166764|pavlov.a59@edu.univ.ru|2025|учится|контракт
4055|171|Макарова|Ксения|Алексеевна|2007-03-03|8317 781080|+79993878373|makarova.k20@edu.univ.ru|2025|учится|бюджет
4056|171|Петров|Матвей|Сергеевич|2007-03-19|3311 323637|+79452375906|petrov.m63@edu.univ.ru|2025|учится|контракт
4057|171|Степанова|Полина|Кирилловна|2008-03-04|1058 524802|+79284419096|stepanova.p33@edu.univ.ru|2025|учится|бюджет
4058|171|Смирнов|Андрей|Дмитриевич|2005-07-28|2838 622895|+79143631041|smirnov.a36@edu.univ.ru|2025|учится|контракт
4059|171|Фёдоров|Роман|Ильич|2007-08-08|4025 292906|+79456844711|fedorov.r73@edu.univ.ru|2025|учится|бюджет
4060|171|Козлов|Денис|Александрович|2007-12-19|3744 716293|+79832959125|kozlov.d16@edu.univ.ru|2025|учится|бюджет
4061|171|Козлова|Юлия|Романовна|2007-01-14|3487 823831|+79478727791|kozlova.y17@edu.univ.ru|2025|отчислен|контракт
4062|171|Иванова|Анастасия|Ивановна|2005-01-15|7581 487307|+79087996744|ivanova.a15@edu.univ.ru|2025|отчислен|бюджет
4063|171|Макарова|Татьяна|Кирилловна|2006-04-28|6888 157728|+79012245267|makarova.t98@edu.univ.ru|2025|учится|контракт
4064|171|Алексеев|Никита|Александрович|2006-06-22|5175 769762|+79087445238|alekseev.n82@edu.univ.ru|2025|учится|бюджет
4065|171|Соколова|Марина|Михайловна|2006-02-06|1447 185784|+79904097769|sokolova.m11@edu.univ.ru|2025|учится|бюджет
4066|171|Петров|Андрей|Михайлович|2007-09-11|4314 967229|+79239191941|petrov.a89@edu.univ.ru|2025|учится|бюджет
4067|171|Михайлов|Дмитрий|Андреевич|2005-06-06|1151 224631|+79010936867|mihaylov.d85@edu.univ.ru|2025|учится|бюджет
4068|171|Новикова|Екатерина|Артёмовна|2005-02-07|2065 511183|+79772268809|novikova.e27@edu.univ.ru|2025|отчислен|контракт
4069|171|Смирнова|Татьяна|Михайловна|2008-05-20|6361 406960|+79096991852|smirnova.t71@edu.univ.ru|2025|учится|бюджет
4070|171|Кузнецов|Андрей|Максимович|2008-02-21|2270 824919|+79020087617|kuznecov.a71@edu.univ.ru|2025|выпущен|бюджет
4071|171|Андреев|Михаил|Романович|2006-11-03|1689 824034|+79662473279|andreev.m42@edu.univ.ru|2025|учится|бюджет
4072|171|Фёдорова|Юлия|Сергеевна|2005-01-20|8119 821673|+79688524115|fedorova.y86@edu.univ.ru|2025|учится|бюджет
4073|171|Петров|Иван|Алексеевич|2007-04-11|9341 826343|+79521239038|petrov.i48@edu.univ.ru|2025|отчислен|бюджет
4074|171|Семёнова|София|Артёмовна|2007-02-27|7040 311538|+79023375262|semenova.s62@edu.univ.ru|2025|учится|контракт
4075|172|Павлов|Алексей|Кириллович|2005-01-10|7763 206682|+79693454137|pavlov.a32@edu.univ.ru|2025|учится|бюджет
4076|172|Макарова|Татьяна|Романовна|2008-05-26|7965 530283|+79149210960|makarova.t93@edu.univ.ru|2025|учится|бюджет
4077|172|Лебедев|Дмитрий|Дмитриевич|2005-02-16|5335 371221|+79551561932|lebedev.d46@edu.univ.ru|2025|учится|контракт
4078|172|Волков|Арсений|Ильич|2005-02-04|1605 272965|+79136410746|volkov.a84@edu.univ.ru|2025|учится|бюджет
4079|172|Васильев|Михаил|Алексеевич|2007-10-24|4734 324246|+79391142136|vasilev.m48@edu.univ.ru|2025|академ|контракт
4080|172|Никитин|Арсений|Иванович|2007-05-06|5949 478823|+79025051441|nikitin.a17@edu.univ.ru|2025|учится|контракт
4081|172|Новиков|Никита|Ильич|2007-05-12|9597 960271|+79616044489|novikov.n21@edu.univ.ru|2025|учится|контракт
4082|172|Лебедев|Кирилл|Александрович|2007-10-10|8162 677857|+79933101776|lebedev.k38@edu.univ.ru|2025|учится|контракт
4083|172|Степанов|Роман|Андреевич|2006-09-17|3945 830965|+79591933752|stepanov.r91@edu.univ.ru|2025|учится|бюджет
4084|172|Лебедева|Алиса|Максимовна|2008-12-23|2546 440899|+79451169389|lebedeva.a59@edu.univ.ru|2025|учится|бюджет
4085|172|Новикова|Дарья|Максимовна|2006-11-26|6946 489076|+79683213388|novikova.d91@edu.univ.ru|2025|учится|бюджет
4086|172|Васильева|Мария|Максимовна|2006-07-14|2175 987933|+79056285929|vasileva.m46@edu.univ.ru|2025|учится|бюджет
4087|172|Новикова|Екатерина|Дмитриевна|2008-05-17|7562 788625|+79283150964|novikova.e84@edu.univ.ru|2025|учится|бюджет
4088|172|Андреева|Ксения|Артёмовна|2005-04-01|4057 375485|+79701005578|andreeva.k99@edu.univ.ru|2025|учится|бюджет
4089|172|Николаев|Иван|Романович|2005-10-10|1736 548925|+79566748791|nikolaev.i49@edu.univ.ru|2025|учится|контракт
4090|172|Смирнова|Ксения|Романовна|2005-08-21|7551 864311|+79827775724|smirnova.k86@edu.univ.ru|2025|учится|бюджет
4091|172|Егоров|Денис|Максимович|2008-10-16|1413 456787|+79993848523|egorov.d79@edu.univ.ru|2025|учится|бюджет
4092|172|Фёдорова|Марина|Ивановна|2006-02-14|6469 823638|+79565244041|fedorova.m22@edu.univ.ru|2025|учится|бюджет
4093|172|Петрова|Ксения|Алексеевна|2007-08-20|3335 726267|+79780539071|petrova.k51@edu.univ.ru|2025|учится|бюджет
4094|172|Макарова|Марина|Михайловна|2007-07-17|4196 631087|+79751940874|makarova.m18@edu.univ.ru|2025|академ|бюджет
4095|172|Иванов|Матвей|Дмитриевич|2005-04-27|3773 159462|+79830671232|ivanov.m24@edu.univ.ru|2025|учится|контракт
4096|172|Попова|Алиса|Романовна|2005-06-12|1496 652015|+79829441856|popova.a47@edu.univ.ru|2025|учится|контракт
4097|172|Павлов|Денис|Михайлович|2007-03-23|9438 198415|+79877365983|pavlov.d59@edu.univ.ru|2025|учится|бюджет
4098|172|Новикова|Алиса|Максимовна|2007-12-04|3716 285462|+79561752458|novikova.a22@edu.univ.ru|2025|учится|бюджет
4099|172|Николаева|Полина|Андреевна|2007-10-12|2865 198333|+79107111129|nikolaeva.p95@edu.univ.ru|2025|учится|бюджет
4100|172|Васильев|Максим|Александрович|2006-04-20|2042 888230|+79920136357|vasilev.m83@edu.univ.ru|2025|учится|бюджет
4101|172|Андреев|Арсений|Александрович|2008-08-12|4806 182105|+79634547440|andreev.a72@edu.univ.ru|2025|учится|контракт
4102|172|Алексеева|Дарья|Дмитриевна|2005-09-16|9544 171100|+79817850220|alekseeva.d20@edu.univ.ru|2025|учится|бюджет
4103|172|Васильев|Сергей|Артёмович|2005-08-04|2309 266041|+79808074031|vasilev.s19@edu.univ.ru|2025|отчислен|бюджет
4104|172|Андреев|Арсений|Романович|2008-07-25|8102 920879|+79323964701|andreev.a79@edu.univ.ru|2025|учится|бюджет
4105|172|Семёнова|Алиса|Максимовна|2007-02-11|5868 136521|+79532886580|semenova.a93@edu.univ.ru|2025|учится|контракт
4106|173|Петров|Денис|Романович|2005-01-21|6154 179598|+79561975262|petrov.d83@edu.univ.ru|2024|отчислен|контракт
4107|173|Соколов|Михаил|Артёмович|2007-01-20|2363 862377|+79319282222|sokolov.m18@edu.univ.ru|2024|учится|бюджет
4108|173|Андреева|Ксения|Ивановна|2004-03-22|8589 638331|+79027096066|andreeva.k38@edu.univ.ru|2024|учится|контракт
4109|173|Иванов|Дмитрий|Алексеевич|2004-05-22|4211 462530|+79285096480|ivanov.d30@edu.univ.ru|2024|учится|бюджет
4110|173|Алексеева|Полина|Андреевна|2004-05-20|5154 143555|+79670161787|alekseeva.p69@edu.univ.ru|2024|учится|бюджет
4111|173|Иванов|Андрей|Алексеевич|2004-08-23|1370 353086|+79454996406|ivanov.a31@edu.univ.ru|2024|учится|контракт
4112|173|Соколов|Матвей|Ильич|2007-09-24|9029 327453|+79128583378|sokolov.m63@edu.univ.ru|2024|учится|бюджет
4113|173|Никитин|Иван|Дмитриевич|2005-01-04|9747 813308|+79487687858|nikitin.i46@edu.univ.ru|2024|учится|бюджет
4114|173|Васильева|Анастасия|Максимовна|2005-08-28|7717 315157|+79846651525|vasileva.a69@edu.univ.ru|2024|учится|контракт
4115|173|Волков|Денис|Александрович|2007-08-28|7896 378165|+79909907444|volkov.d69@edu.univ.ru|2024|учится|бюджет
4116|173|Семёнов|Арсений|Сергеевич|2004-06-27|5747 775060|+79284928743|semenov.a19@edu.univ.ru|2024|учится|контракт
4117|173|Лебедева|Анна|Романовна|2005-03-03|9288 972646|+79149552790|lebedeva.a29@edu.univ.ru|2024|учится|контракт
4118|173|Соколова|Анна|Ивановна|2005-11-09|1187 490467|+79229992108|sokolova.a85@edu.univ.ru|2024|учится|бюджет
4119|173|Смирнов|Иван|Андреевич|2004-02-13|2638 646822|+79182131197|smirnov.i26@edu.univ.ru|2024|учится|бюджет
4120|173|Петрова|Мария|Андреевна|2007-09-09|4435 168832|+79934312446|petrova.m30@edu.univ.ru|2024|учится|бюджет
4121|173|Петров|Матвей|Романович|2004-01-12|3914 513869|+79854533338|petrov.m59@edu.univ.ru|2024|учится|бюджет
4122|173|Волкова|Виктория|Кирилловна|2007-11-25|8892 557301|+79289657579|volkova.v77@edu.univ.ru|2024|учится|бюджет
4123|173|Новиков|Дмитрий|Михайлович|2006-02-15|8282 732429|+79494340772|novikov.d54@edu.univ.ru|2024|учится|бюджет
4124|173|Смирнов|Сергей|Сергеевич|2007-08-15|7388 981189|+79352893903|smirnov.s42@edu.univ.ru|2024|учится|контракт
4125|173|Лебедев|Арсений|Михайлович|2005-07-05|1178 846111|+79856309212|lebedev.a81@edu.univ.ru|2024|учится|контракт
4126|173|Петрова|Мария|Михайловна|2005-07-15|9460 689783|+79188789501|petrova.m14@edu.univ.ru|2024|учится|бюджет
4127|173|Петрова|Виктория|Романовна|2005-12-19|6062 684703|+79581026538|petrova.v66@edu.univ.ru|2024|учится|бюджет
4128|173|Лебедева|Наталья|Ивановна|2006-01-19|9534 141651|+79449842818|lebedeva.n91@edu.univ.ru|2024|учится|бюджет
4129|173|Николаева|Татьяна|Сергеевна|2006-04-22|8663 777271|+79367733315|nikolaeva.t77@edu.univ.ru|2024|учится|контракт
4130|173|Козлов|Дмитрий|Михайлович|2004-03-10|2715 628485|+79482358091|kozlov.d70@edu.univ.ru|2024|отчислен|контракт
4131|173|Волков|Илья|Максимович|2006-11-26|6141 261100|+79935761841|volkov.i86@edu.univ.ru|2024|учится|бюджет
4132|173|Николаев|Арсений|Андреевич|2006-02-15|2531 997694|+79220388498|nikolaev.a14@edu.univ.ru|2024|учится|бюджет
4133|173|Макаров|Андрей|Андреевич|2006-10-24|9837 624768|+79815554764|makarov.a93@edu.univ.ru|2024|учится|бюджет
4134|173|Алексеева|Анастасия|Ивановна|2005-05-27|4666 412348|+79674468999|alekseeva.a98@edu.univ.ru|2024|учится|бюджет
4135|173|Лебедев|Матвей|Александрович|2004-03-18|6268 285674|+79168189305|lebedev.m47@edu.univ.ru|2024|учится|бюджет
4136|173|Николаева|Екатерина|Ильинична|2005-08-14|3833 561336|+79282383391|nikolaeva.e86@edu.univ.ru|2024|учится|контракт
4137|173|Волкова|Екатерина|Артёмовна|2006-10-26|1828 451218|+79729600991|volkova.e76@edu.univ.ru|2024|учится|бюджет
4138|173|Попов|Никита|Ильич|2004-07-28|4970 372318|+79903450331|popov.n33@edu.univ.ru|2024|учится|контракт
4139|173|Иванова|Анна|Дмитриевна|2006-07-05|8204 156280|+79121575627|ivanova.a60@edu.univ.ru|2024|учится|контракт
4140|173|Соколова|Юлия|Алексеевна|2005-02-24|9786 950978|+79679042664|sokolova.y60@edu.univ.ru|2024|учится|контракт
4141|173|Новикова|Ксения|Ильинична|2006-03-04|9429 286873|+79714833680|novikova.k19@edu.univ.ru|2024|учится|бюджет
4142|173|Никитин|Александр|Кириллович|2006-11-19|9526 483228|+79637841395|nikitin.a75@edu.univ.ru|2024|отчислен|бюджет
4143|174|Смирнова|Наталья|Артёмовна|2005-02-03|7067 974313|+79833550358|smirnova.n41@edu.univ.ru|2024|учится|бюджет
4144|174|Соколова|Полина|Дмитриевна|2006-08-07|2749 559728|+79659018130|sokolova.p45@edu.univ.ru|2024|учится|контракт
4145|174|Козлов|Иван|Кириллович|2006-12-04|3024 240328|+79873110445|kozlov.i98@edu.univ.ru|2024|учится|бюджет
4146|174|Петров|Максим|Сергеевич|2004-09-19|2693 909822|+79162859005|petrov.m23@edu.univ.ru|2024|учится|бюджет
4147|174|Волкова|Мария|Артёмовна|2004-03-11|1760 302661|+79102231176|volkova.m54@edu.univ.ru|2024|учится|бюджет
4148|174|Петрова|Мария|Максимовна|2006-05-28|7184 452630|+79290075668|petrova.m94@edu.univ.ru|2024|учится|бюджет
4149|174|Никитина|Наталья|Ивановна|2007-01-08|6076 322431|+79808119866|nikitina.n42@edu.univ.ru|2024|учится|бюджет
4150|174|Степанов|Александр|Михайлович|2007-08-27|5728 552790|+79841047716|stepanov.a57@edu.univ.ru|2024|академ|контракт
4151|174|Макаров|Михаил|Иванович|2005-11-26|4566 635367|+79836726803|makarov.m41@edu.univ.ru|2024|учится|контракт
4152|174|Никитина|Анастасия|Андреевна|2004-07-05|1877 622614|+79026380614|nikitina.a43@edu.univ.ru|2024|учится|бюджет
4153|174|Николаев|Егор|Максимович|2004-02-20|1958 442320|+79027845368|nikolaev.e49@edu.univ.ru|2024|учится|бюджет
4154|174|Иванова|Полина|Сергеевна|2005-04-11|1814 858443|+79672547533|ivanova.p30@edu.univ.ru|2024|учится|бюджет
4155|174|Новикова|Юлия|Дмитриевна|2007-10-08|7860 888276|+79640650072|novikova.y45@edu.univ.ru|2024|академ|бюджет
4156|174|Иванова|Юлия|Максимовна|2004-09-10|6658 890805|+79696595062|ivanova.y24@edu.univ.ru|2024|учится|контракт
4157|174|Орлова|Наталья|Михайловна|2005-10-11|1485 654159|+79540057108|orlova.n71@edu.univ.ru|2024|отчислен|бюджет
4158|174|Андреев|Александр|Сергеевич|2007-12-19|3354 868922|+79101724110|andreev.a38@edu.univ.ru|2024|учится|контракт
4159|174|Соколов|Андрей|Сергеевич|2005-11-12|3144 753075|+79476761253|sokolov.a30@edu.univ.ru|2024|отчислен|бюджет
4160|174|Морозов|Алексей|Максимович|2006-02-23|5319 835178|+79300884148|morozov.a70@edu.univ.ru|2024|учится|бюджет
4161|174|Попов|Михаил|Артёмович|2007-05-13|8199 518258|+79798490199|popov.m10@edu.univ.ru|2024|учится|контракт
4162|174|Алексеев|Михаил|Андреевич|2005-10-22|4402 259924|+79860029573|alekseev.m52@edu.univ.ru|2024|учится|бюджет
4163|174|Соколова|Анастасия|Сергеевна|2007-01-21|4442 426577|+79847614849|sokolova.a63@edu.univ.ru|2024|учится|контракт
4164|174|Волков|Александр|Александрович|2007-11-26|9009 353254|+79123168944|volkov.a27@edu.univ.ru|2024|учится|бюджет
4165|174|Фёдорова|Ксения|Кирилловна|2007-06-27|6153 489192|+79256867251|fedorova.k89@edu.univ.ru|2024|учится|контракт
4166|174|Лебедева|Ксения|Алексеевна|2006-04-12|4918 740033|+79724802429|lebedeva.k11@edu.univ.ru|2024|учится|контракт
4167|174|Макарова|Дарья|Ивановна|2005-05-11|3970 609591|+79982660242|makarova.d28@edu.univ.ru|2024|учится|бюджет
4168|174|Алексеева|Елизавета|Александровна|2004-07-14|4689 689125|+79009288548|alekseeva.e68@edu.univ.ru|2024|учится|бюджет
4169|174|Соколов|Егор|Максимович|2004-09-24|7591 320730|+79248560089|sokolov.e47@edu.univ.ru|2024|учится|контракт
4170|174|Семёнова|Ольга|Ильинична|2006-11-20|4529 763955|+79698291254|semenova.o82@edu.univ.ru|2024|учится|бюджет
4171|174|Петрова|Татьяна|Максимовна|2007-05-04|1140 439004|+79789114379|petrova.t86@edu.univ.ru|2024|учится|контракт
4172|174|Андреева|Анастасия|Максимовна|2006-08-16|6493 800567|+79660693246|andreeva.a35@edu.univ.ru|2024|учится|бюджет
4173|174|Алексеев|Иван|Иванович|2004-06-08|8846 999186|+79646258733|alekseev.i53@edu.univ.ru|2024|отчислен|бюджет
4174|174|Семёнова|Мария|Максимовна|2007-06-03|4272 167301|+79641289894|semenova.m26@edu.univ.ru|2024|учится|контракт
4175|174|Фёдоров|Матвей|Андреевич|2005-11-06|1577 981788|+79313164877|fedorov.m79@edu.univ.ru|2024|учится|контракт
4176|174|Кузнецова|Полина|Романовна|2007-10-01|5678 319698|+79790047602|kuznecova.p99@edu.univ.ru|2024|учится|контракт
4177|174|Козлова|Екатерина|Романовна|2005-02-09|1930 372692|+79755738641|kozlova.e77@edu.univ.ru|2024|учится|контракт
4178|174|Петров|Илья|Кириллович|2005-02-05|4956 281397|+79301346634|petrov.i70@edu.univ.ru|2024|учится|бюджет
4179|175|Новикова|София|Андреевна|2004-09-06|7617 160714|+79089904745|novikova.s98@edu.univ.ru|2024|учится|контракт
4180|175|Волкова|Анна|Максимовна|2007-03-04|2760 726406|+79971894202|volkova.a79@edu.univ.ru|2024|учится|контракт
4181|175|Макаров|Арсений|Алексеевич|2006-03-17|8125 715933|+79475508112|makarov.a42@edu.univ.ru|2024|учится|контракт
4182|175|Андреев|Денис|Артёмович|2006-10-13|9455 960839|+79813128014|andreev.d16@edu.univ.ru|2024|учится|бюджет
4183|175|Новиков|Илья|Сергеевич|2004-04-19|5953 224428|+79102742070|novikov.i92@edu.univ.ru|2024|учится|контракт
4184|175|Николаева|Наталья|Алексеевна|2007-01-16|9301 988550|+79904132814|nikolaeva.n40@edu.univ.ru|2024|учится|контракт
4185|175|Фёдорова|Наталья|Ильинична|2007-02-05|6585 573255|+79358076952|fedorova.n12@edu.univ.ru|2024|отчислен|бюджет
4186|175|Соколов|Егор|Романович|2007-04-27|8164 915326|+79006868007|sokolov.e30@edu.univ.ru|2024|учится|бюджет
4187|175|Алексеева|Татьяна|Кирилловна|2005-08-18|3889 494013|+79406652429|alekseeva.t86@edu.univ.ru|2024|учится|контракт
4188|175|Соколов|Роман|Ильич|2004-12-20|6559 880654|+79328170493|sokolov.r98@edu.univ.ru|2024|учится|контракт
4189|175|Смирнов|Кирилл|Ильич|2006-06-23|8578 807064|+79685247497|smirnov.k81@edu.univ.ru|2024|учится|бюджет
4190|175|Соколова|Мария|Кирилловна|2004-06-04|6363 291059|+79131264273|sokolova.m30@edu.univ.ru|2024|учится|бюджет
4191|175|Смирнова|Полина|Ивановна|2007-10-08|1338 232623|+79229705474|smirnova.p99@edu.univ.ru|2024|учится|контракт
4192|175|Смирнов|Андрей|Сергеевич|2004-01-27|5450 709671|+79233697510|smirnov.a87@edu.univ.ru|2024|учится|бюджет
4193|175|Андреева|Екатерина|Александровна|2005-07-20|2317 239236|+79081555251|andreeva.e24@edu.univ.ru|2024|выпущен|бюджет
4194|175|Волков|Матвей|Андреевич|2007-10-28|9099 160046|+79244568213|volkov.m40@edu.univ.ru|2024|учится|бюджет
4195|175|Смирнова|Полина|Сергеевна|2005-02-17|9969 508356|+79092646613|smirnova.p99@edu.univ.ru|2024|учится|бюджет
4196|175|Андреева|Наталья|Артёмовна|2007-02-25|8962 674818|+79582210599|andreeva.n57@edu.univ.ru|2024|учится|бюджет
4197|175|Алексеев|Арсений|Михайлович|2006-09-18|5152 723310|+79266419777|alekseev.a92@edu.univ.ru|2024|учится|контракт
4198|175|Соколов|Сергей|Максимович|2005-10-04|4228 764040|+79475643233|sokolov.s37@edu.univ.ru|2024|учится|бюджет
4199|175|Иванова|Ольга|Алексеевна|2005-07-01|9887 964612|+79489920111|ivanova.o25@edu.univ.ru|2024|учится|контракт
4200|175|Смирнова|Наталья|Александровна|2004-09-05|8537 726518|+79716972368|smirnova.n13@edu.univ.ru|2024|учится|бюджет
4201|175|Степанов|Алексей|Максимович|2006-11-24|3316 869896|+79472380268|stepanov.a65@edu.univ.ru|2024|учится|бюджет
4202|175|Семёнов|Роман|Сергеевич|2005-07-24|6382 196258|+79960200808|semenov.r96@edu.univ.ru|2024|учится|бюджет
4203|175|Алексеева|Екатерина|Артёмовна|2004-12-02|1792 589603|+79615059289|alekseeva.e51@edu.univ.ru|2024|учится|контракт
4204|175|Козлова|Екатерина|Сергеевна|2004-06-18|8113 117514|+79401763474|kozlova.e85@edu.univ.ru|2024|учится|бюджет
4205|175|Лебедева|Татьяна|Кирилловна|2004-06-22|8129 566380|+79575749341|lebedeva.t64@edu.univ.ru|2024|учится|бюджет
4206|175|Козлов|Артём|Алексеевич|2004-01-01|6293 249330|+79672728728|kozlov.a18@edu.univ.ru|2024|учится|бюджет
4207|175|Лебедев|Андрей|Дмитриевич|2006-11-23|5878 908382|+79847675056|lebedev.a13@edu.univ.ru|2024|учится|контракт
4208|175|Козлова|Ксения|Андреевна|2007-07-23|8395 212875|+79349329811|kozlova.k35@edu.univ.ru|2024|учится|контракт
4209|175|Волков|Дмитрий|Кириллович|2006-05-16|8346 586692|+79986050612|volkov.d31@edu.univ.ru|2024|отчислен|контракт
4210|175|Попова|Полина|Александровна|2006-09-13|6829 879571|+79303997505|popova.p82@edu.univ.ru|2024|академ|контракт
4211|175|Павлова|Татьяна|Кирилловна|2005-06-02|3234 155314|+79556033090|pavlova.t43@edu.univ.ru|2024|учится|бюджет
4212|175|Никитина|Дарья|Максимовна|2007-03-06|9643 731534|+79943456919|nikitina.d49@edu.univ.ru|2024|выпущен|контракт
4213|175|Михайлова|Ольга|Михайловна|2007-12-14|5158 886778|+79234846344|mihaylova.o91@edu.univ.ru|2024|учится|бюджет
4214|175|Степанова|Анастасия|Максимовна|2007-05-11|3221 473491|+79781491988|stepanova.a33@edu.univ.ru|2024|учится|бюджет
4215|175|Орлова|Ксения|Сергеевна|2005-11-21|2980 528839|+79723209448|orlova.k12@edu.univ.ru|2024|учится|бюджет
4216|175|Попов|Матвей|Сергеевич|2005-07-20|2819 823570|+79099679814|popov.m28@edu.univ.ru|2024|учится|контракт
4217|175|Иванова|Ольга|Андреевна|2007-06-16|6448 660891|+79384668549|ivanova.o48@edu.univ.ru|2024|учится|контракт
4218|176|Егорова|Анна|Ивановна|2006-07-28|3989 947314|+79658311199|egorova.a58@edu.univ.ru|2023|учится|бюджет
4219|176|Михайлова|Ксения|Михайловна|2006-09-17|7078 641190|+79088947858|mihaylova.k79@edu.univ.ru|2023|учится|бюджет
4220|176|Орлов|Андрей|Ильич|2004-04-07|6692 460039|+79855608144|orlov.a79@edu.univ.ru|2023|учится|бюджет
4221|176|Козлова|Анастасия|Сергеевна|2003-05-05|1994 177197|+79987562030|kozlova.a21@edu.univ.ru|2023|учится|контракт
4222|176|Волков|Денис|Максимович|2004-03-27|6869 697837|+79370780058|volkov.d90@edu.univ.ru|2023|учится|бюджет
4223|176|Макарова|Дарья|Андреевна|2004-07-11|3530 285457|+79470978692|makarova.d70@edu.univ.ru|2023|учится|контракт
4224|176|Алексеева|Дарья|Артёмовна|2004-02-28|9801 962871|+79296442697|alekseeva.d87@edu.univ.ru|2023|отчислен|бюджет
4225|176|Васильева|Елизавета|Ивановна|2005-11-16|5763 522875|+79794646819|vasileva.e35@edu.univ.ru|2023|учится|контракт
4226|176|Петров|Егор|Михайлович|2003-10-15|2126 655732|+79934666876|petrov.e23@edu.univ.ru|2023|учится|контракт
4227|176|Волков|Сергей|Кириллович|2005-05-21|2906 620172|+79321211369|volkov.s67@edu.univ.ru|2023|учится|контракт
4228|176|Семёнов|Алексей|Сергеевич|2006-12-23|4522 741596|+79418799615|semenov.a40@edu.univ.ru|2023|учится|контракт
4229|176|Смирнов|Максим|Романович|2004-06-05|1032 327629|+79344483148|smirnov.m27@edu.univ.ru|2023|выпущен|контракт
4230|176|Васильева|Анастасия|Андреевна|2005-06-20|7182 913522|+79545569623|vasileva.a49@edu.univ.ru|2023|учится|бюджет
4231|176|Никитин|Дмитрий|Александрович|2004-08-03|3568 894730|+79097797083|nikitin.d26@edu.univ.ru|2023|учится|бюджет
4232|176|Николаева|Анна|Андреевна|2003-04-17|2516 964418|+79362541240|nikolaeva.a94@edu.univ.ru|2023|учится|бюджет
4233|176|Волкова|Екатерина|Максимовна|2004-04-15|9769 867618|+79838500350|volkova.e72@edu.univ.ru|2023|учится|контракт
4234|176|Иванов|Денис|Максимович|2004-04-21|9471 571180|+79123373046|ivanov.d87@edu.univ.ru|2023|отчислен|контракт
4235|176|Козлов|Алексей|Дмитриевич|2006-01-08|6138 277485|+79226931017|kozlov.a66@edu.univ.ru|2023|учится|бюджет
4236|176|Михайлов|Матвей|Дмитриевич|2003-04-22|6728 676642|+79594205303|mihaylov.m65@edu.univ.ru|2023|учится|бюджет
4237|176|Михайлова|Татьяна|Алексеевна|2005-08-27|7525 411797|+79849551303|mihaylova.t53@edu.univ.ru|2023|учится|бюджет
4238|176|Семёнова|Ольга|Артёмовна|2004-12-07|3910 306831|+79755007212|semenova.o71@edu.univ.ru|2023|академ|контракт
4239|176|Семёнова|Елизавета|Максимовна|2003-05-11|1432 711240|+79385086640|semenova.e18@edu.univ.ru|2023|учится|бюджет
4240|176|Лебедев|Сергей|Михайлович|2006-09-21|7960 219580|+79576800481|lebedev.s32@edu.univ.ru|2023|отчислен|контракт
4241|176|Никитина|Ольга|Михайловна|2005-02-28|2388 190320|+79569611086|nikitina.o69@edu.univ.ru|2023|учится|контракт
4242|176|Смирнова|Анастасия|Александровна|2003-11-23|1651 962183|+79534725111|smirnova.a25@edu.univ.ru|2023|учится|контракт
4243|176|Новиков|Илья|Романович|2003-10-16|8424 160609|+79782248634|novikov.i75@edu.univ.ru|2023|учится|бюджет
4244|176|Иванова|Екатерина|Романовна|2006-12-14|8411 658324|+79059722080|ivanova.e89@edu.univ.ru|2023|учится|бюджет
4245|176|Алексеев|Дмитрий|Дмитриевич|2006-11-23|9949 717791|+79242468498|alekseev.d65@edu.univ.ru|2023|учится|контракт
4246|176|Васильева|Дарья|Алексеевна|2003-07-21|5186 937374|+79079475486|vasileva.d11@edu.univ.ru|2023|учится|бюджет
4247|176|Орлов|Матвей|Алексеевич|2005-04-15|2275 399338|+79048406330|orlov.m92@edu.univ.ru|2023|учится|контракт
4248|176|Никитина|Ольга|Ильинична|2006-09-02|5308 537712|+79935805732|nikitina.o10@edu.univ.ru|2023|отчислен|контракт
4249|176|Алексеева|Анна|Михайловна|2003-01-01|7245 387994|+79935614023|alekseeva.a19@edu.univ.ru|2023|учится|бюджет
4250|176|Попова|Алиса|Артёмовна|2005-03-21|5713 478666|+79086412065|popova.a87@edu.univ.ru|2023|отчислен|бюджет
4251|176|Новиков|Никита|Ильич|2003-04-03|4425 677256|+79451045834|novikov.n66@edu.univ.ru|2023|учится|контракт
4252|177|Михайлова|Юлия|Дмитриевна|2006-01-22|1783 304411|+79489774573|mihaylova.y92@edu.univ.ru|2023|учится|контракт
4253|177|Никитин|Никита|Сергеевич|2005-09-24|5672 727262|+79823611123|nikitin.n78@edu.univ.ru|2023|учится|бюджет
4254|177|Орлова|Екатерина|Артёмовна|2003-09-23|3356 326712|+79780791775|orlova.e88@edu.univ.ru|2023|отчислен|бюджет
4255|177|Андреев|Матвей|Андреевич|2004-04-06|6627 963968|+79326617021|andreev.m93@edu.univ.ru|2023|учится|бюджет
4256|177|Алексеев|Роман|Дмитриевич|2005-07-14|5234 820587|+79315806118|alekseev.r53@edu.univ.ru|2023|академ|контракт
4257|177|Семёнова|Ксения|Романовна|2003-06-07|7761 239488|+79443885470|semenova.k10@edu.univ.ru|2023|учится|контракт
4258|177|Кузнецов|Александр|Кириллович|2005-12-01|3320 567658|+79075178910|kuznecov.a79@edu.univ.ru|2023|учится|контракт
4259|177|Морозова|Елизавета|Дмитриевна|2003-06-01|6594 752582|+79957498012|morozova.e85@edu.univ.ru|2023|учится|бюджет
4260|177|Макаров|Сергей|Дмитриевич|2003-05-02|1252 502370|+79780769098|makarov.s80@edu.univ.ru|2023|учится|бюджет
4261|177|Павлов|Арсений|Ильич|2005-06-22|6056 487869|+79348417319|pavlov.a94@edu.univ.ru|2023|отчислен|бюджет
4262|177|Макаров|Илья|Максимович|2003-05-18|2518 192237|+79486618974|makarov.i18@edu.univ.ru|2023|выпущен|бюджет
4263|177|Петров|Михаил|Иванович|2003-12-25|9270 134700|+79809368821|petrov.m33@edu.univ.ru|2023|учится|контракт
4264|177|Степанов|Александр|Максимович|2006-06-23|4482 260681|+79053310265|stepanov.a81@edu.univ.ru|2023|учится|контракт
4265|177|Кузнецов|Александр|Ильич|2006-10-10|3985 569519|+79140417000|kuznecov.a52@edu.univ.ru|2023|учится|контракт
4266|177|Фёдоров|Егор|Артёмович|2006-09-09|9741 431322|+79329163746|fedorov.e80@edu.univ.ru|2023|академ|бюджет
4267|177|Никитина|Елизавета|Александровна|2004-12-06|8669 165496|+79545829675|nikitina.e84@edu.univ.ru|2023|учится|бюджет
4268|177|Макаров|Денис|Артёмович|2003-09-17|4014 954628|+79233920847|makarov.d43@edu.univ.ru|2023|учится|контракт
4269|177|Новикова|Марина|Ильинична|2003-03-04|9884 808801|+79155034830|novikova.m19@edu.univ.ru|2023|учится|контракт
4270|177|Егорова|Алиса|Максимовна|2003-04-20|6215 987801|+79059236041|egorova.a74@edu.univ.ru|2023|отчислен|бюджет
4271|177|Никитин|Александр|Александрович|2003-02-01|4458 168111|+79274352718|nikitin.a95@edu.univ.ru|2023|учится|контракт
4272|177|Семёнова|Татьяна|Романовна|2004-03-02|5345 341096|+79321818298|semenova.t25@edu.univ.ru|2023|учится|бюджет
4273|177|Петрова|Юлия|Алексеевна|2005-11-10|1933 514455|+79100435967|petrova.y57@edu.univ.ru|2023|учится|бюджет
4274|177|Николаева|Ксения|Ивановна|2003-01-04|9986 498683|+79957717948|nikolaeva.k80@edu.univ.ru|2023|учится|бюджет
4275|177|Орлов|Арсений|Дмитриевич|2004-04-25|9336 645413|+79354456926|orlov.a61@edu.univ.ru|2023|учится|контракт
4276|177|Алексеев|Александр|Артёмович|2005-02-08|5685 828067|+79725634871|alekseev.a55@edu.univ.ru|2023|учится|бюджет
4277|177|Петров|Дмитрий|Иванович|2006-11-23|2994 591519|+79742493607|petrov.d47@edu.univ.ru|2023|выпущен|бюджет
4278|177|Орлов|Александр|Кириллович|2005-09-01|6953 113158|+79236477142|orlov.a22@edu.univ.ru|2023|учится|бюджет
4279|177|Кузнецов|Максим|Иванович|2003-10-03|4459 369897|+79527345299|kuznecov.m51@edu.univ.ru|2023|учится|бюджет
4280|177|Андреев|Александр|Иванович|2003-09-22|4525 865678|+79036334903|andreev.a78@edu.univ.ru|2023|учится|контракт
4281|177|Фёдоров|Александр|Андреевич|2004-12-02|9314 108867|+79156191154|fedorov.a38@edu.univ.ru|2023|учится|бюджет
4282|178|Смирнов|Андрей|Андреевич|2006-10-27|4751 127341|+79511307598|smirnov.a97@edu.univ.ru|2023|учится|бюджет
4283|178|Волкова|Анна|Артёмовна|2005-01-16|8199 872968|+79959089907|volkova.a13@edu.univ.ru|2023|отчислен|бюджет
4284|178|Никитин|Дмитрий|Михайлович|2004-09-01|6623 574447|+79161571019|nikitin.d20@edu.univ.ru|2023|учится|бюджет
4285|178|Никитина|Полина|Андреевна|2005-11-12|3186 446652|+79353234711|nikitina.p70@edu.univ.ru|2023|учится|бюджет
4286|178|Степанов|Егор|Дмитриевич|2006-08-22|8744 975619|+79379477886|stepanov.e70@edu.univ.ru|2023|учится|бюджет
4287|178|Павлова|Полина|Сергеевна|2003-01-12|9097 454559|+79434936782|pavlova.p82@edu.univ.ru|2023|учится|бюджет
4288|178|Николаева|Полина|Ильинична|2006-07-11|5054 563830|+79791470048|nikolaeva.p14@edu.univ.ru|2023|учится|бюджет
4289|178|Морозова|Мария|Ильинична|2005-08-26|4578 345795|+79964628391|morozova.m32@edu.univ.ru|2023|учится|контракт
4290|178|Новикова|Алиса|Максимовна|2003-07-28|6190 440525|+79782286036|novikova.a68@edu.univ.ru|2023|учится|бюджет
4291|178|Соколов|Кирилл|Кириллович|2006-11-18|3321 376752|+79285259203|sokolov.k49@edu.univ.ru|2023|учится|контракт
4292|178|Петрова|Юлия|Михайловна|2004-02-09|3209 417242|+79303003243|petrova.y68@edu.univ.ru|2023|учится|контракт
4293|178|Попова|Ольга|Алексеевна|2006-07-12|2651 934426|+79381749796|popova.o29@edu.univ.ru|2023|учится|бюджет
4294|178|Соколова|Екатерина|Михайловна|2006-02-15|7804 204441|+79720764913|sokolova.e57@edu.univ.ru|2023|учится|контракт
4295|178|Фёдорова|Екатерина|Ивановна|2003-11-05|8019 643112|+79562425932|fedorova.e90@edu.univ.ru|2023|отчислен|бюджет
4296|178|Николаева|Наталья|Дмитриевна|2005-07-15|7158 705571|+79237249590|nikolaeva.n27@edu.univ.ru|2023|учится|бюджет
4297|178|Васильева|Наталья|Дмитриевна|2005-09-04|8881 225506|+79386777680|vasileva.n65@edu.univ.ru|2023|учится|бюджет
4298|178|Смирнова|Полина|Максимовна|2004-07-13|4960 145486|+79930136040|smirnova.p77@edu.univ.ru|2023|учится|бюджет
4299|178|Попова|Полина|Александровна|2004-06-22|4015 337626|+79897309514|popova.p98@edu.univ.ru|2023|учится|бюджет
4300|178|Макарова|Ксения|Михайловна|2003-11-12|5268 594901|+79089974360|makarova.k89@edu.univ.ru|2023|учится|бюджет
4301|178|Семёнов|Кирилл|Романович|2004-06-22|7962 137917|+79678124868|semenov.k84@edu.univ.ru|2023|учится|бюджет
4302|178|Козлов|Роман|Михайлович|2004-09-02|8112 434389|+79435626704|kozlov.r62@edu.univ.ru|2023|учится|контракт
4303|178|Васильева|Мария|Михайловна|2003-09-12|4458 893258|+79464020194|vasileva.m27@edu.univ.ru|2023|учится|контракт
4304|178|Семёнова|Мария|Романовна|2005-11-13|7215 200258|+79058404453|semenova.m93@edu.univ.ru|2023|учится|бюджет
4305|178|Васильева|Анастасия|Кирилловна|2006-06-25|1075 323443|+79656323836|vasileva.a43@edu.univ.ru|2023|учится|бюджет
4306|178|Орлов|Денис|Дмитриевич|2006-05-05|5679 853834|+79456215114|orlov.d29@edu.univ.ru|2023|учится|бюджет
4307|178|Волкова|София|Сергеевна|2005-07-02|3012 313206|+79775336249|volkova.s52@edu.univ.ru|2023|учится|бюджет
4308|178|Кузнецов|Максим|Сергеевич|2006-06-01|3815 943948|+79571424195|kuznecov.m67@edu.univ.ru|2023|академ|контракт
4309|178|Андреева|Дарья|Александровна|2005-06-04|1892 327002|+79798978845|andreeva.d94@edu.univ.ru|2023|учится|контракт
4310|178|Козлов|Арсений|Романович|2004-09-08|3349 741650|+79048047015|kozlov.a87@edu.univ.ru|2023|учится|бюджет
4311|178|Морозова|Наталья|Сергеевна|2004-10-05|9997 745179|+79882817676|morozova.n32@edu.univ.ru|2023|выпущен|бюджет
4312|178|Волков|Илья|Алексеевич|2003-11-06|2734 877111|+79545294519|volkov.i42@edu.univ.ru|2023|учится|контракт
4313|178|Михайлова|Марина|Кирилловна|2003-09-15|8377 906687|+79810590287|mihaylova.m48@edu.univ.ru|2023|учится|бюджет
4314|178|Лебедев|Михаил|Артёмович|2003-12-02|4436 254157|+79906196747|lebedev.m88@edu.univ.ru|2023|учится|контракт
4315|178|Степанов|Арсений|Максимович|2005-07-09|4792 624199|+79747667327|stepanov.a20@edu.univ.ru|2023|учится|контракт
4316|179|Новикова|Ольга|Ильинична|2005-09-18|8402 359782|+79360629585|novikova.o11@edu.univ.ru|2023|учится|бюджет
4317|179|Макаров|Арсений|Дмитриевич|2005-05-10|5613 908657|+79023204191|makarov.a64@edu.univ.ru|2023|учится|бюджет
4318|179|Волкова|Полина|Алексеевна|2005-02-12|1212 343481|+79656660607|volkova.p75@edu.univ.ru|2023|учится|контракт
4319|179|Павлов|Максим|Алексеевич|2005-04-23|3232 353524|+79485153268|pavlov.m57@edu.univ.ru|2023|отчислен|бюджет
4320|179|Новикова|Наталья|Сергеевна|2005-11-01|4636 261615|+79401693768|novikova.n60@edu.univ.ru|2023|учится|бюджет
4321|179|Петрова|Виктория|Ильинична|2004-10-15|9792 390018|+79659724976|petrova.v66@edu.univ.ru|2023|учится|контракт
4322|179|Соколов|Егор|Ильич|2005-02-15|1885 451011|+79580554770|sokolov.e38@edu.univ.ru|2023|учится|бюджет
4323|179|Степанова|Ксения|Андреевна|2005-05-23|9726 347642|+79893563116|stepanova.k32@edu.univ.ru|2023|учится|бюджет
4324|179|Лебедев|Алексей|Максимович|2005-04-17|6788 706959|+79461474902|lebedev.a85@edu.univ.ru|2023|учится|бюджет
4325|179|Новикова|Мария|Кирилловна|2006-01-03|4050 490161|+79400913210|novikova.m68@edu.univ.ru|2023|учится|бюджет
4326|179|Фёдорова|Татьяна|Ивановна|2005-03-26|8295 763685|+79564514705|fedorova.t59@edu.univ.ru|2023|учится|бюджет
4327|179|Васильев|Алексей|Кириллович|2003-09-05|8169 344240|+79973909703|vasilev.a67@edu.univ.ru|2023|учится|бюджет
4328|179|Алексеев|Андрей|Максимович|2004-01-25|9582 989175|+79818682943|alekseev.a63@edu.univ.ru|2023|учится|бюджет
4329|179|Николаев|Илья|Максимович|2004-03-18|1838 158566|+79713140910|nikolaev.i64@edu.univ.ru|2023|учится|бюджет
4330|179|Иванова|Полина|Максимовна|2003-09-10|7572 868838|+79455584590|ivanova.p18@edu.univ.ru|2023|учится|бюджет
4331|179|Кузнецова|Анна|Сергеевна|2004-11-28|7332 362189|+79865758408|kuznecova.a36@edu.univ.ru|2023|учится|бюджет
4332|179|Соколова|Полина|Михайловна|2006-02-16|6138 648025|+79261510167|sokolova.p80@edu.univ.ru|2023|отчислен|контракт
4333|179|Соколова|Наталья|Ивановна|2005-04-09|8394 844849|+79203267191|sokolova.n46@edu.univ.ru|2023|отчислен|бюджет
4334|179|Новикова|Ксения|Ильинична|2006-03-25|5641 973503|+79193321265|novikova.k89@edu.univ.ru|2023|академ|бюджет
4335|179|Николаева|Татьяна|Алексеевна|2004-03-28|4977 158319|+79469156894|nikolaeva.t55@edu.univ.ru|2023|учится|контракт
4336|179|Алексеев|Александр|Ильич|2004-12-28|4988 884870|+79748712766|alekseev.a54@edu.univ.ru|2023|учится|бюджет
4337|179|Попов|Илья|Максимович|2004-11-11|9031 398638|+79851759900|popov.i22@edu.univ.ru|2023|академ|контракт
4338|179|Кузнецова|Татьяна|Артёмовна|2005-01-14|2469 487464|+79386522684|kuznecova.t58@edu.univ.ru|2023|учится|бюджет
4339|179|Семёнов|Роман|Артёмович|2004-04-09|9701 980561|+79241896832|semenov.r47@edu.univ.ru|2023|учится|бюджет
4340|179|Семёнова|Дарья|Михайловна|2003-02-16|4470 794248|+79943889673|semenova.d51@edu.univ.ru|2023|учится|контракт
4341|179|Васильева|Анна|Михайловна|2005-07-10|6066 294443|+79131694486|vasileva.a31@edu.univ.ru|2023|учится|контракт
4342|179|Николаева|Екатерина|Романовна|2004-08-13|4066 854030|+79569487716|nikolaeva.e28@edu.univ.ru|2023|учится|бюджет
4343|179|Степанов|Кирилл|Иванович|2003-10-13|7737 475946|+79414333362|stepanov.k73@edu.univ.ru|2023|учится|бюджет
4344|179|Алексеев|Егор|Ильич|2006-04-07|9653 959147|+79855577387|alekseev.e11@edu.univ.ru|2023|учится|бюджет
4345|179|Иванов|Алексей|Алексеевич|2003-10-19|2603 335491|+79881199145|ivanov.a35@edu.univ.ru|2023|учится|бюджет
4346|179|Новиков|Сергей|Романович|2003-09-06|1763 129911|+79336967845|novikov.s75@edu.univ.ru|2023|учится|бюджет
4347|179|Лебедев|Сергей|Дмитриевич|2005-03-12|3620 463865|+79317538015|lebedev.s93@edu.univ.ru|2023|учится|бюджет
4348|179|Макарова|Екатерина|Александровна|2003-06-02|8520 482062|+79438335873|makarova.e43@edu.univ.ru|2023|учится|бюджет
4349|179|Павлова|Виктория|Романовна|2004-08-20|3797 329322|+79214587771|pavlova.v23@edu.univ.ru|2023|отчислен|бюджет
4350|179|Николаев|Арсений|Дмитриевич|2003-12-18|5691 942773|+79247929292|nikolaev.a38@edu.univ.ru|2023|отчислен|контракт
4351|179|Васильев|Матвей|Алексеевич|2005-11-04|2950 157055|+79425191600|vasilev.m97@edu.univ.ru|2023|учится|контракт
4352|179|Кузнецова|София|Александровна|2004-02-13|5718 717349|+79564586635|kuznecova.s96@edu.univ.ru|2023|отчислен|бюджет
4353|179|Иванова|Дарья|Алексеевна|2005-12-18|5050 468419|+79993775862|ivanova.d39@edu.univ.ru|2023|учится|контракт
4354|179|Орлова|Марина|Алексеевна|2005-07-04|7930 891859|+79583853103|orlova.m29@edu.univ.ru|2023|учится|контракт
4355|180|Попова|Анна|Алексеевна|2002-05-18|2117 198038|+79228144124|popova.a66@edu.univ.ru|2022|учится|бюджет
4356|180|Орлова|Ксения|Романовна|2004-12-07|9207 239954|+79313979840|orlova.k53@edu.univ.ru|2022|учится|бюджет
4357|180|Петров|Денис|Артёмович|2004-02-20|4691 758657|+79389273554|petrov.d86@edu.univ.ru|2022|учится|бюджет
4358|180|Семёнов|Дмитрий|Максимович|2005-09-11|7976 585056|+79504087278|semenov.d33@edu.univ.ru|2022|учится|контракт
4359|180|Николаева|Ольга|Романовна|2003-02-11|1044 537800|+79364823117|nikolaeva.o73@edu.univ.ru|2022|учится|контракт
4360|180|Попова|Полина|Максимовна|2002-01-13|1483 823002|+79275384167|popova.p14@edu.univ.ru|2022|учится|контракт
4361|180|Семёнова|Ольга|Ивановна|2005-05-21|6239 203672|+79871272971|semenova.o16@edu.univ.ru|2022|учится|контракт
4362|180|Михайлова|Виктория|Александровна|2002-06-14|7252 458106|+79468510957|mihaylova.v41@edu.univ.ru|2022|учится|бюджет
4363|180|Лебедев|Арсений|Иванович|2002-11-13|4229 484353|+79530407444|lebedev.a76@edu.univ.ru|2022|учится|бюджет
4364|180|Козлова|Татьяна|Ивановна|2002-05-27|3879 706720|+79515878154|kozlova.t14@edu.univ.ru|2022|отчислен|контракт
4365|180|Степанов|Арсений|Андреевич|2002-09-06|6809 372902|+79038449430|stepanov.a16@edu.univ.ru|2022|учится|бюджет
4366|180|Макаров|Андрей|Кириллович|2004-09-16|9056 592199|+79648162665|makarov.a96@edu.univ.ru|2022|учится|бюджет
4367|180|Новикова|Юлия|Андреевна|2005-12-03|5264 687046|+79001506168|novikova.y21@edu.univ.ru|2022|отчислен|бюджет
4368|180|Соколов|Кирилл|Артёмович|2004-05-25|5950 831426|+79805833312|sokolov.k83@edu.univ.ru|2022|учится|контракт
4369|180|Николаева|Мария|Романовна|2002-08-14|2091 519022|+79574271610|nikolaeva.m69@edu.univ.ru|2022|отчислен|контракт
4370|180|Семёнова|Анастасия|Ильинична|2003-01-07|2321 524487|+79458754068|semenova.a45@edu.univ.ru|2022|учится|бюджет
4371|180|Волкова|Мария|Ивановна|2003-03-14|2205 512504|+79002099246|volkova.m41@edu.univ.ru|2022|учится|контракт
4372|180|Кузнецова|Елизавета|Сергеевна|2003-07-18|7576 108964|+79035787496|kuznecova.e80@edu.univ.ru|2022|учится|бюджет
4373|180|Андреева|Татьяна|Михайловна|2002-09-17|2787 913674|+79649491946|andreeva.t78@edu.univ.ru|2022|учится|контракт
4374|180|Лебедева|Алиса|Александровна|2002-05-05|7882 442623|+79177358145|lebedeva.a69@edu.univ.ru|2022|учится|контракт
4375|180|Петрова|Юлия|Максимовна|2003-11-01|7513 262912|+79206043716|petrova.y62@edu.univ.ru|2022|учится|контракт
4376|180|Козлова|Анастасия|Михайловна|2004-09-12|9095 313923|+79472486662|kozlova.a87@edu.univ.ru|2022|учится|бюджет
4377|180|Фёдоров|Илья|Дмитриевич|2005-07-06|7296 525413|+79354581222|fedorov.i44@edu.univ.ru|2022|учится|бюджет
4378|180|Смирнова|София|Ивановна|2003-05-08|7472 828915|+79120452871|smirnova.s23@edu.univ.ru|2022|учится|контракт
4379|180|Степанов|Матвей|Сергеевич|2004-12-25|1589 899523|+79418706528|stepanov.m74@edu.univ.ru|2022|учится|бюджет
4380|180|Новикова|София|Сергеевна|2003-08-17|8987 338605|+79689856109|novikova.s34@edu.univ.ru|2022|отчислен|бюджет
4381|180|Андреева|Мария|Андреевна|2005-02-15|6607 966924|+79564197131|andreeva.m74@edu.univ.ru|2022|отчислен|контракт
4382|180|Соколов|Никита|Иванович|2005-06-15|3913 206904|+79189619642|sokolov.n60@edu.univ.ru|2022|учится|бюджет
4383|180|Петров|Денис|Дмитриевич|2002-12-19|5280 801798|+79879958985|petrov.d78@edu.univ.ru|2022|учится|контракт
4384|180|Новикова|Алиса|Максимовна|2002-06-05|6018 171060|+79500011529|novikova.a43@edu.univ.ru|2022|учится|бюджет
4385|180|Фёдорова|Ксения|Артёмовна|2004-09-08|9732 568738|+79383565097|fedorova.k60@edu.univ.ru|2022|учится|бюджет
4386|180|Смирнов|Илья|Александрович|2004-11-11|4872 985641|+79153635037|smirnov.i96@edu.univ.ru|2022|отчислен|бюджет
4387|180|Егоров|Арсений|Сергеевич|2005-05-21|6751 766619|+79033372998|egorov.a78@edu.univ.ru|2022|академ|бюджет
4388|180|Волков|Никита|Андреевич|2005-07-26|8864 127071|+79150247386|volkov.n33@edu.univ.ru|2022|учится|бюджет
4389|180|Петрова|Анастасия|Ильинична|2002-12-08|4634 683140|+79608554977|petrova.a44@edu.univ.ru|2022|учится|бюджет
4390|180|Смирнов|Сергей|Артёмович|2005-08-06|7466 856951|+79227737938|smirnov.s79@edu.univ.ru|2022|учится|бюджет
4391|180|Степанова|Алиса|Андреевна|2005-09-19|9156 749704|+79618240703|stepanova.a51@edu.univ.ru|2022|учится|бюджет
4392|180|Семёнова|Елизавета|Михайловна|2005-03-19|5305 326009|+79186484411|semenova.e18@edu.univ.ru|2022|учится|бюджет
4393|181|Иванов|Кирилл|Михайлович|2005-09-15|3278 718408|+79664649057|ivanov.k58@edu.univ.ru|2022|учится|бюджет
4394|181|Макарова|Елизавета|Андреевна|2005-12-06|4669 325527|+79870440594|makarova.e34@edu.univ.ru|2022|учится|контракт
4395|181|Козлов|Сергей|Андреевич|2002-07-12|4535 368773|+79038682624|kozlov.s22@edu.univ.ru|2022|учится|бюджет
4396|181|Петров|Никита|Артёмович|2002-10-16|1110 900808|+79081881288|petrov.n77@edu.univ.ru|2022|учится|бюджет
4397|181|Петров|Алексей|Алексеевич|2005-03-07|8624 181594|+79093381379|petrov.a49@edu.univ.ru|2022|учится|контракт
4398|181|Семёнова|Марина|Александровна|2003-05-26|6597 508060|+79406700427|semenova.m28@edu.univ.ru|2022|учится|бюджет
4399|181|Волкова|Юлия|Ивановна|2004-11-19|8125 901651|+79941249963|volkova.y48@edu.univ.ru|2022|отчислен|бюджет
4400|181|Морозова|Анна|Андреевна|2002-10-16|2264 884494|+79337652543|morozova.a38@edu.univ.ru|2022|отчислен|бюджет
4401|181|Макаров|Алексей|Михайлович|2003-11-18|6367 658822|+79064852851|makarov.a28@edu.univ.ru|2022|учится|контракт
4402|181|Петров|Никита|Иванович|2005-08-14|6129 392331|+79854642194|petrov.n72@edu.univ.ru|2022|учится|бюджет
4403|181|Михайлова|Полина|Ивановна|2005-09-01|7284 380982|+79021641549|mihaylova.p16@edu.univ.ru|2022|академ|бюджет
4404|181|Козлова|Полина|Александровна|2005-04-12|6358 244487|+79054896479|kozlova.p98@edu.univ.ru|2022|учится|контракт
4405|181|Фёдорова|Екатерина|Андреевна|2004-07-16|5372 695658|+79297629231|fedorova.e88@edu.univ.ru|2022|учится|бюджет
4406|181|Кузнецова|Ольга|Романовна|2003-03-16|5500 205641|+79598672004|kuznecova.o20@edu.univ.ru|2022|учится|бюджет
4407|181|Михайлова|Анна|Максимовна|2004-06-21|2367 811181|+79000556282|mihaylova.a98@edu.univ.ru|2022|учится|бюджет
4408|181|Фёдорова|Мария|Артёмовна|2005-05-11|2762 992521|+79732924154|fedorova.m42@edu.univ.ru|2022|учится|контракт
4409|181|Кузнецова|Наталья|Ильинична|2004-08-19|8319 673782|+79414397625|kuznecova.n16@edu.univ.ru|2022|учится|контракт
4410|181|Алексеев|Андрей|Артёмович|2004-01-17|1576 697709|+79338286731|alekseev.a87@edu.univ.ru|2022|учится|бюджет
4411|181|Фёдорова|Полина|Михайловна|2003-02-18|9168 297933|+79006297565|fedorova.p47@edu.univ.ru|2022|академ|контракт
4412|181|Лебедев|Сергей|Сергеевич|2004-12-25|1493 922668|+79389289976|lebedev.s95@edu.univ.ru|2022|учится|бюджет
4413|181|Козлова|Наталья|Романовна|2003-03-09|3322 859261|+79980491854|kozlova.n60@edu.univ.ru|2022|учится|бюджет
4414|181|Макаров|Денис|Дмитриевич|2002-09-20|1936 231376|+79992262897|makarov.d10@edu.univ.ru|2022|отчислен|контракт
4415|181|Андреева|Полина|Михайловна|2002-01-15|9769 715311|+79845143835|andreeva.p77@edu.univ.ru|2022|учится|бюджет
4416|181|Николаев|Илья|Кириллович|2003-07-10|9675 582951|+79168557518|nikolaev.i55@edu.univ.ru|2022|учится|контракт
4417|181|Николаев|Дмитрий|Кириллович|2002-04-06|2630 166461|+79207265344|nikolaev.d77@edu.univ.ru|2022|отчислен|бюджет
4418|181|Егорова|Наталья|Андреевна|2004-01-07|8852 591729|+79127431675|egorova.n90@edu.univ.ru|2022|учится|бюджет
4419|181|Лебедева|Марина|Романовна|2002-04-03|3235 693370|+79207970023|lebedeva.m25@edu.univ.ru|2022|учится|контракт
4420|181|Орлова|София|Михайловна|2004-09-06|2554 836535|+79287170672|orlova.s36@edu.univ.ru|2022|учится|контракт
4421|181|Степанов|Михаил|Сергеевич|2004-10-11|2945 668569|+79275726872|stepanov.m47@edu.univ.ru|2022|учится|бюджет
4422|181|Волкова|Виктория|Андреевна|2002-11-19|9149 595718|+79139961782|volkova.v84@edu.univ.ru|2022|учится|бюджет
4423|181|Егоров|Иван|Александрович|2005-03-25|5340 480578|+79418238748|egorov.i57@edu.univ.ru|2022|учится|контракт
4424|181|Петров|Арсений|Алексеевич|2004-05-10|9247 874252|+79961267301|petrov.a60@edu.univ.ru|2022|академ|бюджет
4425|182|Смирнова|Татьяна|Ильинична|2005-08-07|1688 143339|+79668603900|smirnova.t83@edu.univ.ru|2022|учится|бюджет
4426|182|Смирнова|София|Кирилловна|2003-09-21|3442 191119|+79755710456|smirnova.s81@edu.univ.ru|2022|учится|бюджет
4427|182|Степанов|Денис|Артёмович|2002-01-15|7806 865324|+79889564725|stepanov.d51@edu.univ.ru|2022|учится|бюджет
4428|182|Макарова|Алиса|Артёмовна|2005-01-28|8231 255432|+79852160458|makarova.a95@edu.univ.ru|2022|учится|контракт
4429|182|Попов|Егор|Сергеевич|2002-03-01|8568 907672|+79364983196|popov.e99@edu.univ.ru|2022|учится|контракт
4430|182|Фёдорова|Анастасия|Михайловна|2005-11-20|2110 565808|+79393798855|fedorova.a72@edu.univ.ru|2022|учится|бюджет
4431|182|Алексеев|Егор|Михайлович|2004-12-23|3553 365394|+79127294168|alekseev.e81@edu.univ.ru|2022|учится|контракт
4432|182|Алексеева|Марина|Андреевна|2005-08-22|8449 935206|+79308462371|alekseeva.m62@edu.univ.ru|2022|учится|бюджет
4433|182|Егоров|Никита|Андреевич|2003-12-15|5573 201948|+79347482384|egorov.n80@edu.univ.ru|2022|учится|бюджет
4434|182|Егоров|Денис|Андреевич|2002-08-28|4378 445492|+79269032979|egorov.d84@edu.univ.ru|2022|учится|контракт
4435|182|Волкова|Виктория|Ивановна|2003-10-13|6366 416844|+79166898684|volkova.v16@edu.univ.ru|2022|учится|контракт
4436|182|Николаев|Денис|Дмитриевич|2005-01-03|6413 876068|+79176277583|nikolaev.d85@edu.univ.ru|2022|учится|бюджет
4437|182|Козлова|Татьяна|Кирилловна|2004-06-05|3327 700947|+79451697652|kozlova.t30@edu.univ.ru|2022|отчислен|бюджет
4438|182|Смирнов|Роман|Кириллович|2004-12-26|2621 404547|+79935907507|smirnov.r98@edu.univ.ru|2022|учится|контракт
4439|182|Кузнецов|Александр|Кириллович|2002-01-09|6325 182578|+79277451879|kuznecov.a92@edu.univ.ru|2022|учится|бюджет
4440|182|Семёнов|Сергей|Максимович|2003-11-13|4009 895601|+79016765345|semenov.s27@edu.univ.ru|2022|учится|бюджет
4441|182|Фёдорова|Анастасия|Андреевна|2004-11-23|5028 660546|+79415503105|fedorova.a25@edu.univ.ru|2022|учится|контракт
4442|182|Иванов|Артём|Иванович|2005-07-23|1692 332594|+79368923802|ivanov.a82@edu.univ.ru|2022|учится|бюджет
4443|182|Васильева|Юлия|Ильинична|2002-10-10|3630 753058|+79193444004|vasileva.y81@edu.univ.ru|2022|учится|бюджет
4444|182|Семёнова|Мария|Андреевна|2005-09-16|4903 592604|+79803218962|semenova.m10@edu.univ.ru|2022|учится|контракт
4445|182|Лебедева|Наталья|Михайловна|2003-11-10|5088 424206|+79636687189|lebedeva.n86@edu.univ.ru|2022|учится|контракт
4446|182|Петров|Илья|Кириллович|2003-06-23|7391 894705|+79919559919|petrov.i93@edu.univ.ru|2022|учится|контракт
4447|182|Фёдоров|Максим|Дмитриевич|2002-10-06|6784 289738|+79619742504|fedorov.m15@edu.univ.ru|2022|учится|бюджет
4448|182|Орлова|София|Михайловна|2002-10-18|6784 788274|+79421187562|orlova.s65@edu.univ.ru|2022|отчислен|контракт
4449|182|Фёдоров|Арсений|Романович|2002-05-20|7043 996354|+79257702582|fedorov.a58@edu.univ.ru|2022|учится|контракт
4450|182|Попова|Марина|Алексеевна|2003-11-09|3454 755787|+79438822092|popova.m77@edu.univ.ru|2022|учится|бюджет
4451|182|Морозов|Александр|Кириллович|2005-05-21|8052 980936|+79947439876|morozov.a97@edu.univ.ru|2022|учится|бюджет
4452|182|Козлов|Денис|Сергеевич|2005-02-23|5093 636513|+79127089895|kozlov.d99@edu.univ.ru|2022|академ|контракт
4453|182|Иванов|Кирилл|Александрович|2004-02-15|2253 617870|+79673492933|ivanov.k98@edu.univ.ru|2022|учится|контракт
4454|182|Петрова|Екатерина|Кирилловна|2004-01-19|6066 752060|+79068933692|petrova.e27@edu.univ.ru|2022|учится|бюджет
4455|182|Орлова|Виктория|Кирилловна|2002-11-08|9555 613181|+79234912506|orlova.v22@edu.univ.ru|2022|учится|бюджет
4456|182|Николаева|София|Ивановна|2002-09-26|8003 880655|+79948318504|nikolaeva.s52@edu.univ.ru|2022|учится|бюджет
4457|182|Егорова|Ксения|Сергеевна|2002-01-16|5013 157523|+79252318251|egorova.k18@edu.univ.ru|2022|учится|бюджет
4458|183|Смирнов|Кирилл|Романович|2004-03-27|3184 737197|+79195285436|smirnov.k38@edu.univ.ru|2022|учится|бюджет
4459|183|Павлов|Арсений|Кириллович|2004-10-18|4377 305064|+79391528149|pavlov.a69@edu.univ.ru|2022|учится|контракт
4460|183|Андреева|Екатерина|Романовна|2002-03-06|8820 375606|+79489250506|andreeva.e29@edu.univ.ru|2022|академ|бюджет
4461|183|Макарова|Мария|Кирилловна|2002-07-28|7211 792212|+79812210796|makarova.m42@edu.univ.ru|2022|отчислен|бюджет
4462|183|Никитина|Ксения|Ильинична|2002-05-03|3522 393220|+79211306658|nikitina.k41@edu.univ.ru|2022|учится|бюджет
4463|183|Егорова|Юлия|Андреевна|2005-10-24|4502 652869|+79254919765|egorova.y68@edu.univ.ru|2022|учится|контракт
4464|183|Попов|Дмитрий|Андреевич|2003-01-03|9208 964191|+79940503514|popov.d90@edu.univ.ru|2022|учится|контракт
4465|183|Петрова|Анастасия|Александровна|2004-06-22|8717 920827|+79861326707|petrova.a57@edu.univ.ru|2022|выпущен|контракт
4466|183|Соколова|Елизавета|Ильинична|2004-02-05|9307 346380|+79827243699|sokolova.e80@edu.univ.ru|2022|отчислен|бюджет
4467|183|Михайлова|Наталья|Сергеевна|2004-04-26|7882 689585|+79457055356|mihaylova.n33@edu.univ.ru|2022|учится|контракт
4468|183|Волкова|Ксения|Сергеевна|2004-05-20|8974 669122|+79298584634|volkova.k99@edu.univ.ru|2022|учится|бюджет
4469|183|Васильев|Никита|Сергеевич|2005-12-14|7753 506595|+79717488387|vasilev.n68@edu.univ.ru|2022|учится|контракт
4470|183|Николаева|Ксения|Михайловна|2003-04-22|7350 371509|+79972912034|nikolaeva.k35@edu.univ.ru|2022|учится|бюджет
4471|183|Васильев|Денис|Андреевич|2002-05-24|9463 106894|+79961616571|vasilev.d87@edu.univ.ru|2022|учится|бюджет
4472|183|Лебедева|Елизавета|Ивановна|2003-09-17|3677 475593|+79795860033|lebedeva.e61@edu.univ.ru|2022|учится|бюджет
4473|183|Орлова|Анна|Алексеевна|2005-04-05|8039 110159|+79182817826|orlova.a58@edu.univ.ru|2022|учится|контракт
4474|183|Попова|Алиса|Дмитриевна|2002-08-27|9417 875172|+79288012780|popova.a34@edu.univ.ru|2022|учится|контракт
4475|183|Козлов|Арсений|Артёмович|2002-05-17|6235 868883|+79995801395|kozlov.a90@edu.univ.ru|2022|учится|бюджет
4476|183|Иванов|Алексей|Михайлович|2004-05-03|2946 869823|+79117082665|ivanov.a34@edu.univ.ru|2022|учится|бюджет
4477|183|Попова|Ольга|Алексеевна|2003-08-21|5034 206067|+79257304656|popova.o44@edu.univ.ru|2022|учится|бюджет
4478|183|Попова|Ольга|Александровна|2005-01-28|7125 315098|+79047221037|popova.o28@edu.univ.ru|2022|учится|бюджет
4479|183|Орлова|Анастасия|Михайловна|2004-03-28|7265 693742|+79282178348|orlova.a16@edu.univ.ru|2022|отчислен|бюджет
4480|183|Николаева|Мария|Ивановна|2005-04-23|3592 766146|+79469170552|nikolaeva.m10@edu.univ.ru|2022|отчислен|бюджет
4481|183|Соколова|Мария|Дмитриевна|2002-11-06|6471 273344|+79195489974|sokolova.m74@edu.univ.ru|2022|учится|бюджет
4482|183|Морозов|Дмитрий|Иванович|2002-10-08|9484 123860|+79639209589|morozov.d86@edu.univ.ru|2022|учится|бюджет
4483|183|Новиков|Максим|Артёмович|2002-02-06|7522 538036|+79023744480|novikov.m26@edu.univ.ru|2022|учится|бюджет
4484|183|Соколов|Илья|Максимович|2003-02-12|7975 736791|+79899477112|sokolov.i31@edu.univ.ru|2022|учится|бюджет
4485|183|Новикова|Юлия|Артёмовна|2002-12-24|8908 366680|+79446508210|novikova.y48@edu.univ.ru|2022|отчислен|бюджет
4486|183|Михайлова|Алиса|Максимовна|2002-10-17|3645 731658|+79024019137|mihaylova.a60@edu.univ.ru|2022|учится|бюджет
4487|183|Лебедев|Егор|Кириллович|2005-05-12|8374 699462|+79367315625|lebedev.e76@edu.univ.ru|2022|учится|бюджет
4488|183|Соколова|Ксения|Александровна|2003-12-05|8922 801187|+79681231598|sokolova.k51@edu.univ.ru|2022|отчислен|бюджет
4489|183|Павлов|Андрей|Иванович|2003-04-15|5838 335380|+79182033851|pavlov.a93@edu.univ.ru|2022|учится|контракт
4490|183|Андреева|Алиса|Артёмовна|2002-07-11|8775 280897|+79650698349|andreeva.a37@edu.univ.ru|2022|учится|контракт
4491|183|Козлова|Елизавета|Андреевна|2005-02-06|9074 449284|+79434981143|kozlova.e26@edu.univ.ru|2022|учится|бюджет
4492|183|Смирнов|Александр|Артёмович|2005-12-04|5880 668431|+79602694802|smirnov.a22@edu.univ.ru|2022|учится|контракт
4493|183|Николаева|Елизавета|Ивановна|2003-03-24|5019 625172|+79037390783|nikolaeva.e74@edu.univ.ru|2022|учится|контракт
4494|184|Морозова|Наталья|Александровна|2006-05-03|9331 252214|+79368420527|morozova.n50@edu.univ.ru|2025|академ|бюджет
4495|184|Егорова|Татьяна|Александровна|2005-10-04|1197 393521|+79752863951|egorova.t67@edu.univ.ru|2025|учится|контракт
4496|184|Козлова|София|Кирилловна|2008-09-28|9654 548460|+79882815219|kozlova.s46@edu.univ.ru|2025|учится|бюджет
4497|184|Васильева|Марина|Ивановна|2007-02-27|5086 389760|+79848994336|vasileva.m79@edu.univ.ru|2025|учится|бюджет
4498|184|Фёдорова|Алиса|Ильинична|2005-06-09|1036 692547|+79932907361|fedorova.a89@edu.univ.ru|2025|учится|контракт
4499|184|Новикова|Алиса|Алексеевна|2005-11-17|1075 836024|+79644742536|novikova.a64@edu.univ.ru|2025|академ|бюджет
4500|184|Степанова|Марина|Кирилловна|2007-10-02|8834 439356|+79424526213|stepanova.m60@edu.univ.ru|2025|учится|контракт
4501|184|Семёнов|Иван|Андреевич|2005-01-04|1696 855352|+79496897368|semenov.i41@edu.univ.ru|2025|учится|бюджет
4502|184|Лебедева|Дарья|Романовна|2005-08-11|6362 487462|+79114119366|lebedeva.d22@edu.univ.ru|2025|учится|бюджет
4503|184|Попов|Сергей|Александрович|2008-07-03|2076 539740|+79897904944|popov.s17@edu.univ.ru|2025|учится|бюджет
4504|184|Волкова|Виктория|Ивановна|2007-09-27|1669 897457|+79052520300|volkova.v74@edu.univ.ru|2025|учится|контракт
4505|184|Петрова|Татьяна|Романовна|2006-09-23|4176 318838|+79541720392|petrova.t68@edu.univ.ru|2025|учится|бюджет
4506|184|Козлов|Матвей|Романович|2008-12-13|6598 532618|+79278495408|kozlov.m36@edu.univ.ru|2025|учится|бюджет
4507|184|Орлова|Ксения|Сергеевна|2005-06-16|4160 561657|+79896444003|orlova.k93@edu.univ.ru|2025|учится|бюджет
4508|184|Фёдорова|Екатерина|Ивановна|2005-07-19|3957 742253|+79829212184|fedorova.e38@edu.univ.ru|2025|учится|бюджет
4509|184|Макарова|Татьяна|Алексеевна|2005-12-13|9454 716839|+79807979353|makarova.t37@edu.univ.ru|2025|учится|бюджет
4510|184|Кузнецова|Татьяна|Романовна|2005-12-02|8367 436727|+79303047066|kuznecova.t19@edu.univ.ru|2025|учится|контракт
4511|184|Лебедева|Анастасия|Михайловна|2007-06-09|2703 266607|+79670798328|lebedeva.a21@edu.univ.ru|2025|учится|контракт
4512|184|Петрова|Ксения|Кирилловна|2006-11-21|2323 182891|+79520415737|petrova.k87@edu.univ.ru|2025|учится|бюджет
4513|184|Семёнова|Полина|Александровна|2007-07-06|3365 929151|+79992043877|semenova.p79@edu.univ.ru|2025|учится|бюджет
4514|184|Алексеев|Максим|Артёмович|2007-06-10|8889 962247|+79051622944|alekseev.m57@edu.univ.ru|2025|отчислен|бюджет
4515|184|Лебедев|Егор|Артёмович|2008-08-14|5797 675029|+79388170701|lebedev.e81@edu.univ.ru|2025|учится|бюджет
4516|184|Степанов|Иван|Максимович|2008-10-25|5799 245869|+79970025040|stepanov.i15@edu.univ.ru|2025|учится|бюджет
4517|184|Степанов|Андрей|Дмитриевич|2006-09-21|3090 715904|+79497372989|stepanov.a38@edu.univ.ru|2025|учится|контракт
4518|184|Фёдоров|Роман|Александрович|2007-12-24|9143 556111|+79285061357|fedorov.r84@edu.univ.ru|2025|учится|бюджет
4519|184|Морозов|Алексей|Кириллович|2006-08-16|3799 351395|+79330759834|morozov.a18@edu.univ.ru|2025|учится|контракт
4520|184|Макарова|Наталья|Ильинична|2005-03-28|5649 643281|+79843135328|makarova.n13@edu.univ.ru|2025|отчислен|контракт
4521|184|Николаева|Дарья|Александровна|2008-01-03|5892 898664|+79076125163|nikolaeva.d24@edu.univ.ru|2025|академ|контракт
4522|184|Васильев|Матвей|Артёмович|2008-04-21|7706 921980|+79163028164|vasilev.m92@edu.univ.ru|2025|учится|бюджет
4523|184|Павлов|Артём|Дмитриевич|2006-06-05|2728 741327|+79725084128|pavlov.a82@edu.univ.ru|2025|учится|контракт
4524|184|Козлова|Анастасия|Михайловна|2007-08-16|8130 198453|+79336877258|kozlova.a83@edu.univ.ru|2025|учится|бюджет
4525|184|Андреев|Иван|Сергеевич|2005-04-28|9911 945321|+79303267614|andreev.i68@edu.univ.ru|2025|учится|контракт
4526|184|Новиков|Михаил|Александрович|2005-10-05|5995 765809|+79672515297|novikov.m91@edu.univ.ru|2025|учится|контракт
4527|184|Орлов|Александр|Ильич|2007-10-21|7198 650627|+79870892959|orlov.a56@edu.univ.ru|2025|отчислен|бюджет
4528|185|Павлов|Арсений|Максимович|2007-01-12|4581 966966|+79419213451|pavlov.a76@edu.univ.ru|2025|учится|бюджет
4529|185|Петров|Андрей|Михайлович|2008-05-03|1493 376045|+79047802784|petrov.a32@edu.univ.ru|2025|учится|бюджет
4530|185|Попова|Алиса|Кирилловна|2005-07-09|7717 832857|+79959906434|popova.a35@edu.univ.ru|2025|учится|контракт
4531|185|Никитин|Илья|Сергеевич|2006-11-15|7103 461494|+79900658725|nikitin.i91@edu.univ.ru|2025|учится|контракт
4532|185|Андреева|Мария|Романовна|2006-05-20|2330 939260|+79177525076|andreeva.m28@edu.univ.ru|2025|учится|контракт
4533|185|Васильева|Полина|Алексеевна|2007-12-10|4504 983748|+79596758913|vasileva.p31@edu.univ.ru|2025|учится|контракт
4534|185|Андреева|Дарья|Михайловна|2008-06-10|1119 842716|+79388913712|andreeva.d59@edu.univ.ru|2025|учится|бюджет
4535|185|Никитин|Иван|Кириллович|2006-08-15|5952 349126|+79594066230|nikitin.i80@edu.univ.ru|2025|учится|контракт
4536|185|Фёдоров|Артём|Андреевич|2007-10-11|9958 258262|+79536578879|fedorov.a30@edu.univ.ru|2025|учится|контракт
4537|185|Никитина|Анастасия|Дмитриевна|2006-11-15|5279 485456|+79420747765|nikitina.a63@edu.univ.ru|2025|учится|бюджет
4538|185|Алексеев|Максим|Артёмович|2006-04-14|9053 345569|+79677124338|alekseev.m38@edu.univ.ru|2025|учится|контракт
4539|185|Новикова|Виктория|Артёмовна|2007-12-12|5838 391516|+79927582750|novikova.v59@edu.univ.ru|2025|отчислен|бюджет
4540|185|Алексеева|Виктория|Максимовна|2007-11-23|4584 950736|+79464089589|alekseeva.v59@edu.univ.ru|2025|учится|контракт
4541|185|Кузнецов|Арсений|Ильич|2008-08-03|3934 160361|+79960563642|kuznecov.a47@edu.univ.ru|2025|учится|контракт
4542|185|Иванова|Дарья|Дмитриевна|2007-05-19|9958 120609|+79390295327|ivanova.d86@edu.univ.ru|2025|учится|бюджет
4543|185|Васильева|Наталья|Михайловна|2006-05-09|5156 451004|+79736162835|vasileva.n52@edu.univ.ru|2025|учится|бюджет
4544|185|Васильева|Анастасия|Андреевна|2008-10-14|8722 966271|+79944277137|vasileva.a29@edu.univ.ru|2025|учится|бюджет
4545|185|Новиков|Никита|Дмитриевич|2005-11-11|6454 316184|+79707854377|novikov.n83@edu.univ.ru|2025|учится|бюджет
4546|185|Морозов|Кирилл|Александрович|2005-01-21|7023 914915|+79514975921|morozov.k55@edu.univ.ru|2025|учится|контракт
4547|185|Соколова|Анастасия|Романовна|2005-12-05|3463 653658|+79498319088|sokolova.a86@edu.univ.ru|2025|учится|бюджет
4548|185|Лебедева|Татьяна|Максимовна|2008-01-24|9219 304001|+79519364607|lebedeva.t87@edu.univ.ru|2025|учится|бюджет
4549|185|Козлова|Наталья|Артёмовна|2006-06-17|8240 680991|+79226109503|kozlova.n49@edu.univ.ru|2025|учится|контракт
4550|185|Николаева|Юлия|Алексеевна|2007-04-11|2750 120524|+79486171682|nikolaeva.y10@edu.univ.ru|2025|учится|контракт
4551|185|Семёнов|Арсений|Сергеевич|2008-08-11|4427 173946|+79980775184|semenov.a43@edu.univ.ru|2025|учится|контракт
4552|185|Никитин|Максим|Кириллович|2007-10-16|3326 840956|+79853983789|nikitin.m67@edu.univ.ru|2025|учится|бюджет
4553|185|Кузнецов|Артём|Михайлович|2006-08-02|4592 808731|+79794238449|kuznecov.a65@edu.univ.ru|2025|учится|контракт
4554|185|Иванов|Максим|Сергеевич|2005-06-03|4770 980777|+79933442311|ivanov.m54@edu.univ.ru|2025|учится|бюджет
4555|185|Степанова|Юлия|Алексеевна|2005-08-02|1137 202989|+79555276896|stepanova.y65@edu.univ.ru|2025|учится|бюджет
4556|185|Никитин|Андрей|Максимович|2008-03-11|1064 608172|+79252399697|nikitin.a34@edu.univ.ru|2025|учится|бюджет
4557|185|Орлова|Екатерина|Дмитриевна|2005-09-11|9610 560818|+79436227127|orlova.e12@edu.univ.ru|2025|учится|контракт
4558|185|Морозов|Никита|Алексеевич|2006-04-06|9531 714944|+79866555377|morozov.n17@edu.univ.ru|2025|академ|контракт
4559|185|Фёдорова|София|Михайловна|2006-04-25|6408 751580|+79350768160|fedorova.s53@edu.univ.ru|2025|отчислен|бюджет
4560|185|Попов|Александр|Михайлович|2006-09-02|8451 531267|+79157348145|popov.a40@edu.univ.ru|2025|отчислен|бюджет
4561|186|Петров|Егор|Дмитриевич|2008-10-23|2846 620429|+79416650424|petrov.e89@edu.univ.ru|2025|учится|бюджет
4562|186|Лебедев|Арсений|Ильич|2006-12-01|8508 818172|+79480535900|lebedev.a43@edu.univ.ru|2025|учится|бюджет
4563|186|Иванов|Александр|Андреевич|2006-01-13|6499 724295|+79581872574|ivanov.a86@edu.univ.ru|2025|учится|бюджет
4564|186|Иванов|Максим|Александрович|2005-05-19|9376 437709|+79199757175|ivanov.m26@edu.univ.ru|2025|учится|бюджет
4565|186|Андреева|Ольга|Артёмовна|2005-06-11|3499 331316|+79367881929|andreeva.o48@edu.univ.ru|2025|учится|контракт
4566|186|Смирнов|Дмитрий|Иванович|2008-11-25|9002 994542|+79685234965|smirnov.d38@edu.univ.ru|2025|учится|контракт
4567|186|Морозова|Мария|Александровна|2008-03-09|4413 290802|+79254466048|morozova.m94@edu.univ.ru|2025|академ|бюджет
4568|186|Егоров|Иван|Сергеевич|2007-08-21|3801 246049|+79765784710|egorov.i44@edu.univ.ru|2025|учится|бюджет
4569|186|Новикова|Анастасия|Алексеевна|2008-07-03|9964 340515|+79568169110|novikova.a16@edu.univ.ru|2025|учится|контракт
4570|186|Михайлов|Арсений|Андреевич|2008-06-11|1825 947712|+79126609911|mihaylov.a54@edu.univ.ru|2025|учится|бюджет
4571|186|Кузнецов|Сергей|Кириллович|2008-06-07|4415 508441|+79446124419|kuznecov.s73@edu.univ.ru|2025|учится|бюджет
4572|186|Семёнова|Дарья|Алексеевна|2006-01-05|4651 942236|+79467936307|semenova.d11@edu.univ.ru|2025|отчислен|бюджет
4573|186|Иванова|Елизавета|Ивановна|2006-11-21|3903 651392|+79463395440|ivanova.e89@edu.univ.ru|2025|учится|контракт
4574|186|Никитин|Иван|Ильич|2005-12-23|4364 627667|+79640986284|nikitin.i83@edu.univ.ru|2025|учится|бюджет
4575|186|Семёнова|Виктория|Кирилловна|2005-11-19|4767 290271|+79030841432|semenova.v84@edu.univ.ru|2025|учится|бюджет
4576|186|Макаров|Алексей|Андреевич|2006-09-27|7592 630159|+79151735989|makarov.a85@edu.univ.ru|2025|учится|контракт
4577|186|Макарова|Виктория|Максимовна|2008-03-04|5806 399753|+79530507884|makarova.v53@edu.univ.ru|2025|учится|контракт
4578|186|Алексеева|Екатерина|Александровна|2008-02-15|4867 160423|+79036938871|alekseeva.e70@edu.univ.ru|2025|учится|бюджет
4579|186|Николаева|Елизавета|Ильинична|2008-05-22|8291 508191|+79760006093|nikolaeva.e68@edu.univ.ru|2025|учится|контракт
4580|186|Михайлова|Елизавета|Сергеевна|2008-06-15|4390 663430|+79989634421|mihaylova.e99@edu.univ.ru|2025|учится|бюджет
4581|186|Козлова|Виктория|Артёмовна|2007-06-10|1682 923876|+79272555995|kozlova.v78@edu.univ.ru|2025|учится|бюджет
4582|186|Морозов|Арсений|Дмитриевич|2005-06-10|2974 596791|+79095078245|morozov.a38@edu.univ.ru|2025|учится|контракт
4583|186|Павлов|Сергей|Сергеевич|2007-01-28|1509 558847|+79164637340|pavlov.s92@edu.univ.ru|2025|учится|бюджет
4584|186|Смирнов|Кирилл|Романович|2006-12-26|5266 906833|+79217338801|smirnov.k90@edu.univ.ru|2025|выпущен|бюджет
4585|186|Николаев|Арсений|Дмитриевич|2007-09-13|5128 264594|+79121599026|nikolaev.a84@edu.univ.ru|2025|учится|бюджет
4586|186|Васильева|Елизавета|Александровна|2006-07-14|7076 861754|+79013266108|vasileva.e27@edu.univ.ru|2025|учится|бюджет
4587|186|Васильев|Кирилл|Кириллович|2005-09-27|2332 100735|+79071202716|vasilev.k99@edu.univ.ru|2025|учится|бюджет
4588|186|Соколов|Максим|Кириллович|2006-11-04|2355 694837|+79583886133|sokolov.m57@edu.univ.ru|2025|учится|бюджет
4589|186|Орлова|София|Александровна|2007-10-23|5303 159147|+79651846145|orlova.s89@edu.univ.ru|2025|учится|контракт
4590|186|Егоров|Денис|Сергеевич|2007-06-16|8610 346227|+79425228050|egorov.d51@edu.univ.ru|2025|учится|бюджет
4591|186|Петрова|Марина|Кирилловна|2006-07-25|4058 230577|+79387508597|petrova.m89@edu.univ.ru|2025|учится|контракт
4592|186|Соколова|София|Артёмовна|2005-07-19|2421 566460|+79432016465|sokolova.s40@edu.univ.ru|2025|учится|контракт
4593|186|Соколов|Денис|Кириллович|2005-04-07|5366 121697|+79162297809|sokolov.d81@edu.univ.ru|2025|учится|контракт
4594|187|Егорова|Мария|Кирилловна|2005-06-28|7938 587982|+79956064057|egorova.m88@edu.univ.ru|2024|учится|контракт
4595|187|Морозов|Алексей|Кириллович|2006-01-03|7012 411568|+79607442958|morozov.a41@edu.univ.ru|2024|учится|бюджет
4596|187|Павлова|Алиса|Александровна|2007-04-28|9725 380323|+79181981292|pavlova.a60@edu.univ.ru|2024|отчислен|бюджет
4597|187|Никитина|София|Ильинична|2004-06-05|6104 353522|+79982340896|nikitina.s47@edu.univ.ru|2024|академ|контракт
4598|187|Павлова|Марина|Сергеевна|2004-09-23|9831 354465|+79836765840|pavlova.m78@edu.univ.ru|2024|учится|бюджет
4599|187|Петров|Роман|Александрович|2004-06-20|6516 227847|+79062881112|petrov.r32@edu.univ.ru|2024|учится|бюджет
4600|187|Петров|Никита|Михайлович|2004-11-10|1822 169120|+79553660721|petrov.n30@edu.univ.ru|2024|учится|контракт
4601|187|Морозова|Анна|Ильинична|2007-10-13|5967 386518|+79851557247|morozova.a58@edu.univ.ru|2024|учится|контракт
4602|187|Николаев|Иван|Ильич|2004-01-23|9808 192929|+79672761348|nikolaev.i34@edu.univ.ru|2024|учится|бюджет
4603|187|Павлов|Артём|Андреевич|2004-08-03|8049 303009|+79720333603|pavlov.a39@edu.univ.ru|2024|учится|контракт
4604|187|Орлова|Анастасия|Алексеевна|2005-02-01|4274 950663|+79904071546|orlova.a63@edu.univ.ru|2024|учится|бюджет
4605|187|Павлов|Егор|Михайлович|2006-05-13|7272 572623|+79661851888|pavlov.e10@edu.univ.ru|2024|учится|бюджет
4606|187|Никитина|Мария|Андреевна|2005-02-08|3018 386042|+79432170903|nikitina.m30@edu.univ.ru|2024|учится|контракт
4607|187|Кузнецов|Алексей|Александрович|2007-08-02|4292 651535|+79894226868|kuznecov.a95@edu.univ.ru|2024|учится|бюджет
4608|187|Петров|Кирилл|Иванович|2004-09-15|4273 507400|+79362142726|petrov.k87@edu.univ.ru|2024|учится|бюджет
4609|187|Попов|Кирилл|Артёмович|2007-11-21|5462 313930|+79094915671|popov.k88@edu.univ.ru|2024|учится|бюджет
4610|187|Соколова|Татьяна|Ивановна|2005-11-07|8837 727851|+79034482719|sokolova.t28@edu.univ.ru|2024|учится|бюджет
4611|187|Кузнецов|Алексей|Андреевич|2004-11-21|1898 391756|+79127819821|kuznecov.a76@edu.univ.ru|2024|учится|бюджет
4612|187|Новиков|Андрей|Сергеевич|2007-08-19|4802 130463|+79750268630|novikov.a26@edu.univ.ru|2024|учится|бюджет
4613|187|Михайлов|Арсений|Максимович|2007-10-24|8789 307703|+79792608072|mihaylov.a71@edu.univ.ru|2024|учится|бюджет
4614|187|Петрова|Наталья|Андреевна|2004-05-15|3731 789143|+79864388776|petrova.n99@edu.univ.ru|2024|учится|контракт
4615|187|Фёдорова|Дарья|Романовна|2004-02-14|8929 962106|+79580365704|fedorova.d57@edu.univ.ru|2024|отчислен|контракт
4616|187|Петрова|Мария|Ильинична|2006-09-12|5748 383961|+79376627807|petrova.m21@edu.univ.ru|2024|учится|бюджет
4617|187|Морозова|Ольга|Сергеевна|2006-03-23|7514 474014|+79777851281|morozova.o16@edu.univ.ru|2024|учится|бюджет
4618|187|Козлова|Юлия|Ильинична|2005-02-05|8492 276764|+79876253708|kozlova.y39@edu.univ.ru|2024|учится|бюджет
4619|187|Морозова|Анна|Артёмовна|2006-01-15|3571 750811|+79717282281|morozova.a31@edu.univ.ru|2024|учится|контракт
4620|187|Петров|Илья|Артёмович|2007-12-11|9294 505014|+79644004388|petrov.i94@edu.univ.ru|2024|учится|бюджет
4621|187|Волков|Роман|Максимович|2006-01-18|7669 523355|+79602577553|volkov.r95@edu.univ.ru|2024|учится|бюджет
4622|187|Макаров|Арсений|Михайлович|2007-09-16|8776 104660|+79174445644|makarov.a76@edu.univ.ru|2024|учится|контракт
4623|187|Павлова|Полина|Романовна|2007-12-19|8576 574362|+79060683747|pavlova.p63@edu.univ.ru|2024|отчислен|бюджет
4624|187|Новикова|Ольга|Артёмовна|2006-08-17|4456 566209|+79808622703|novikova.o34@edu.univ.ru|2024|учится|бюджет
4625|187|Алексеева|Мария|Ильинична|2005-11-18|5148 187370|+79070013769|alekseeva.m10@edu.univ.ru|2024|учится|бюджет
4626|187|Андреева|Ольга|Андреевна|2006-08-02|1851 678320|+79504215691|andreeva.o99@edu.univ.ru|2024|учится|контракт
4627|187|Васильев|Егор|Михайлович|2006-05-02|7605 959702|+79337150011|vasilev.e13@edu.univ.ru|2024|учится|бюджет
4628|187|Кузнецов|Максим|Михайлович|2004-04-07|7396 776452|+79891133292|kuznecov.m20@edu.univ.ru|2024|учится|бюджет
4629|187|Степанов|Михаил|Максимович|2006-08-10|5815 250260|+79666381373|stepanov.m61@edu.univ.ru|2024|учится|контракт
4630|187|Андреев|Арсений|Андреевич|2005-05-22|9829 592996|+79480299105|andreev.a58@edu.univ.ru|2024|учится|бюджет
4631|187|Попова|Наталья|Ивановна|2007-09-14|6910 985115|+79289683711|popova.n44@edu.univ.ru|2024|учится|контракт
4632|187|Павлов|Иван|Дмитриевич|2007-11-19|4396 143702|+79856859940|pavlov.i83@edu.univ.ru|2024|учится|бюджет
4633|187|Фёдоров|Никита|Иванович|2006-06-12|1754 626573|+79926282469|fedorov.n32@edu.univ.ru|2024|учится|контракт
4634|188|Кузнецов|Роман|Ильич|2006-03-07|1734 810570|+79441990488|kuznecov.r70@edu.univ.ru|2024|учится|бюджет
4635|188|Павлов|Никита|Артёмович|2007-03-02|7210 242558|+79456866140|pavlov.n91@edu.univ.ru|2024|учится|контракт
4636|188|Волкова|Екатерина|Александровна|2004-11-25|9938 839999|+79209341430|volkova.e72@edu.univ.ru|2024|учится|бюджет
4637|188|Лебедева|Мария|Романовна|2006-01-05|7724 533009|+79797939448|lebedeva.m23@edu.univ.ru|2024|учится|бюджет
4638|188|Кузнецов|Арсений|Артёмович|2006-06-11|9522 107566|+79113607492|kuznecov.a35@edu.univ.ru|2024|учится|контракт
4639|188|Михайлов|Алексей|Андреевич|2006-01-22|8400 564609|+79457637798|mihaylov.a58@edu.univ.ru|2024|учится|бюджет
4640|188|Михайлов|Андрей|Михайлович|2006-01-01|2835 464887|+79754448822|mihaylov.a96@edu.univ.ru|2024|учится|контракт
4641|188|Никитин|Матвей|Артёмович|2005-12-24|6771 642561|+79745040297|nikitin.m67@edu.univ.ru|2024|учится|бюджет
4642|188|Степанов|Максим|Артёмович|2007-11-24|9458 569951|+79974559505|stepanov.m23@edu.univ.ru|2024|учится|бюджет
4643|188|Семёнова|София|Александровна|2006-11-07|2726 460918|+79722785193|semenova.s26@edu.univ.ru|2024|учится|контракт
4644|188|Макарова|Марина|Дмитриевна|2005-08-14|5267 614184|+79835264368|makarova.m15@edu.univ.ru|2024|учится|бюджет
4645|188|Макаров|Арсений|Кириллович|2006-07-17|9769 506327|+79013565646|makarov.a85@edu.univ.ru|2024|учится|бюджет
4646|188|Морозова|Юлия|Ильинична|2007-12-01|8237 679055|+79583411223|morozova.y14@edu.univ.ru|2024|учится|бюджет
4647|188|Иванов|Александр|Артёмович|2005-07-06|4539 821432|+79698568832|ivanov.a32@edu.univ.ru|2024|учится|бюджет
4648|188|Николаева|Екатерина|Дмитриевна|2005-09-13|1841 565004|+79082629399|nikolaeva.e80@edu.univ.ru|2024|учится|контракт
4649|188|Егорова|Виктория|Романовна|2006-02-16|1697 184790|+79703813042|egorova.v13@edu.univ.ru|2024|учится|контракт
4650|188|Николаева|Наталья|Ивановна|2005-11-09|2431 131987|+79339484172|nikolaeva.n93@edu.univ.ru|2024|учится|бюджет
4651|188|Попова|Наталья|Ивановна|2007-03-09|3072 762646|+79415183324|popova.n45@edu.univ.ru|2024|учится|бюджет
4652|188|Егорова|Наталья|Андреевна|2006-09-05|8057 784837|+79068377665|egorova.n41@edu.univ.ru|2024|учится|контракт
4653|188|Попова|Анна|Ивановна|2004-08-17|4014 691117|+79620354138|popova.a63@edu.univ.ru|2024|учится|контракт
4654|188|Козлов|Матвей|Артёмович|2007-05-17|7958 796439|+79743849340|kozlov.m36@edu.univ.ru|2024|учится|контракт
4655|188|Егоров|Кирилл|Кириллович|2007-03-21|6300 750084|+79342290707|egorov.k88@edu.univ.ru|2024|учится|контракт
4656|188|Козлов|Сергей|Артёмович|2006-07-02|2427 849713|+79423802881|kozlov.s41@edu.univ.ru|2024|учится|бюджет
4657|188|Васильева|Мария|Ильинична|2006-04-28|8360 485179|+79703254148|vasileva.m54@edu.univ.ru|2024|учится|контракт
4658|188|Соколов|Денис|Дмитриевич|2005-06-01|6273 638145|+79114620479|sokolov.d99@edu.univ.ru|2024|учится|бюджет
4659|188|Лебедева|Ольга|Михайловна|2007-09-05|5511 790989|+79739729934|lebedeva.o56@edu.univ.ru|2024|учится|бюджет
4660|188|Егорова|Ксения|Алексеевна|2006-12-03|1345 329583|+79435136988|egorova.k81@edu.univ.ru|2024|учится|контракт
4661|188|Степанов|Андрей|Ильич|2004-06-05|8001 710423|+79875201973|stepanov.a37@edu.univ.ru|2024|учится|контракт
4662|188|Лебедев|Александр|Андреевич|2004-03-24|1860 759496|+79530306670|lebedev.a26@edu.univ.ru|2024|учится|контракт
4663|188|Павлов|Илья|Александрович|2007-10-01|1450 250326|+79728704193|pavlov.i95@edu.univ.ru|2024|учится|контракт
4664|188|Смирнов|Михаил|Ильич|2006-07-27|7928 328225|+79278998800|smirnov.m50@edu.univ.ru|2024|академ|контракт
4665|189|Михайлова|София|Михайловна|2007-06-10|8514 183380|+79157342107|mihaylova.s47@edu.univ.ru|2024|учится|контракт
4666|189|Смирнова|Юлия|Александровна|2006-03-01|1384 495335|+79167155704|smirnova.y61@edu.univ.ru|2024|учится|бюджет
4667|189|Макаров|Роман|Михайлович|2006-10-20|6721 239867|+79872284983|makarov.r70@edu.univ.ru|2024|учится|бюджет
4668|189|Павлова|Юлия|Романовна|2007-10-05|1822 955774|+79950664059|pavlova.y14@edu.univ.ru|2024|учится|бюджет
4669|189|Петрова|Мария|Максимовна|2004-01-22|3403 308217|+79222291267|petrova.m19@edu.univ.ru|2024|учится|бюджет
4670|189|Васильева|Анна|Кирилловна|2006-06-27|7551 566424|+79895067642|vasileva.a93@edu.univ.ru|2024|отчислен|бюджет
4671|189|Егоров|Егор|Ильич|2007-04-21|6145 542779|+79888177013|egorov.e96@edu.univ.ru|2024|учится|бюджет
4672|189|Андреева|Ксения|Андреевна|2005-07-02|4765 984150|+79902228564|andreeva.k26@edu.univ.ru|2024|учится|бюджет
4673|189|Лебедева|Марина|Ивановна|2004-11-11|7873 342250|+79817646907|lebedeva.m57@edu.univ.ru|2024|академ|контракт
4674|189|Новикова|Анна|Ивановна|2007-08-09|7643 430706|+79130837543|novikova.a86@edu.univ.ru|2024|учится|бюджет
4675|189|Смирнова|Татьяна|Александровна|2004-03-14|6407 791169|+79003980319|smirnova.t70@edu.univ.ru|2024|учится|бюджет
4676|189|Новиков|Кирилл|Михайлович|2006-05-10|1474 135876|+79065691674|novikov.k94@edu.univ.ru|2024|учится|контракт
4677|189|Никитина|Мария|Ильинична|2007-05-12|6633 544617|+79089464802|nikitina.m61@edu.univ.ru|2024|учится|бюджет
4678|189|Михайлов|Денис|Алексеевич|2007-07-18|9369 734609|+79968930108|mihaylov.d24@edu.univ.ru|2024|учится|контракт
4679|189|Кузнецов|Арсений|Артёмович|2006-08-23|7633 480079|+79100660795|kuznecov.a37@edu.univ.ru|2024|учится|контракт
4680|189|Николаев|Иван|Кириллович|2005-07-04|5379 655390|+79093211820|nikolaev.i89@edu.univ.ru|2024|учится|бюджет
4681|189|Васильев|Андрей|Андреевич|2007-06-21|9834 334519|+79581380139|vasilev.a47@edu.univ.ru|2024|учится|контракт
4682|189|Орлова|Татьяна|Андреевна|2007-10-06|3575 742354|+79029208988|orlova.t96@edu.univ.ru|2024|учится|контракт
4683|189|Волков|Никита|Иванович|2004-05-22|5652 787540|+79166477633|volkov.n35@edu.univ.ru|2024|учится|контракт
4684|189|Николаев|Сергей|Иванович|2007-12-19|9677 433960|+79026386464|nikolaev.s80@edu.univ.ru|2024|учится|бюджет
4685|189|Васильев|Иван|Андреевич|2007-08-06|1748 982695|+79796197857|vasilev.i59@edu.univ.ru|2024|учится|бюджет
4686|189|Андреева|Полина|Артёмовна|2005-07-04|3043 487821|+79448600787|andreeva.p86@edu.univ.ru|2024|учится|контракт
4687|189|Петрова|Анастасия|Ильинична|2007-07-09|3856 285066|+79505928617|petrova.a32@edu.univ.ru|2024|учится|контракт
4688|189|Никитин|Матвей|Иванович|2006-06-02|2354 938769|+79381203198|nikitin.m29@edu.univ.ru|2024|учится|бюджет
4689|189|Соколов|Илья|Кириллович|2007-08-22|3314 752956|+79878542801|sokolov.i98@edu.univ.ru|2024|учится|контракт
4690|189|Павлов|Александр|Романович|2005-03-24|5622 951670|+79900965937|pavlov.a46@edu.univ.ru|2024|учится|бюджет
4691|189|Никитина|Елизавета|Артёмовна|2004-11-26|6278 957537|+79674108067|nikitina.e19@edu.univ.ru|2024|учится|контракт
4692|189|Павлов|Матвей|Алексеевич|2005-01-14|3793 590077|+79439656012|pavlov.m87@edu.univ.ru|2024|учится|бюджет
4693|189|Алексеев|Арсений|Кириллович|2006-05-08|4594 458954|+79168071001|alekseev.a99@edu.univ.ru|2024|учится|контракт
4694|189|Новикова|Екатерина|Михайловна|2005-10-09|8311 931004|+79050727732|novikova.e24@edu.univ.ru|2024|академ|бюджет
4695|189|Иванов|Михаил|Романович|2004-11-03|8845 782446|+79191427451|ivanov.m35@edu.univ.ru|2024|учится|контракт
4696|189|Егорова|Анастасия|Романовна|2006-02-03|1586 485992|+79257115214|egorova.a16@edu.univ.ru|2024|отчислен|бюджет
4697|189|Никитин|Денис|Ильич|2007-11-08|9487 400747|+79005521891|nikitin.d93@edu.univ.ru|2024|учится|бюджет
4698|189|Лебедева|Дарья|Александровна|2006-04-28|3277 855676|+79021242805|lebedeva.d12@edu.univ.ru|2024|академ|контракт
4699|189|Морозова|Ксения|Ильинична|2005-01-25|9178 288842|+79975518014|morozova.k58@edu.univ.ru|2024|учится|контракт
4700|189|Васильева|Полина|Александровна|2007-02-14|5204 396995|+79605102795|vasileva.p51@edu.univ.ru|2024|учится|бюджет
4701|189|Михайлов|Матвей|Романович|2006-09-04|8235 503464|+79083181416|mihaylov.m27@edu.univ.ru|2024|учится|контракт
4702|189|Петрова|Алиса|Ильинична|2004-02-11|4551 891784|+79013062695|petrova.a56@edu.univ.ru|2024|учится|бюджет
4703|190|Лебедев|Андрей|Алексеевич|2004-03-09|9546 374817|+79823798641|lebedev.a57@edu.univ.ru|2024|отчислен|бюджет
4704|190|Козлов|Иван|Дмитриевич|2004-04-23|2651 282833|+79492144689|kozlov.i48@edu.univ.ru|2024|учится|бюджет
4705|190|Семёнов|Матвей|Андреевич|2005-03-03|1476 139699|+79064158284|semenov.m29@edu.univ.ru|2024|отчислен|бюджет
4706|190|Попов|Денис|Максимович|2007-02-07|4509 109126|+79503872126|popov.d33@edu.univ.ru|2024|учится|бюджет
4707|190|Иванов|Арсений|Михайлович|2005-08-09|5657 963998|+79608550633|ivanov.a11@edu.univ.ru|2024|отчислен|бюджет
4708|190|Фёдорова|Марина|Романовна|2004-09-03|8536 790148|+79829752386|fedorova.m58@edu.univ.ru|2024|академ|контракт
4709|190|Козлов|Дмитрий|Кириллович|2007-03-23|4542 193181|+79647282073|kozlov.d52@edu.univ.ru|2024|отчислен|бюджет
4710|190|Егорова|Екатерина|Александровна|2004-10-12|6638 469979|+79621985404|egorova.e56@edu.univ.ru|2024|учится|бюджет
4711|190|Иванов|Матвей|Ильич|2007-05-22|8603 375885|+79246289771|ivanov.m71@edu.univ.ru|2024|учится|бюджет
4712|190|Егоров|Матвей|Романович|2004-02-07|8285 799808|+79307737372|egorov.m64@edu.univ.ru|2024|учится|бюджет
4713|190|Волкова|Ксения|Александровна|2005-01-23|5061 992741|+79702404557|volkova.k89@edu.univ.ru|2024|учится|бюджет
4714|190|Егорова|Дарья|Артёмовна|2005-04-05|8894 566948|+79442237161|egorova.d39@edu.univ.ru|2024|учится|контракт
4715|190|Козлова|Юлия|Кирилловна|2007-04-13|2476 648526|+79887954416|kozlova.y30@edu.univ.ru|2024|отчислен|контракт
4716|190|Волкова|Екатерина|Дмитриевна|2005-11-18|7532 260893|+79733243361|volkova.e40@edu.univ.ru|2024|учится|бюджет
4717|190|Новикова|Елизавета|Ильинична|2004-12-08|6877 135464|+79926918089|novikova.e75@edu.univ.ru|2024|учится|контракт
4718|190|Морозова|Полина|Максимовна|2007-10-22|1658 738357|+79816476577|morozova.p59@edu.univ.ru|2024|отчислен|бюджет
4719|190|Козлова|Виктория|Кирилловна|2005-03-23|2238 300839|+79137949062|kozlova.v43@edu.univ.ru|2024|академ|бюджет
4720|190|Егоров|Андрей|Сергеевич|2005-04-26|2949 989914|+79584384132|egorov.a15@edu.univ.ru|2024|учится|бюджет
4721|190|Макаров|Александр|Дмитриевич|2005-11-25|7654 361526|+79323712499|makarov.a61@edu.univ.ru|2024|отчислен|бюджет
4722|190|Макаров|Кирилл|Романович|2005-03-21|1286 399272|+79536844032|makarov.k86@edu.univ.ru|2024|академ|бюджет
4723|190|Орлова|Татьяна|Ивановна|2006-02-13|1911 599468|+79666108072|orlova.t60@edu.univ.ru|2024|учится|контракт
4724|190|Лебедев|Александр|Андреевич|2006-04-16|3000 572861|+79835292533|lebedev.a41@edu.univ.ru|2024|учится|бюджет
4725|190|Кузнецова|Екатерина|Кирилловна|2006-03-21|6352 453688|+79607780809|kuznecova.e19@edu.univ.ru|2024|учится|бюджет
4726|190|Алексеев|Никита|Максимович|2006-03-10|8270 567217|+79837584081|alekseev.n13@edu.univ.ru|2024|учится|бюджет
4727|190|Петрова|Татьяна|Александровна|2006-11-20|8895 393612|+79060005648|petrova.t63@edu.univ.ru|2024|учится|бюджет
4728|190|Кузнецова|Екатерина|Михайловна|2006-05-08|1447 551389|+79853613846|kuznecova.e55@edu.univ.ru|2024|учится|бюджет
4729|190|Никитина|Наталья|Алексеевна|2005-04-19|8417 404000|+79166531907|nikitina.n99@edu.univ.ru|2024|учится|бюджет
4730|190|Смирнова|Дарья|Михайловна|2007-05-07|9505 281074|+79069117592|smirnova.d42@edu.univ.ru|2024|академ|бюджет
4731|190|Макаров|Артём|Кириллович|2004-08-26|4641 341654|+79167939742|makarov.a92@edu.univ.ru|2024|учится|контракт
4732|190|Морозов|Денис|Андреевич|2006-09-15|2007 742311|+79082736382|morozov.d27@edu.univ.ru|2024|учится|контракт
4733|190|Павлов|Дмитрий|Иванович|2007-04-18|5786 621783|+79515460919|pavlov.d10@edu.univ.ru|2024|учится|бюджет
4734|190|Семёнова|Дарья|Александровна|2004-12-07|1881 335626|+79280016388|semenova.d73@edu.univ.ru|2024|отчислен|контракт
4735|190|Соколов|Максим|Романович|2006-10-09|1643 799713|+79196053141|sokolov.m58@edu.univ.ru|2024|учится|контракт
4736|190|Козлова|Елизавета|Ивановна|2006-05-16|3539 908860|+79829263158|kozlova.e42@edu.univ.ru|2024|учится|контракт
4737|190|Петров|Никита|Кириллович|2007-09-26|7957 670310|+79472446801|petrov.n64@edu.univ.ru|2024|учится|бюджет
4738|190|Васильев|Егор|Ильич|2007-08-08|7398 814929|+79149501387|vasilev.e46@edu.univ.ru|2024|учится|бюджет
4739|190|Фёдорова|Анастасия|Максимовна|2007-04-25|6087 104186|+79256573711|fedorova.a81@edu.univ.ru|2024|академ|бюджет
4740|190|Попов|Матвей|Максимович|2006-08-13|9999 982666|+79937020554|popov.m79@edu.univ.ru|2024|учится|контракт
4741|191|Николаева|Анастасия|Андреевна|2005-06-02|1335 976089|+79832273660|nikolaeva.a12@edu.univ.ru|2023|учится|контракт
4742|191|Иванов|Михаил|Кириллович|2003-01-05|4675 689767|+79713695083|ivanov.m24@edu.univ.ru|2023|учится|бюджет
4743|191|Новикова|Алиса|Ивановна|2006-04-23|4264 342484|+79853439918|novikova.a41@edu.univ.ru|2023|учится|бюджет
4744|191|Козлов|Максим|Александрович|2005-07-04|5830 198176|+79933071049|kozlov.m99@edu.univ.ru|2023|учится|бюджет
4745|191|Никитин|Александр|Ильич|2003-06-04|1548 856124|+79592919274|nikitin.a31@edu.univ.ru|2023|учится|бюджет
4746|191|Новикова|Юлия|Михайловна|2004-01-04|8545 323667|+79091773771|novikova.y27@edu.univ.ru|2023|учится|бюджет
4747|191|Иванов|Дмитрий|Андреевич|2006-06-25|9445 684938|+79326725474|ivanov.d30@edu.univ.ru|2023|учится|бюджет
4748|191|Новиков|Илья|Александрович|2005-12-07|3148 104291|+79359986868|novikov.i94@edu.univ.ru|2023|учится|контракт
4749|191|Петрова|Анастасия|Александровна|2006-04-16|1607 319452|+79268221780|petrova.a55@edu.univ.ru|2023|учится|бюджет
4750|191|Козлов|Максим|Ильич|2006-04-10|5497 794149|+79973247045|kozlov.m59@edu.univ.ru|2023|учится|контракт
4751|191|Лебедева|Наталья|Артёмовна|2005-12-28|9018 398912|+79042687351|lebedeva.n39@edu.univ.ru|2023|учится|бюджет
4752|191|Васильева|Марина|Ильинична|2005-01-16|6365 881538|+79013000386|vasileva.m83@edu.univ.ru|2023|академ|контракт
4753|191|Степанов|Кирилл|Максимович|2004-08-21|1164 834586|+79122521290|stepanov.k51@edu.univ.ru|2023|учится|бюджет
4754|191|Попов|Сергей|Александрович|2006-08-09|8170 881585|+79871605875|popov.s46@edu.univ.ru|2023|учится|бюджет
4755|191|Никитин|Денис|Ильич|2005-09-08|4320 984226|+79995516519|nikitin.d95@edu.univ.ru|2023|учится|бюджет
4756|191|Волкова|Татьяна|Сергеевна|2004-10-25|5372 889675|+79252463831|volkova.t15@edu.univ.ru|2023|учится|бюджет
4757|191|Семёнова|Анастасия|Алексеевна|2004-09-23|4592 240410|+79998078849|semenova.a77@edu.univ.ru|2023|учится|контракт
4758|191|Павлова|Татьяна|Александровна|2004-09-04|3808 114707|+79640587072|pavlova.t16@edu.univ.ru|2023|учится|бюджет
4759|191|Никитина|Ольга|Сергеевна|2003-03-04|5380 296725|+79363845659|nikitina.o47@edu.univ.ru|2023|учится|бюджет
4760|191|Павлова|Анастасия|Михайловна|2005-05-02|2858 768390|+79993521320|pavlova.a27@edu.univ.ru|2023|учится|контракт
4761|191|Попов|Сергей|Романович|2003-11-15|9709 247285|+79919555136|popov.s39@edu.univ.ru|2023|учится|контракт
4762|191|Николаев|Егор|Андреевич|2005-05-20|4729 451534|+79299657304|nikolaev.e95@edu.univ.ru|2023|учится|бюджет
4763|191|Кузнецов|Матвей|Кириллович|2006-08-13|8971 561096|+79644386873|kuznecov.m87@edu.univ.ru|2023|учится|контракт
4764|191|Соколова|Виктория|Романовна|2006-12-09|1591 726598|+79972280510|sokolova.v87@edu.univ.ru|2023|учится|бюджет
4765|191|Иванов|Илья|Иванович|2005-05-18|9838 623530|+79964922108|ivanov.i70@edu.univ.ru|2023|отчислен|бюджет
4766|191|Макарова|Юлия|Ивановна|2005-07-08|7863 274439|+79434727814|makarova.y41@edu.univ.ru|2023|учится|контракт
4767|191|Степанова|Екатерина|Александровна|2003-01-22|5367 886357|+79831692892|stepanova.e94@edu.univ.ru|2023|отчислен|бюджет
4768|191|Лебедева|София|Александровна|2003-03-17|1749 641501|+79063476496|lebedeva.s99@edu.univ.ru|2023|учится|бюджет
4769|191|Алексеев|Илья|Ильич|2005-05-18|3325 617025|+79803856472|alekseev.i26@edu.univ.ru|2023|учится|бюджет
4770|191|Новикова|Ольга|Алексеевна|2004-01-28|8199 958125|+79396533145|novikova.o94@edu.univ.ru|2023|учится|контракт
4771|191|Егоров|Андрей|Дмитриевич|2006-06-23|7465 297106|+79319298957|egorov.a84@edu.univ.ru|2023|учится|бюджет
4772|191|Павлова|Юлия|Александровна|2003-03-19|4060 572174|+79909798431|pavlova.y59@edu.univ.ru|2023|учится|бюджет
4773|191|Павлова|Ксения|Ивановна|2006-07-27|2724 254334|+79851772784|pavlova.k67@edu.univ.ru|2023|отчислен|бюджет
4774|192|Семёнов|Денис|Андреевич|2005-09-23|6635 228707|+79566198861|semenov.d98@edu.univ.ru|2023|учится|бюджет
4775|192|Семёнова|Татьяна|Кирилловна|2005-08-07|4695 343899|+79193423248|semenova.t44@edu.univ.ru|2023|отчислен|контракт
4776|192|Петров|Матвей|Кириллович|2006-05-25|7156 666413|+79311712207|petrov.m23@edu.univ.ru|2023|учится|контракт
4777|192|Васильева|Наталья|Ивановна|2003-10-03|2900 437182|+79707795856|vasileva.n32@edu.univ.ru|2023|учится|бюджет
4778|192|Новикова|Виктория|Андреевна|2005-06-12|8327 491147|+79912194144|novikova.v36@edu.univ.ru|2023|учится|контракт
4779|192|Петрова|Юлия|Александровна|2004-02-02|2487 430635|+79961770787|petrova.y79@edu.univ.ru|2023|учится|контракт
4780|192|Степанова|Мария|Кирилловна|2005-09-10|9793 916319|+79562273967|stepanova.m34@edu.univ.ru|2023|учится|бюджет
4781|192|Егоров|Илья|Андреевич|2003-07-07|3889 850215|+79138596381|egorov.i20@edu.univ.ru|2023|выпущен|бюджет
4782|192|Иванов|Дмитрий|Максимович|2004-07-25|9339 171823|+79102611165|ivanov.d28@edu.univ.ru|2023|учится|бюджет
4783|192|Иванов|Никита|Дмитриевич|2004-06-15|1338 509218|+79854828204|ivanov.n55@edu.univ.ru|2023|учится|бюджет
4784|192|Козлов|Егор|Михайлович|2003-01-11|3069 631532|+79972504169|kozlov.e68@edu.univ.ru|2023|учится|бюджет
4785|192|Егоров|Никита|Максимович|2004-07-25|9371 442838|+79643842118|egorov.n79@edu.univ.ru|2023|отчислен|бюджет
4786|192|Соколов|Иван|Кириллович|2004-01-12|4228 553325|+79124161805|sokolov.i29@edu.univ.ru|2023|учится|контракт
4787|192|Фёдорова|Анна|Кирилловна|2003-10-08|5499 798231|+79625730111|fedorova.a79@edu.univ.ru|2023|учится|бюджет
4788|192|Петров|Егор|Максимович|2004-11-04|9141 512788|+79169545096|petrov.e12@edu.univ.ru|2023|учится|бюджет
4789|192|Андреева|Полина|Артёмовна|2006-12-14|8304 774398|+79540060037|andreeva.p91@edu.univ.ru|2023|отчислен|контракт
4790|192|Степанов|Кирилл|Артёмович|2005-09-12|6348 776065|+79557491538|stepanov.k46@edu.univ.ru|2023|учится|бюджет
4791|192|Михайлова|Полина|Алексеевна|2006-10-10|7070 882447|+79147651589|mihaylova.p85@edu.univ.ru|2023|отчислен|бюджет
4792|192|Лебедева|Марина|Дмитриевна|2005-01-26|2700 801663|+79652737743|lebedeva.m76@edu.univ.ru|2023|учится|бюджет
4793|192|Семёнов|Артём|Кириллович|2005-03-25|2400 212187|+79170047581|semenov.a88@edu.univ.ru|2023|учится|бюджет
4794|192|Морозова|Татьяна|Александровна|2004-09-17|9500 904721|+79460397164|morozova.t19@edu.univ.ru|2023|учится|контракт
4795|192|Алексеева|Татьяна|Кирилловна|2006-07-21|3265 105709|+79625149224|alekseeva.t68@edu.univ.ru|2023|учится|бюджет
4796|192|Соколов|Максим|Максимович|2003-05-22|5909 489907|+79026922667|sokolov.m35@edu.univ.ru|2023|учится|бюджет
4797|192|Лебедев|Андрей|Сергеевич|2006-12-19|8577 666157|+79946868681|lebedev.a14@edu.univ.ru|2023|учится|контракт
4798|192|Васильев|Никита|Андреевич|2006-10-03|1105 242517|+79250055486|vasilev.n63@edu.univ.ru|2023|учится|бюджет
4799|192|Никитина|София|Ильинична|2003-01-23|7535 602279|+79769371078|nikitina.s81@edu.univ.ru|2023|учится|бюджет
4800|192|Волков|Егор|Ильич|2006-03-13|8234 880180|+79489505210|volkov.e42@edu.univ.ru|2023|учится|бюджет
4801|192|Фёдорова|Марина|Андреевна|2004-01-18|7940 554297|+79749640825|fedorova.m82@edu.univ.ru|2023|учится|бюджет
4802|192|Васильева|Дарья|Сергеевна|2006-05-14|2039 519671|+79546379529|vasileva.d49@edu.univ.ru|2023|учится|бюджет
4803|192|Алексеев|Никита|Артёмович|2004-10-24|5546 729514|+79611022462|alekseev.n91@edu.univ.ru|2023|учится|бюджет
4804|192|Алексеева|Анна|Андреевна|2005-01-23|1124 614091|+79459211900|alekseeva.a99@edu.univ.ru|2023|учится|контракт
4805|193|Семёнова|Анастасия|Сергеевна|2005-12-26|4598 119398|+79018011587|semenova.a36@edu.univ.ru|2023|учится|контракт
4806|193|Козлов|Никита|Сергеевич|2006-02-11|1174 769096|+79656623298|kozlov.n61@edu.univ.ru|2023|учится|бюджет
4807|193|Николаев|Михаил|Александрович|2003-10-14|6201 401584|+79218708502|nikolaev.m67@edu.univ.ru|2023|учится|контракт
4808|193|Васильев|Роман|Иванович|2003-04-14|1047 864548|+79890591223|vasilev.r77@edu.univ.ru|2023|учится|контракт
4809|193|Петров|Арсений|Александрович|2003-02-16|1449 328089|+79235893063|petrov.a35@edu.univ.ru|2023|учится|бюджет
4810|193|Петров|Иван|Кириллович|2003-05-19|4413 890052|+79289942433|petrov.i37@edu.univ.ru|2023|учится|бюджет
4811|193|Васильева|Екатерина|Андреевна|2005-06-05|1699 357911|+79244432180|vasileva.e22@edu.univ.ru|2023|учится|бюджет
4812|193|Лебедева|Юлия|Максимовна|2005-04-16|7741 199706|+79624853831|lebedeva.y88@edu.univ.ru|2023|отчислен|бюджет
4813|193|Фёдорова|Ксения|Максимовна|2006-07-05|5986 172967|+79122174954|fedorova.k54@edu.univ.ru|2023|академ|контракт
4814|193|Макаров|Илья|Максимович|2004-09-27|6785 432735|+79709002810|makarov.i54@edu.univ.ru|2023|учится|бюджет
4815|193|Михайлова|Полина|Михайловна|2005-06-23|1538 620811|+79780618591|mihaylova.p85@edu.univ.ru|2023|учится|контракт
4816|193|Егорова|Екатерина|Романовна|2005-07-09|7485 548694|+79922442890|egorova.e54@edu.univ.ru|2023|учится|бюджет
4817|193|Петрова|Марина|Дмитриевна|2006-02-22|4190 253592|+79520791659|petrova.m59@edu.univ.ru|2023|отчислен|бюджет
4818|193|Соколова|Юлия|Ильинична|2004-03-13|3224 527354|+79863472544|sokolova.y81@edu.univ.ru|2023|учится|контракт
4819|193|Морозова|Ольга|Ильинична|2003-02-03|2132 890279|+79872017799|morozova.o28@edu.univ.ru|2023|учится|контракт
4820|193|Михайлов|Матвей|Дмитриевич|2005-05-09|3230 506730|+79967733508|mihaylov.m98@edu.univ.ru|2023|учится|бюджет
4821|193|Лебедев|Кирилл|Артёмович|2004-02-04|3901 577561|+79092302603|lebedev.k87@edu.univ.ru|2023|учится|бюджет
4822|193|Степанов|Сергей|Алексеевич|2004-09-11|3183 897715|+79674690174|stepanov.s40@edu.univ.ru|2023|учится|контракт
4823|193|Егорова|Мария|Романовна|2004-05-25|7739 679886|+79877645923|egorova.m98@edu.univ.ru|2023|учится|бюджет
4824|193|Алексеева|Алиса|Артёмовна|2006-10-06|7581 323893|+79353294467|alekseeva.a86@edu.univ.ru|2023|учится|бюджет
4825|193|Петрова|Полина|Дмитриевна|2006-07-11|7717 361722|+79075869831|petrova.p36@edu.univ.ru|2023|учится|бюджет
4826|193|Павлова|Алиса|Александровна|2003-08-08|6058 766416|+79792565681|pavlova.a36@edu.univ.ru|2023|учится|контракт
4827|193|Андреева|Виктория|Андреевна|2004-06-20|6439 969526|+79683705250|andreeva.v68@edu.univ.ru|2023|учится|бюджет
4828|193|Орлова|Марина|Ивановна|2005-02-14|7224 606990|+79779474369|orlova.m55@edu.univ.ru|2023|учится|бюджет
4829|193|Попова|Анастасия|Ивановна|2003-07-23|5872 276195|+79870943242|popova.a70@edu.univ.ru|2023|учится|бюджет
4830|193|Морозов|Андрей|Дмитриевич|2003-12-23|3738 328521|+79775172911|morozov.a29@edu.univ.ru|2023|учится|бюджет
4831|193|Кузнецова|Елизавета|Романовна|2003-03-08|1424 141255|+79202942729|kuznecova.e46@edu.univ.ru|2023|учится|контракт
4832|193|Кузнецова|Ксения|Сергеевна|2006-05-13|3857 106852|+79703828488|kuznecova.k72@edu.univ.ru|2023|учится|контракт
4833|193|Петрова|Мария|Романовна|2004-10-06|3931 737698|+79809837103|petrova.m46@edu.univ.ru|2023|отчислен|контракт
4834|193|Морозов|Илья|Михайлович|2005-10-21|4780 388333|+79318938742|morozov.i50@edu.univ.ru|2023|учится|контракт
4835|193|Степанов|Арсений|Кириллович|2004-11-24|5714 679314|+79431872963|stepanov.a99@edu.univ.ru|2023|учится|контракт
4836|193|Кузнецов|Дмитрий|Сергеевич|2005-09-24|9312 772458|+79342480022|kuznecov.d65@edu.univ.ru|2023|учится|бюджет
4837|193|Павлов|Денис|Кириллович|2005-05-12|9748 297764|+79661720745|pavlov.d15@edu.univ.ru|2023|учится|бюджет
4838|193|Морозов|Алексей|Ильич|2004-05-03|8831 118691|+79239199640|morozov.a33@edu.univ.ru|2023|учится|контракт
4839|193|Павлов|Никита|Артёмович|2003-02-27|4795 421687|+79066689669|pavlov.n12@edu.univ.ru|2023|учится|бюджет
4840|193|Егорова|Алиса|Михайловна|2004-10-01|5918 595701|+79752909259|egorova.a34@edu.univ.ru|2023|учится|контракт
4841|193|Новикова|Марина|Кирилловна|2006-05-16|9758 219802|+79465627708|novikova.m58@edu.univ.ru|2023|учится|бюджет
4842|193|Николаев|Сергей|Сергеевич|2004-02-19|4145 367027|+79202928930|nikolaev.s96@edu.univ.ru|2023|учится|бюджет
4843|193|Михайлова|Наталья|Романовна|2005-01-08|1919 103537|+79924294877|mihaylova.n89@edu.univ.ru|2023|учится|контракт
4844|193|Андреев|Артём|Артёмович|2006-01-07|5718 369183|+79548279388|andreev.a57@edu.univ.ru|2023|учится|бюджет
4845|193|Макаров|Иван|Дмитриевич|2005-12-10|7324 424936|+79388621694|makarov.i52@edu.univ.ru|2023|учится|контракт
4846|193|Никитин|Никита|Михайлович|2003-10-12|8682 858452|+79725419160|nikitin.n80@edu.univ.ru|2023|отчислен|бюджет
4847|194|Кузнецова|Татьяна|Ивановна|2006-12-28|3770 380140|+79594963852|kuznecova.t92@edu.univ.ru|2023|учится|контракт
4848|194|Семёнов|Сергей|Романович|2004-09-19|8413 343066|+79622380813|semenov.s35@edu.univ.ru|2023|учится|контракт
4849|194|Никитина|София|Сергеевна|2003-09-01|7955 328200|+79009199399|nikitina.s66@edu.univ.ru|2023|учится|бюджет
4850|194|Алексеева|Виктория|Дмитриевна|2004-10-27|7282 337396|+79371426535|alekseeva.v19@edu.univ.ru|2023|учится|контракт
4851|194|Орлов|Михаил|Александрович|2006-12-03|3217 477903|+79578011162|orlov.m27@edu.univ.ru|2023|учится|контракт
4852|194|Макаров|Дмитрий|Кириллович|2003-11-01|1931 280750|+79982458468|makarov.d95@edu.univ.ru|2023|учится|контракт
4853|194|Петрова|Ксения|Кирилловна|2004-05-13|9724 201550|+79666140895|petrova.k60@edu.univ.ru|2023|учится|контракт
4854|194|Смирнова|Полина|Романовна|2004-08-10|8475 372265|+79160140419|smirnova.p15@edu.univ.ru|2023|учится|бюджет
4855|194|Орлова|Мария|Романовна|2005-03-09|5500 731835|+79982194047|orlova.m82@edu.univ.ru|2023|отчислен|бюджет
4856|194|Новиков|Роман|Сергеевич|2005-08-15|5308 723981|+79166457312|novikov.r91@edu.univ.ru|2023|учится|контракт
4857|194|Морозова|Дарья|Дмитриевна|2004-09-23|8787 294193|+79284874401|morozova.d30@edu.univ.ru|2023|учится|бюджет
4858|194|Иванова|Юлия|Максимовна|2004-10-28|5833 541683|+79851030756|ivanova.y75@edu.univ.ru|2023|учится|бюджет
4859|194|Фёдорова|Анна|Андреевна|2005-01-04|7451 112065|+79782898236|fedorova.a76@edu.univ.ru|2023|учится|бюджет
4860|194|Егорова|Мария|Романовна|2003-09-10|6207 526501|+79459736740|egorova.m74@edu.univ.ru|2023|учится|контракт
4861|194|Андреева|Юлия|Кирилловна|2004-04-08|7855 386255|+79784191537|andreeva.y91@edu.univ.ru|2023|учится|контракт
4862|194|Павлова|Марина|Ильинична|2004-07-28|6394 681347|+79511732975|pavlova.m71@edu.univ.ru|2023|учится|бюджет
4863|194|Лебедева|Виктория|Сергеевна|2005-10-22|7156 497088|+79018863538|lebedeva.v49@edu.univ.ru|2023|отчислен|бюджет
4864|194|Орлова|Алиса|Максимовна|2003-08-07|5363 570701|+79643361731|orlova.a42@edu.univ.ru|2023|учится|бюджет
4865|194|Орлова|Ольга|Дмитриевна|2005-01-20|7220 219970|+79492111559|orlova.o33@edu.univ.ru|2023|учится|бюджет
4866|194|Никитин|Сергей|Александрович|2006-11-02|6278 538139|+79142748462|nikitin.s74@edu.univ.ru|2023|учится|бюджет
4867|194|Соколова|Елизавета|Александровна|2005-09-25|9285 682040|+79471325429|sokolova.e44@edu.univ.ru|2023|отчислен|бюджет
4868|194|Иванов|Артём|Кириллович|2003-02-10|7442 110552|+79214599715|ivanov.a45@edu.univ.ru|2023|учится|бюджет
4869|194|Михайлов|Егор|Михайлович|2006-11-18|4516 214607|+79997428822|mihaylov.e30@edu.univ.ru|2023|учится|бюджет
4870|194|Павлов|Андрей|Дмитриевич|2003-12-09|3634 407477|+79530837174|pavlov.a40@edu.univ.ru|2023|учится|бюджет
4871|194|Волков|Иван|Кириллович|2005-07-10|1794 849568|+79125092947|volkov.i88@edu.univ.ru|2023|отчислен|бюджет
4872|194|Кузнецов|Илья|Иванович|2006-02-16|6782 267940|+79251103539|kuznecov.i53@edu.univ.ru|2023|учится|бюджет
4873|194|Орлова|Наталья|Александровна|2004-06-18|8479 996238|+79460411045|orlova.n55@edu.univ.ru|2023|учится|бюджет
4874|194|Волков|Максим|Сергеевич|2006-05-07|9978 950294|+79435337143|volkov.m42@edu.univ.ru|2023|учится|бюджет
4875|194|Фёдорова|Юлия|Ивановна|2004-04-24|9838 773423|+79533355702|fedorova.y82@edu.univ.ru|2023|учится|бюджет
4876|194|Кузнецов|Матвей|Михайлович|2005-06-14|5596 931279|+79502067439|kuznecov.m89@edu.univ.ru|2023|учится|бюджет
4877|195|Андреев|Егор|Алексеевич|2005-01-02|6544 784357|+79187295439|andreev.e42@edu.univ.ru|2022|учится|контракт
4878|195|Фёдоров|Артём|Алексеевич|2003-06-09|8215 448179|+79204087330|fedorov.a39@edu.univ.ru|2022|учится|бюджет
4879|195|Николаева|Елизавета|Александровна|2005-09-25|5710 680316|+79621157307|nikolaeva.e26@edu.univ.ru|2022|учится|бюджет
4880|195|Попова|Мария|Ивановна|2005-01-19|9784 161769|+79520557616|popova.m37@edu.univ.ru|2022|учится|контракт
4881|195|Попова|Алиса|Андреевна|2003-12-21|6129 590853|+79912891616|popova.a63@edu.univ.ru|2022|отчислен|контракт
4882|195|Смирнова|Елизавета|Михайловна|2004-10-26|1949 395095|+79578801842|smirnova.e36@edu.univ.ru|2022|учится|контракт
4883|195|Семёнова|Юлия|Ильинична|2005-02-09|3455 390161|+79039423820|semenova.y70@edu.univ.ru|2022|учится|контракт
4884|195|Волкова|Ольга|Романовна|2004-11-10|1000 545393|+79975478852|volkova.o62@edu.univ.ru|2022|академ|контракт
4885|195|Иванов|Никита|Максимович|2004-06-27|9745 386490|+79732902139|ivanov.n67@edu.univ.ru|2022|учится|бюджет
4886|195|Семёнова|Татьяна|Дмитриевна|2004-03-05|3798 822962|+79514422094|semenova.t84@edu.univ.ru|2022|отчислен|бюджет
4887|195|Никитин|Роман|Максимович|2002-04-17|8087 381175|+79332103277|nikitin.r40@edu.univ.ru|2022|учится|бюджет
4888|195|Николаева|Виктория|Кирилловна|2005-06-02|8946 619434|+79702028847|nikolaeva.v15@edu.univ.ru|2022|учится|бюджет
4889|195|Васильева|Ольга|Кирилловна|2002-12-07|4477 739497|+79773616493|vasileva.o72@edu.univ.ru|2022|учится|бюджет
4890|195|Андреева|Ксения|Алексеевна|2005-08-09|5407 276511|+79036347887|andreeva.k15@edu.univ.ru|2022|учится|контракт
4891|195|Петрова|София|Сергеевна|2003-12-24|1335 381453|+79907576036|petrova.s94@edu.univ.ru|2022|учится|бюджет
4892|195|Новикова|Алиса|Андреевна|2005-11-23|9660 186376|+79094998494|novikova.a48@edu.univ.ru|2022|отчислен|бюджет
4893|195|Павлова|Елизавета|Андреевна|2002-05-23|7627 747249|+79914843990|pavlova.e73@edu.univ.ru|2022|учится|бюджет
4894|195|Фёдорова|Анна|Артёмовна|2005-08-24|4961 492036|+79593607787|fedorova.a79@edu.univ.ru|2022|учится|бюджет
4895|195|Новикова|Ксения|Кирилловна|2004-02-19|9960 278819|+79186824538|novikova.k30@edu.univ.ru|2022|учится|бюджет
4896|195|Павлов|Никита|Артёмович|2005-05-12|8685 752713|+79569602540|pavlov.n60@edu.univ.ru|2022|учится|контракт
4897|195|Попова|Анастасия|Александровна|2003-07-04|3876 802544|+79110771320|popova.a53@edu.univ.ru|2022|учится|контракт
4898|195|Смирнова|Ксения|Ильинична|2002-10-25|8657 802873|+79704063882|smirnova.k21@edu.univ.ru|2022|академ|бюджет
4899|195|Морозова|Наталья|Александровна|2003-01-05|2398 584161|+79645524545|morozova.n94@edu.univ.ru|2022|учится|контракт
4900|195|Смирнов|Алексей|Максимович|2003-01-16|5791 850227|+79320863826|smirnov.a69@edu.univ.ru|2022|учится|бюджет
4901|195|Соколова|Алиса|Дмитриевна|2004-01-15|4461 162096|+79948902993|sokolova.a88@edu.univ.ru|2022|учится|бюджет
4902|195|Николаев|Денис|Дмитриевич|2004-03-22|8571 831419|+79609204351|nikolaev.d53@edu.univ.ru|2022|учится|бюджет
4903|195|Николаева|Виктория|Александровна|2003-10-01|7299 925286|+79623954412|nikolaeva.v99@edu.univ.ru|2022|учится|контракт
4904|195|Степанова|Анна|Ивановна|2005-10-24|5766 111277|+79451470649|stepanova.a17@edu.univ.ru|2022|учится|контракт
4905|195|Фёдоров|Никита|Артёмович|2003-04-06|4632 895702|+79552867035|fedorov.n25@edu.univ.ru|2022|учится|бюджет
4906|195|Павлова|Мария|Артёмовна|2005-04-28|8217 117409|+79009696083|pavlova.m47@edu.univ.ru|2022|учится|бюджет
4907|195|Попова|Татьяна|Кирилловна|2002-05-07|7129 975828|+79805876444|popova.t83@edu.univ.ru|2022|учится|бюджет
4908|195|Семёнов|Илья|Сергеевич|2003-03-19|7878 762281|+79055197785|semenov.i97@edu.univ.ru|2022|учится|контракт
4909|195|Орлова|Ксения|Романовна|2004-04-07|4087 532464|+79709908729|orlova.k32@edu.univ.ru|2022|отчислен|контракт
4910|195|Степанова|Анастасия|Александровна|2002-01-20|5244 468606|+79192481451|stepanova.a59@edu.univ.ru|2022|учится|контракт
4911|196|Иванов|Кирилл|Михайлович|2005-11-07|3065 358014|+79654986311|ivanov.k92@edu.univ.ru|2022|учится|бюджет
4912|196|Семёнов|Никита|Романович|2002-02-22|4350 511245|+79316936466|semenov.n23@edu.univ.ru|2022|учится|бюджет
4913|196|Соколова|Ксения|Ивановна|2003-12-08|7792 378868|+79528121935|sokolova.k98@edu.univ.ru|2022|учится|бюджет
4914|196|Иванов|Кирилл|Михайлович|2002-08-15|7262 293559|+79225085241|ivanov.k40@edu.univ.ru|2022|учится|бюджет
4915|196|Фёдоров|Илья|Михайлович|2005-06-11|6255 720148|+79049048017|fedorov.i51@edu.univ.ru|2022|учится|бюджет
4916|196|Семёнов|Матвей|Кириллович|2004-11-09|9187 398069|+79538057048|semenov.m36@edu.univ.ru|2022|учится|контракт
4917|196|Макаров|Алексей|Романович|2005-01-26|9888 581136|+79255148074|makarov.a82@edu.univ.ru|2022|учится|контракт
4918|196|Николаев|Сергей|Андреевич|2004-02-23|5460 463168|+79212606582|nikolaev.s60@edu.univ.ru|2022|учится|бюджет
4919|196|Орлова|Юлия|Ивановна|2005-08-08|3763 270386|+79725469903|orlova.y42@edu.univ.ru|2022|учится|бюджет
4920|196|Семёнова|Татьяна|Сергеевна|2005-08-11|2687 478348|+79662406596|semenova.t63@edu.univ.ru|2022|учится|бюджет
4921|196|Фёдорова|Алиса|Романовна|2004-09-03|1572 556482|+79019122881|fedorova.a68@edu.univ.ru|2022|учится|бюджет
4922|196|Васильева|Юлия|Дмитриевна|2003-10-18|1157 798507|+79139665265|vasileva.y23@edu.univ.ru|2022|выпущен|контракт
4923|196|Соколова|Наталья|Михайловна|2004-02-08|9565 178691|+79903591557|sokolova.n22@edu.univ.ru|2022|отчислен|бюджет
4924|196|Попов|Артём|Александрович|2005-02-13|6545 116410|+79740003961|popov.a83@edu.univ.ru|2022|отчислен|бюджет
4925|196|Степанова|Марина|Ивановна|2005-08-04|2998 529029|+79803749887|stepanova.m57@edu.univ.ru|2022|учится|бюджет
4926|196|Фёдорова|София|Александровна|2004-03-15|5979 978897|+79793260499|fedorova.s99@edu.univ.ru|2022|учится|бюджет
4927|196|Макаров|Денис|Романович|2003-09-02|3199 913655|+79270492549|makarov.d98@edu.univ.ru|2022|учится|бюджет
4928|196|Морозов|Роман|Дмитриевич|2002-11-21|3077 755112|+79148340056|morozov.r17@edu.univ.ru|2022|учится|бюджет
4929|196|Кузнецов|Дмитрий|Иванович|2005-08-15|1941 601650|+79913759905|kuznecov.d69@edu.univ.ru|2022|учится|бюджет
4930|196|Смирнов|Роман|Ильич|2002-02-14|4639 980222|+79987891787|smirnov.r59@edu.univ.ru|2022|учится|бюджет
4931|196|Волков|Арсений|Романович|2004-07-15|5294 804836|+79804962652|volkov.a36@edu.univ.ru|2022|учится|бюджет
4932|196|Морозов|Егор|Дмитриевич|2002-08-06|1218 707424|+79877538002|morozov.e31@edu.univ.ru|2022|учится|контракт
4933|196|Михайлов|Роман|Михайлович|2003-04-04|3352 484295|+79448870242|mihaylov.r65@edu.univ.ru|2022|учится|бюджет
4934|196|Андреев|Денис|Иванович|2002-10-06|5857 260034|+79324378993|andreev.d21@edu.univ.ru|2022|учится|бюджет
4935|196|Смирнов|Сергей|Михайлович|2004-01-27|6239 986250|+79129171368|smirnov.s71@edu.univ.ru|2022|учится|бюджет
4936|196|Семёнова|Виктория|Кирилловна|2002-11-18|9201 712171|+79417152534|semenova.v88@edu.univ.ru|2022|учится|бюджет
4937|196|Никитин|Илья|Максимович|2003-05-17|5014 209829|+79978037968|nikitin.i55@edu.univ.ru|2022|учится|контракт
4938|196|Новикова|София|Ивановна|2002-08-23|6652 724848|+79024540532|novikova.s80@edu.univ.ru|2022|учится|контракт
4939|196|Николаев|Михаил|Александрович|2004-10-02|2771 588515|+79276657528|nikolaev.m48@edu.univ.ru|2022|учится|контракт
4940|196|Иванова|Мария|Александровна|2004-08-28|1828 408959|+79518766454|ivanova.m78@edu.univ.ru|2022|учится|контракт
4941|197|Андреева|Алиса|Андреевна|2002-10-08|4391 422991|+79230764766|andreeva.a43@edu.univ.ru|2022|учится|бюджет
4942|197|Алексеева|Ольга|Михайловна|2005-07-22|5738 801853|+79645855418|alekseeva.o72@edu.univ.ru|2022|учится|контракт
4943|197|Петров|Максим|Иванович|2005-12-12|7115 813115|+79608214290|petrov.m70@edu.univ.ru|2022|учится|бюджет
4944|197|Морозов|Денис|Александрович|2004-01-19|8179 874123|+79152164740|morozov.d56@edu.univ.ru|2022|учится|контракт
4945|197|Алексеев|Алексей|Александрович|2005-08-25|7113 179054|+79264372442|alekseev.a99@edu.univ.ru|2022|учится|бюджет
4946|197|Васильева|Анна|Ивановна|2004-12-03|1358 202989|+79483931737|vasileva.a71@edu.univ.ru|2022|учится|бюджет
4947|197|Смирнова|Дарья|Кирилловна|2005-05-02|8267 724638|+79509392802|smirnova.d41@edu.univ.ru|2022|учится|бюджет
4948|197|Лебедев|Артём|Иванович|2003-06-22|3689 311729|+79475501256|lebedev.a55@edu.univ.ru|2022|учится|контракт
4949|197|Лебедева|Алиса|Дмитриевна|2005-10-16|9977 572415|+79174213318|lebedeva.a50@edu.univ.ru|2022|учится|контракт
4950|197|Новикова|Юлия|Михайловна|2004-08-19|6768 149116|+79389731350|novikova.y12@edu.univ.ru|2022|учится|бюджет
4951|197|Николаева|Виктория|Алексеевна|2002-03-15|1102 332451|+79758045447|nikolaeva.v48@edu.univ.ru|2022|выпущен|бюджет
4952|197|Морозов|Денис|Сергеевич|2005-07-16|1025 162221|+79543987805|morozov.d52@edu.univ.ru|2022|учится|бюджет
4953|197|Соколова|Ксения|Алексеевна|2002-08-04|2116 552402|+79167635668|sokolova.k13@edu.univ.ru|2022|учится|контракт
4954|197|Николаева|Елизавета|Ивановна|2003-11-08|5881 155901|+79398839459|nikolaeva.e12@edu.univ.ru|2022|учится|бюджет
4955|197|Михайлов|Матвей|Артёмович|2005-11-09|4350 438513|+79466740266|mihaylov.m30@edu.univ.ru|2022|учится|бюджет
4956|197|Орлова|Алиса|Михайловна|2004-08-27|7318 722273|+79257958930|orlova.a66@edu.univ.ru|2022|учится|контракт
4957|197|Лебедева|Ксения|Кирилловна|2004-02-23|2469 455976|+79873862702|lebedeva.k98@edu.univ.ru|2022|учится|бюджет
4958|197|Новиков|Егор|Сергеевич|2005-09-03|1696 382289|+79951600889|novikov.e53@edu.univ.ru|2022|учится|бюджет
4959|197|Андреева|Марина|Ильинична|2002-11-09|5803 448587|+79635691306|andreeva.m87@edu.univ.ru|2022|учится|бюджет
4960|197|Васильев|Денис|Сергеевич|2003-08-04|8227 491760|+79267678264|vasilev.d66@edu.univ.ru|2022|учится|бюджет
4961|197|Кузнецова|Анастасия|Романовна|2004-01-25|5656 233201|+79868612446|kuznecova.a48@edu.univ.ru|2022|академ|бюджет
4962|197|Смирнова|Ольга|Артёмовна|2005-08-14|5176 155054|+79843163719|smirnova.o14@edu.univ.ru|2022|учится|бюджет
4963|197|Смирнов|Иван|Артёмович|2004-03-24|2473 132718|+79595837493|smirnov.i28@edu.univ.ru|2022|учится|бюджет
4964|197|Петрова|Наталья|Дмитриевна|2005-05-16|6021 996010|+79825649277|petrova.n88@edu.univ.ru|2022|учится|контракт
4965|197|Иванов|Роман|Ильич|2003-10-05|7311 530834|+79628332571|ivanov.r75@edu.univ.ru|2022|учится|контракт
4966|197|Андреева|Дарья|Дмитриевна|2004-06-23|4889 368071|+79503278275|andreeva.d84@edu.univ.ru|2022|учится|контракт
4967|197|Петрова|Наталья|Максимовна|2002-06-13|6217 532113|+79798551060|petrova.n59@edu.univ.ru|2022|учится|бюджет
4968|197|Фёдорова|Ольга|Максимовна|2005-05-28|3935 945706|+79070794624|fedorova.o45@edu.univ.ru|2022|учится|бюджет
4969|197|Никитин|Денис|Максимович|2004-01-26|5589 220223|+79783870845|nikitin.d26@edu.univ.ru|2022|академ|контракт
4970|197|Кузнецов|Михаил|Сергеевич|2002-11-11|5670 155938|+79224687137|kuznecov.m10@edu.univ.ru|2022|учится|контракт
4971|197|Семёнова|Ксения|Алексеевна|2005-11-14|8883 437737|+79552604539|semenova.k38@edu.univ.ru|2022|учится|контракт
4972|197|Попова|Елизавета|Ивановна|2003-12-14|8821 706192|+79071210393|popova.e10@edu.univ.ru|2022|отчислен|контракт
4973|197|Степанов|Иван|Сергеевич|2004-11-18|6043 998522|+79809721619|stepanov.i95@edu.univ.ru|2022|учится|бюджет
4974|197|Николаев|Денис|Максимович|2002-01-07|3726 986043|+79381730212|nikolaev.d79@edu.univ.ru|2022|учится|бюджет
4975|197|Петрова|Марина|Александровна|2003-08-12|5601 387831|+79250406504|petrova.m16@edu.univ.ru|2022|учится|бюджет
4976|197|Степанова|Алиса|Александровна|2004-07-11|2580 837944|+79755607224|stepanova.a26@edu.univ.ru|2022|учится|бюджет
4977|197|Смирнов|Кирилл|Сергеевич|2002-09-02|4296 119989|+79132745471|smirnov.k87@edu.univ.ru|2022|учится|бюджет
4978|197|Фёдорова|Марина|Романовна|2004-06-08|2530 641925|+79010714550|fedorova.m41@edu.univ.ru|2022|учится|контракт
4979|197|Алексеева|Виктория|Ильинична|2005-08-07|1395 899007|+79448291047|alekseeva.v72@edu.univ.ru|2022|учится|бюджет
4980|197|Никитина|Наталья|Ильинична|2004-03-28|7149 689212|+79370028511|nikitina.n17@edu.univ.ru|2022|учится|контракт
4981|197|Попов|Денис|Кириллович|2003-03-21|5576 128279|+79093206212|popov.d39@edu.univ.ru|2022|учится|контракт
